DATAFLOW,LAST UPDATE,freq,unit,indic_il,geo,TIME_PERIOD,OBS_VALUE,OBS_FLAG,CONF_STATUS
ESTAT:TPS00185(1.0),23/04/26 23:00:00,A,PC,SC102,AT,2014-01-01,9.3,,
ESTAT:TPS00185(1.0),23/04/26 23:00:00,A,PC,SC102,BE,2014-01-01,23.2,,
ESTAT:TPS00185(1.0),23/04/26 23:00:00,A,PC,SC102,BG,2014-01-01,1.1,,
ESTAT:TPS00185(1.0),23/04/26 23:00:00,A,PC,SC102,CH,2014-01-01,24.0,,
ESTAT:TPS00185(1.0),23/04/26 23:00:00,A,PC,SC102,CY,2014-01-01,5.2,,
ESTAT:TPS00185(1.0),23/04/26 23:00:00,A,PC,SC102,CZ,2014-01-01,2.6,,
ESTAT:TPS00185(1.0),23/04/26 23:00:00,A,PC,SC102,DE,2014-01-01,12.2,,
ESTAT:TPS00185(1.0),23/04/26 23:00:00,A,PC,SC102,DK,2014-01-01,6.0,,
ESTAT:TPS00185(1.0),23/04/26 23:00:00,A,PC,SC102,EA20,2014-01-01,14.0,,
ESTAT:TPS00185(1.0),23/04/26 23:00:00,A,PC,SC102,EE,2014-01-01,5.5,,
ESTAT:TPS00185(1.0),23/04/26 23:00:00,A,PC,SC102,EL,2014-01-01,5.5,,
ESTAT:TPS00185(1.0),23/04/26 23:00:00,A,PC,SC102,ES,2014-01-01,20.6,,
ESTAT:TPS00185(1.0),23/04/26 23:00:00,A,PC,SC102,EU27_2020,2014-01-01,11.7,,
ESTAT:TPS00185(1.0),23/04/26 23:00:00,A,PC,SC102,FI,2014-01-01,9.7,,
ESTAT:TPS00185(1.0),23/04/26 23:00:00,A,PC,SC102,FR,2014-01-01,13.7,,
ESTAT:TPS00185(1.0),23/04/26 23:00:00,A,PC,SC102,HR,2014-01-01,0.5,,
ESTAT:TPS00185(1.0),23/04/26 23:00:00,A,PC,SC102,HU,2014-01-01,5.8,,
ESTAT:TPS00185(1.0),23/04/26 23:00:00,A,PC,SC102,IE,2014-01-01,13.5,,
ESTAT:TPS00185(1.0),23/04/26 23:00:00,A,PC,SC102,IS,2014-01-01,1.0,,
ESTAT:TPS00185(1.0),23/04/26 23:00:00,A,PC,SC102,IT,2014-01-01,9.3,,
ESTAT:TPS00185(1.0),23/04/26 23:00:00,A,PC,SC102,LT,2014-01-01,6.2,,
ESTAT:TPS00185(1.0),23/04/26 23:00:00,A,PC,SC102,LU,2014-01-01,19.2,,
ESTAT:TPS00185(1.0),23/04/26 23:00:00,A,PC,SC102,LV,2014-01-01,1.4,,
ESTAT:TPS00185(1.0),23/04/26 23:00:00,A,PC,SC102,ME,2014-01-01,1.9,,
ESTAT:TPS00185(1.0),23/04/26 23:00:00,A,PC,SC102,MK,2014-01-01,0.7,,
ESTAT:TPS00185(1.0),23/04/26 23:00:00,A,PC,SC102,MT,2014-01-01,12.6,,
ESTAT:TPS00185(1.0),23/04/26 23:00:00,A,PC,SC102,NL,2014-01-01,38.5,,
ESTAT:TPS00185(1.0),23/04/26 23:00:00,A,PC,SC102,NO,2014-01-01,10.5,,
ESTAT:TPS00185(1.0),23/04/26 23:00:00,A,PC,SC102,PL,2014-01-01,0.3,,
ESTAT:TPS00185(1.0),23/04/26 23:00:00,A,PC,SC102,PT,2014-01-01,3.6,,
ESTAT:TPS00185(1.0),23/04/26 23:00:00,A,PC,SC102,RO,2014-01-01,2.0,,
ESTAT:TPS00185(1.0),23/04/26 23:00:00,A,PC,SC102,RS,2014-01-01,2.0,,
ESTAT:TPS00185(1.0),23/04/26 23:00:00,A,PC,SC102,SE,2014-01-01,18.8,,
ESTAT:TPS00185(1.0),23/04/26 23:00:00,A,PC,SC102,SI,2014-01-01,3.4,,
ESTAT:TPS00185(1.0),23/04/26 23:00:00,A,PC,SC102,SK,2014-01-01,0.6,,
ESTAT:TPS00185(1.0),23/04/26 23:00:00,A,PC,SC102,TR,2014-01-01,0.3,,
ESTAT:TPS00185(1.0),23/04/26 23:00:00,A,PC,SC102,UK,2014-01-01,25.1,,
ESTAT:TPS00185(1.0),23/04/26 23:00:00,A,PC,SC103,AT,2014-01-01,6.7,,
ESTAT:TPS00185(1.0),23/04/26 23:00:00,A,PC,SC103,BE,2014-01-01,25.6,,
ESTAT:TPS00185(1.0),23/04/26 23:00:00,A,PC,SC103,BG,2014-01-01,10.1,,
ESTAT:TPS00185(1.0),23/04/26 23:00:00,A,PC,SC103,CH,2014-01-01,5.8,,
ESTAT:TPS00185(1.0),23/04/26 23:00:00,A,PC,SC103,CY,2014-01-01,18.1,,
ESTAT:TPS00185(1.0),23/04/26 23:00:00,A,PC,SC103,CZ,2014-01-01,1.8,,
ESTAT:TPS00185(1.0),23/04/26 23:00:00,A,PC,SC103,DE,2014-01-01,15.3,,
ESTAT:TPS00185(1.0),23/04/26 23:00:00,A,PC,SC103,DK,2014-01-01,63.6,,
ESTAT:TPS00185(1.0),23/04/26 23:00:00,A,PC,SC103,EA20,2014-01-01,17.9,,
ESTAT:TPS00185(1.0),23/04/26 23:00:00,A,PC,SC103,EE,2014-01-01,13.9,,
ESTAT:TPS00185(1.0),23/04/26 23:00:00,A,PC,SC103,EL,2014-01-01,7.3,,
ESTAT:TPS00185(1.0),23/04/26 23:00:00,A,PC,SC103,ES,2014-01-01,16.3,,
ESTAT:TPS00185(1.0),23/04/26 23:00:00,A,PC,SC103,EU27_2020,2014-01-01,16.4,,
ESTAT:TPS00185(1.0),23/04/26 23:00:00,A,PC,SC103,FI,2014-01-01,20.8,,
ESTAT:TPS00185(1.0),23/04/26 23:00:00,A,PC,SC103,FR,2014-01-01,25.8,,
ESTAT:TPS00185(1.0),23/04/26 23:00:00,A,PC,SC103,HR,2014-01-01,16.6,,
ESTAT:TPS00185(1.0),23/04/26 23:00:00,A,PC,SC103,HU,2014-01-01,8.6,,
ESTAT:TPS00185(1.0),23/04/26 23:00:00,A,PC,SC103,IE,2014-01-01,9.7,,
ESTAT:TPS00185(1.0),23/04/26 23:00:00,A,PC,SC103,IS,2014-01-01,41.8,,
ESTAT:TPS00185(1.0),23/04/26 23:00:00,A,PC,SC103,IT,2014-01-01,13.6,,
ESTAT:TPS00185(1.0),23/04/26 23:00:00,A,PC,SC103,LT,2014-01-01,16.7,,
ESTAT:TPS00185(1.0),23/04/26 23:00:00,A,PC,SC103,LU,2014-01-01,29.8,,
ESTAT:TPS00185(1.0),23/04/26 23:00:00,A,PC,SC103,LV,2014-01-01,18.4,,
ESTAT:TPS00185(1.0),23/04/26 23:00:00,A,PC,SC103,ME,2014-01-01,4.3,,
ESTAT:TPS00185(1.0),23/04/26 23:00:00,A,PC,SC103,MK,2014-01-01,5.2,,
ESTAT:TPS00185(1.0),23/04/26 23:00:00,A,PC,SC103,MT,2014-01-01,6.1,,
ESTAT:TPS00185(1.0),23/04/26 23:00:00,A,PC,SC103,NL,2014-01-01,6.1,,
ESTAT:TPS00185(1.0),23/04/26 23:00:00,A,PC,SC103,NO,2014-01-01,44.1,,
ESTAT:TPS00185(1.0),23/04/26 23:00:00,A,PC,SC103,PL,2014-01-01,5.2,,
ESTAT:TPS00185(1.0),23/04/26 23:00:00,A,PC,SC103,PT,2014-01-01,38.1,,
ESTAT:TPS00185(1.0),23/04/26 23:00:00,A,PC,SC103,RO,2014-01-01,0.6,,
ESTAT:TPS00185(1.0),23/04/26 23:00:00,A,PC,SC103,RS,2014-01-01,9.1,,
ESTAT:TPS00185(1.0),23/04/26 23:00:00,A,PC,SC103,SE,2014-01-01,31.7,,
ESTAT:TPS00185(1.0),23/04/26 23:00:00,A,PC,SC103,SI,2014-01-01,34.0,,
ESTAT:TPS00185(1.0),23/04/26 23:00:00,A,PC,SC103,SK,2014-01-01,5.3,,
ESTAT:TPS00185(1.0),23/04/26 23:00:00,A,PC,SC103,TR,2014-01-01,0.4,,
ESTAT:TPS00185(1.0),23/04/26 23:00:00,A,PC,SC103,UK,2014-01-01,3.8,,
ESTAT:TPS00185(1.0),23/04/26 23:00:00,A,PC,SC102,AT,2015-01-01,13.7,,
ESTAT:TPS00185(1.0),23/04/26 23:00:00,A,PC,SC102,BE,2015-01-01,23.3,,
ESTAT:TPS00185(1.0),23/04/26 23:00:00,A,PC,SC102,BG,2015-01-01,0.5,,
ESTAT:TPS00185(1.0),23/04/26 23:00:00,A,PC,SC102,CY,2015-01-01,8.6,,
ESTAT:TPS00185(1.0),23/04/26 23:00:00,A,PC,SC102,CZ,2015-01-01,1.2,,
ESTAT:TPS00185(1.0),23/04/26 23:00:00,A,PC,SC102,DE,2015-01-01,9.8,,
ESTAT:TPS00185(1.0),23/04/26 23:00:00,A,PC,SC102,DK,2015-01-01,7.7,,
ESTAT:TPS00185(1.0),23/04/26 23:00:00,A,PC,SC102,EA20,2015-01-01,14.3,,
ESTAT:TPS00185(1.0),23/04/26 23:00:00,A,PC,SC102,EE,2015-01-01,3.6,,
ESTAT:TPS00185(1.0),23/04/26 23:00:00,A,PC,SC102,EL,2015-01-01,4.9,,
ESTAT:TPS00185(1.0),23/04/26 23:00:00,A,PC,SC102,ES,2015-01-01,19.1,,
ESTAT:TPS00185(1.0),23/04/26 23:00:00,A,PC,SC102,EU27_2020,2015-01-01,12.3,,
ESTAT:TPS00185(1.0),23/04/26 23:00:00,A,PC,SC102,FI,2015-01-01,7.1,,
ESTAT:TPS00185(1.0),23/04/26 23:00:00,A,PC,SC102,FR,2015-01-01,16.0,,
ESTAT:TPS00185(1.0),23/04/26 23:00:00,A,PC,SC102,HR,2015-01-01,2.3,,
ESTAT:TPS00185(1.0),23/04/26 23:00:00,A,PC,SC102,HU,2015-01-01,4.6,,
ESTAT:TPS00185(1.0),23/04/26 23:00:00,A,PC,SC102,IE,2015-01-01,15.4,,
ESTAT:TPS00185(1.0),23/04/26 23:00:00,A,PC,SC102,IS,2015-01-01,2.1,,
ESTAT:TPS00185(1.0),23/04/26 23:00:00,A,PC,SC102,IT,2015-01-01,10.4,,
ESTAT:TPS00185(1.0),23/04/26 23:00:00,A,PC,SC102,LT,2015-01-01,2.0,,
ESTAT:TPS00185(1.0),23/04/26 23:00:00,A,PC,SC102,LU,2015-01-01,16.9,,
ESTAT:TPS00185(1.0),23/04/26 23:00:00,A,PC,SC102,LV,2015-01-01,0.8,,
ESTAT:TPS00185(1.0),23/04/26 23:00:00,A,PC,SC102,ME,2015-01-01,0.7,,
ESTAT:TPS00185(1.0),23/04/26 23:00:00,A,PC,SC102,MK,2015-01-01,0.5,,
ESTAT:TPS00185(1.0),23/04/26 23:00:00,A,PC,SC102,MT,2015-01-01,11.4,,
ESTAT:TPS00185(1.0),23/04/26 23:00:00,A,PC,SC102,NL,2015-01-01,41.1,,
ESTAT:TPS00185(1.0),23/04/26 23:00:00,A,PC,SC102,NO,2015-01-01,6.5,,
ESTAT:TPS00185(1.0),23/04/26 23:00:00,A,PC,SC102,PL,2015-01-01,1.1,,
ESTAT:TPS00185(1.0),23/04/26 23:00:00,A,PC,SC102,PT,2015-01-01,3.9,,
ESTAT:TPS00185(1.0),23/04/26 23:00:00,A,PC,SC102,RO,2015-01-01,4.2,,
ESTAT:TPS00185(1.0),23/04/26 23:00:00,A,PC,SC102,RS,2015-01-01,2.0,,
ESTAT:TPS00185(1.0),23/04/26 23:00:00,A,PC,SC102,SE,2015-01-01,18.9,,
ESTAT:TPS00185(1.0),23/04/26 23:00:00,A,PC,SC102,SI,2015-01-01,2.5,,
ESTAT:TPS00185(1.0),23/04/26 23:00:00,A,PC,SC102,SK,2015-01-01,0.3,,
ESTAT:TPS00185(1.0),23/04/26 23:00:00,A,PC,SC102,TR,2015-01-01,0.2,,
ESTAT:TPS00185(1.0),23/04/26 23:00:00,A,PC,SC102,UK,2015-01-01,26.1,,
ESTAT:TPS00185(1.0),23/04/26 23:00:00,A,PC,SC103,AT,2015-01-01,8.6,,
ESTAT:TPS00185(1.0),23/04/26 23:00:00,A,PC,SC103,BE,2015-01-01,26.8,,
ESTAT:TPS00185(1.0),23/04/26 23:00:00,A,PC,SC103,BG,2015-01-01,8.4,,
ESTAT:TPS00185(1.0),23/04/26 23:00:00,A,PC,SC103,CY,2015-01-01,10.4,,
ESTAT:TPS00185(1.0),23/04/26 23:00:00,A,PC,SC103,CZ,2015-01-01,1.7,,
ESTAT:TPS00185(1.0),23/04/26 23:00:00,A,PC,SC103,DE,2015-01-01,16.1,,
ESTAT:TPS00185(1.0),23/04/26 23:00:00,A,PC,SC103,DK,2015-01-01,69.6,,
ESTAT:TPS00185(1.0),23/04/26 23:00:00,A,PC,SC103,EA20,2015-01-01,19.0,,
ESTAT:TPS00185(1.0),23/04/26 23:00:00,A,PC,SC103,EE,2015-01-01,17.8,,
ESTAT:TPS00185(1.0),23/04/26 23:00:00,A,PC,SC103,EL,2015-01-01,6.5,,
ESTAT:TPS00185(1.0),23/04/26 23:00:00,A,PC,SC103,ES,2015-01-01,20.6,,
ESTAT:TPS00185(1.0),23/04/26 23:00:00,A,PC,SC103,EU27_2020,2015-01-01,17.7,,
ESTAT:TPS00185(1.0),23/04/26 23:00:00,A,PC,SC103,FI,2015-01-01,23.3,,
ESTAT:TPS00185(1.0),23/04/26 23:00:00,A,PC,SC103,FR,2015-01-01,25.7,,
ESTAT:TPS00185(1.0),23/04/26 23:00:00,A,PC,SC103,HR,2015-01-01,9.5,,
ESTAT:TPS00185(1.0),23/04/26 23:00:00,A,PC,SC103,HU,2015-01-01,10.8,,
ESTAT:TPS00185(1.0),23/04/26 23:00:00,A,PC,SC103,IE,2015-01-01,8.9,,
ESTAT:TPS00185(1.0),23/04/26 23:00:00,A,PC,SC103,IS,2015-01-01,41.7,,
ESTAT:TPS00185(1.0),23/04/26 23:00:00,A,PC,SC103,IT,2015-01-01,16.9,,
ESTAT:TPS00185(1.0),23/04/26 23:00:00,A,PC,SC103,LT,2015-01-01,7.7,,
ESTAT:TPS00185(1.0),23/04/26 23:00:00,A,PC,SC103,LU,2015-01-01,34.9,,
ESTAT:TPS00185(1.0),23/04/26 23:00:00,A,PC,SC103,LV,2015-01-01,19.3,,
ESTAT:TPS00185(1.0),23/04/26 23:00:00,A,PC,SC103,ME,2015-01-01,0.2,,
ESTAT:TPS00185(1.0),23/04/26 23:00:00,A,PC,SC103,MK,2015-01-01,5.6,,
ESTAT:TPS00185(1.0),23/04/26 23:00:00,A,PC,SC103,MT,2015-01-01,7.7,,
ESTAT:TPS00185(1.0),23/04/26 23:00:00,A,PC,SC103,NL,2015-01-01,5.3,,
ESTAT:TPS00185(1.0),23/04/26 23:00:00,A,PC,SC103,NO,2015-01-01,45.7,,
ESTAT:TPS00185(1.0),23/04/26 23:00:00,A,PC,SC103,PL,2015-01-01,4.2,,
ESTAT:TPS00185(1.0),23/04/26 23:00:00,A,PC,SC103,PT,2015-01-01,39.2,,
ESTAT:TPS00185(1.0),23/04/26 23:00:00,A,PC,SC103,RO,2015-01-01,5.2,,
ESTAT:TPS00185(1.0),23/04/26 23:00:00,A,PC,SC103,RS,2015-01-01,12.0,,
ESTAT:TPS00185(1.0),23/04/26 23:00:00,A,PC,SC103,SE,2015-01-01,36.1,,
ESTAT:TPS00185(1.0),23/04/26 23:00:00,A,PC,SC103,SI,2015-01-01,34.9,,
ESTAT:TPS00185(1.0),23/04/26 23:00:00,A,PC,SC103,SK,2015-01-01,0.8,,
ESTAT:TPS00185(1.0),23/04/26 23:00:00,A,PC,SC103,TR,2015-01-01,0.4,,
ESTAT:TPS00185(1.0),23/04/26 23:00:00,A,PC,SC103,UK,2015-01-01,4.3,,
ESTAT:TPS00185(1.0),23/04/26 23:00:00,A,PC,SC102,AT,2016-01-01,15.0,,
ESTAT:TPS00185(1.0),23/04/26 23:00:00,A,PC,SC102,BE,2016-01-01,15.5,,
ESTAT:TPS00185(1.0),23/04/26 23:00:00,A,PC,SC102,BG,2016-01-01,0.0,,
ESTAT:TPS00185(1.0),23/04/26 23:00:00,A,PC,SC102,CY,2016-01-01,6.2,,
ESTAT:TPS00185(1.0),23/04/26 23:00:00,A,PC,SC102,CZ,2016-01-01,3.0,,
ESTAT:TPS00185(1.0),23/04/26 23:00:00,A,PC,SC102,DE,2016-01-01,10.6,,
ESTAT:TPS00185(1.0),23/04/26 23:00:00,A,PC,SC102,DK,2016-01-01,7.8,,
ESTAT:TPS00185(1.0),23/04/26 23:00:00,A,PC,SC102,EA20,2016-01-01,15.1,,
ESTAT:TPS00185(1.0),23/04/26 23:00:00,A,PC,SC102,EE,2016-01-01,9.4,,
ESTAT:TPS00185(1.0),23/04/26 23:00:00,A,PC,SC102,EL,2016-01-01,2.9,,
ESTAT:TPS00185(1.0),23/04/26 23:00:00,A,PC,SC102,ES,2016-01-01,20.6,,
ESTAT:TPS00185(1.0),23/04/26 23:00:00,A,PC,SC102,EU27_2020,2016-01-01,13.0,,
ESTAT:TPS00185(1.0),23/04/26 23:00:00,A,PC,SC102,FI,2016-01-01,8.3,,
ESTAT:TPS00185(1.0),23/04/26 23:00:00,A,PC,SC102,FR,2016-01-01,17.0,,
ESTAT:TPS00185(1.0),23/04/26 23:00:00,A,PC,SC102,HR,2016-01-01,2.2,,
ESTAT:TPS00185(1.0),23/04/26 23:00:00,A,PC,SC102,HU,2016-01-01,3.4,,
ESTAT:TPS00185(1.0),23/04/26 23:00:00,A,PC,SC102,IE,2016-01-01,13.1,,
ESTAT:TPS00185(1.0),23/04/26 23:00:00,A,PC,SC102,IS,2016-01-01,3.8,,
ESTAT:TPS00185(1.0),23/04/26 23:00:00,A,PC,SC102,IT,2016-01-01,12.1,,
ESTAT:TPS00185(1.0),23/04/26 23:00:00,A,PC,SC102,LT,2016-01-01,2.7,,
ESTAT:TPS00185(1.0),23/04/26 23:00:00,A,PC,SC102,LU,2016-01-01,17.9,,
ESTAT:TPS00185(1.0),23/04/26 23:00:00,A,PC,SC102,LV,2016-01-01,1.5,,
ESTAT:TPS00185(1.0),23/04/26 23:00:00,A,PC,SC102,ME,2016-01-01,1.7,,
ESTAT:TPS00185(1.0),23/04/26 23:00:00,A,PC,SC102,MK,2016-01-01,2.3,,
ESTAT:TPS00185(1.0),23/04/26 23:00:00,A,PC,SC102,MT,2016-01-01,18.3,,
ESTAT:TPS00185(1.0),23/04/26 23:00:00,A,PC,SC102,NL,2016-01-01,47.6,,
ESTAT:TPS00185(1.0),23/04/26 23:00:00,A,PC,SC102,NO,2016-01-01,5.1,,
ESTAT:TPS00185(1.0),23/04/26 23:00:00,A,PC,SC102,PL,2016-01-01,2.3,,
ESTAT:TPS00185(1.0),23/04/26 23:00:00,A,PC,SC102,PT,2016-01-01,2.4,,
ESTAT:TPS00185(1.0),23/04/26 23:00:00,A,PC,SC102,RO,2016-01-01,8.6,,
ESTAT:TPS00185(1.0),23/04/26 23:00:00,A,PC,SC102,RS,2016-01-01,1.5,,
ESTAT:TPS00185(1.0),23/04/26 23:00:00,A,PC,SC102,SE,2016-01-01,17.4,,
ESTAT:TPS00185(1.0),23/04/26 23:00:00,A,PC,SC102,SI,2016-01-01,3.9,,
ESTAT:TPS00185(1.0),23/04/26 23:00:00,A,PC,SC102,SK,2016-01-01,0.0,,
ESTAT:TPS00185(1.0),23/04/26 23:00:00,A,PC,SC102,TR,2016-01-01,0.1,,
ESTAT:TPS00185(1.0),23/04/26 23:00:00,A,PC,SC102,UK,2016-01-01,24.0,,
ESTAT:TPS00185(1.0),23/04/26 23:00:00,A,PC,SC103,AT,2016-01-01,5.6,,
ESTAT:TPS00185(1.0),23/04/26 23:00:00,A,PC,SC103,BE,2016-01-01,28.4,,
ESTAT:TPS00185(1.0),23/04/26 23:00:00,A,PC,SC103,BG,2016-01-01,12.5,,
ESTAT:TPS00185(1.0),23/04/26 23:00:00,A,PC,SC103,CY,2016-01-01,16.2,,
ESTAT:TPS00185(1.0),23/04/26 23:00:00,A,PC,SC103,CZ,2016-01-01,1.7,,
ESTAT:TPS00185(1.0),23/04/26 23:00:00,A,PC,SC103,DE,2016-01-01,21.1,,
ESTAT:TPS00185(1.0),23/04/26 23:00:00,A,PC,SC103,DK,2016-01-01,62.2,,
ESTAT:TPS00185(1.0),23/04/26 23:00:00,A,PC,SC103,EA20,2016-01-01,22.3,,
ESTAT:TPS00185(1.0),23/04/26 23:00:00,A,PC,SC103,EE,2016-01-01,20.8,,
ESTAT:TPS00185(1.0),23/04/26 23:00:00,A,PC,SC103,EL,2016-01-01,6.0,,
ESTAT:TPS00185(1.0),23/04/26 23:00:00,A,PC,SC103,ES,2016-01-01,18.7,,
ESTAT:TPS00185(1.0),23/04/26 23:00:00,A,PC,SC103,EU27_2020,2016-01-01,20.4,,
ESTAT:TPS00185(1.0),23/04/26 23:00:00,A,PC,SC103,FI,2016-01-01,21.3,,
ESTAT:TPS00185(1.0),23/04/26 23:00:00,A,PC,SC103,FR,2016-01-01,31.9,,
ESTAT:TPS00185(1.0),23/04/26 23:00:00,A,PC,SC103,HR,2016-01-01,13.5,,
ESTAT:TPS00185(1.0),23/04/26 23:00:00,A,PC,SC103,HU,2016-01-01,12.2,,
ESTAT:TPS00185(1.0),23/04/26 23:00:00,A,PC,SC103,IE,2016-01-01,7.8,,
ESTAT:TPS00185(1.0),23/04/26 23:00:00,A,PC,SC103,IS,2016-01-01,60.8,,
ESTAT:TPS00185(1.0),23/04/26 23:00:00,A,PC,SC103,IT,2016-01-01,22.3,,
ESTAT:TPS00185(1.0),23/04/26 23:00:00,A,PC,SC103,LT,2016-01-01,12.5,,
ESTAT:TPS00185(1.0),23/04/26 23:00:00,A,PC,SC103,LU,2016-01-01,33.0,,
ESTAT:TPS00185(1.0),23/04/26 23:00:00,A,PC,SC103,LV,2016-01-01,24.4,,
ESTAT:TPS00185(1.0),23/04/26 23:00:00,A,PC,SC103,ME,2016-01-01,8.2,,
ESTAT:TPS00185(1.0),23/04/26 23:00:00,A,PC,SC103,MK,2016-01-01,6.8,,
ESTAT:TPS00185(1.0),23/04/26 23:00:00,A,PC,SC103,MT,2016-01-01,13.1,,
ESTAT:TPS00185(1.0),23/04/26 23:00:00,A,PC,SC103,NL,2016-01-01,5.4,,
ESTAT:TPS00185(1.0),23/04/26 23:00:00,A,PC,SC103,NO,2016-01-01,47.0,,
ESTAT:TPS00185(1.0),23/04/26 23:00:00,A,PC,SC103,PL,2016-01-01,5.6,,
ESTAT:TPS00185(1.0),23/04/26 23:00:00,A,PC,SC103,PT,2016-01-01,42.0,,
ESTAT:TPS00185(1.0),23/04/26 23:00:00,A,PC,SC103,RO,2016-01-01,8.8,,
ESTAT:TPS00185(1.0),23/04/26 23:00:00,A,PC,SC103,RS,2016-01-01,16.6,,
ESTAT:TPS00185(1.0),23/04/26 23:00:00,A,PC,SC103,SE,2016-01-01,33.6,,
ESTAT:TPS00185(1.0),23/04/26 23:00:00,A,PC,SC103,SI,2016-01-01,35.7,,
ESTAT:TPS00185(1.0),23/04/26 23:00:00,A,PC,SC103,SK,2016-01-01,0.5,,
ESTAT:TPS00185(1.0),23/04/26 23:00:00,A,PC,SC103,TR,2016-01-01,0.5,,
ESTAT:TPS00185(1.0),23/04/26 23:00:00,A,PC,SC103,UK,2016-01-01,4.4,,
ESTAT:TPS00185(1.0),23/04/26 23:00:00,A,PC,SC102,AL,2017-01-01,3.3,,
ESTAT:TPS00185(1.0),23/04/26 23:00:00,A,PC,SC102,AT,2017-01-01,13.9,,
ESTAT:TPS00185(1.0),23/04/26 23:00:00,A,PC,SC102,BE,2017-01-01,22.8,,
ESTAT:TPS00185(1.0),23/04/26 23:00:00,A,PC,SC102,BG,2017-01-01,1.2,,
ESTAT:TPS00185(1.0),23/04/26 23:00:00,A,PC,SC102,CH,2017-01-01,19.6,,
ESTAT:TPS00185(1.0),23/04/26 23:00:00,A,PC,SC102,CY,2017-01-01,9.7,,
ESTAT:TPS00185(1.0),23/04/26 23:00:00,A,PC,SC102,CZ,2017-01-01,3.9,,
ESTAT:TPS00185(1.0),23/04/26 23:00:00,A,PC,SC102,DE,2017-01-01,8.3,,
ESTAT:TPS00185(1.0),23/04/26 23:00:00,A,PC,SC102,DK,2017-01-01,5.7,,
ESTAT:TPS00185(1.0),23/04/26 23:00:00,A,PC,SC102,EA20,2017-01-01,17.2,,
ESTAT:TPS00185(1.0),23/04/26 23:00:00,A,PC,SC102,EE,2017-01-01,6.3,,
ESTAT:TPS00185(1.0),23/04/26 23:00:00,A,PC,SC102,EL,2017-01-01,11.7,,
ESTAT:TPS00185(1.0),23/04/26 23:00:00,A,PC,SC102,ES,2017-01-01,28.0,,
ESTAT:TPS00185(1.0),23/04/26 23:00:00,A,PC,SC102,EU27_2020,2017-01-01,14.6,,
ESTAT:TPS00185(1.0),23/04/26 23:00:00,A,PC,SC102,FI,2017-01-01,9.6,,
ESTAT:TPS00185(1.0),23/04/26 23:00:00,A,PC,SC102,FR,2017-01-01,19.8,,
ESTAT:TPS00185(1.0),23/04/26 23:00:00,A,PC,SC102,HR,2017-01-01,1.4,,
ESTAT:TPS00185(1.0),23/04/26 23:00:00,A,PC,SC102,HU,2017-01-01,2.0,,
ESTAT:TPS00185(1.0),23/04/26 23:00:00,A,PC,SC102,IE,2017-01-01,16.2,,
ESTAT:TPS00185(1.0),23/04/26 23:00:00,A,PC,SC102,IS,2017-01-01,2.7,,
ESTAT:TPS00185(1.0),23/04/26 23:00:00,A,PC,SC102,IT,2017-01-01,12.1,,
ESTAT:TPS00185(1.0),23/04/26 23:00:00,A,PC,SC102,LT,2017-01-01,1.7,,
ESTAT:TPS00185(1.0),23/04/26 23:00:00,A,PC,SC102,LU,2017-01-01,23.8,,
ESTAT:TPS00185(1.0),23/04/26 23:00:00,A,PC,SC102,LV,2017-01-01,1.8,,
ESTAT:TPS00185(1.0),23/04/26 23:00:00,A,PC,SC102,ME,2017-01-01,1.5,,
ESTAT:TPS00185(1.0),23/04/26 23:00:00,A,PC,SC102,MK,2017-01-01,0.9,,
ESTAT:TPS00185(1.0),23/04/26 23:00:00,A,PC,SC102,MT,2017-01-01,21.8,,
ESTAT:TPS00185(1.0),23/04/26 23:00:00,A,PC,SC102,NL,2017-01-01,56.1,,
ESTAT:TPS00185(1.0),23/04/26 23:00:00,A,PC,SC102,NO,2017-01-01,7.1,,
ESTAT:TPS00185(1.0),23/04/26 23:00:00,A,PC,SC102,PL,2017-01-01,1.8,,
ESTAT:TPS00185(1.0),23/04/26 23:00:00,A,PC,SC102,PT,2017-01-01,1.6,,
ESTAT:TPS00185(1.0),23/04/26 23:00:00,A,PC,SC102,RO,2017-01-01,14.1,,
ESTAT:TPS00185(1.0),23/04/26 23:00:00,A,PC,SC102,RS,2017-01-01,3.1,,
ESTAT:TPS00185(1.0),23/04/26 23:00:00,A,PC,SC102,SE,2017-01-01,15.6,,
ESTAT:TPS00185(1.0),23/04/26 23:00:00,A,PC,SC102,SI,2017-01-01,3.9,,
ESTAT:TPS00185(1.0),23/04/26 23:00:00,A,PC,SC102,SK,2017-01-01,0.0,,
ESTAT:TPS00185(1.0),23/04/26 23:00:00,A,PC,SC102,TR,2017-01-01,0.1,,
ESTAT:TPS00185(1.0),23/04/26 23:00:00,A,PC,SC102,UK,2017-01-01,28.0,b,
ESTAT:TPS00185(1.0),23/04/26 23:00:00,A,PC,SC103,AL,2017-01-01,4.8,,
ESTAT:TPS00185(1.0),23/04/26 23:00:00,A,PC,SC103,AT,2017-01-01,4.3,,
ESTAT:TPS00185(1.0),23/04/26 23:00:00,A,PC,SC103,BE,2017-01-01,30.4,,
ESTAT:TPS00185(1.0),23/04/26 23:00:00,A,PC,SC103,BG,2017-01-01,8.2,,
ESTAT:TPS00185(1.0),23/04/26 23:00:00,A,PC,SC103,CH,2017-01-01,6.0,,
ESTAT:TPS00185(1.0),23/04/26 23:00:00,A,PC,SC103,CY,2017-01-01,16.0,,
ESTAT:TPS00185(1.0),23/04/26 23:00:00,A,PC,SC103,CZ,2017-01-01,2.6,,
ESTAT:TPS00185(1.0),23/04/26 23:00:00,A,PC,SC103,DE,2017-01-01,22.0,,
ESTAT:TPS00185(1.0),23/04/26 23:00:00,A,PC,SC103,DK,2017-01-01,66.0,,
ESTAT:TPS00185(1.0),23/04/26 23:00:00,A,PC,SC103,EA20,2017-01-01,21.4,,
ESTAT:TPS00185(1.0),23/04/26 23:00:00,A,PC,SC103,EE,2017-01-01,20.8,,
ESTAT:TPS00185(1.0),23/04/26 23:00:00,A,PC,SC103,EL,2017-01-01,8.8,,
ESTAT:TPS00185(1.0),23/04/26 23:00:00,A,PC,SC103,ES,2017-01-01,17.8,,
ESTAT:TPS00185(1.0),23/04/26 23:00:00,A,PC,SC103,EU27_2020,2017-01-01,19.6,,
ESTAT:TPS00185(1.0),23/04/26 23:00:00,A,PC,SC103,FI,2017-01-01,20.7,,
ESTAT:TPS00185(1.0),23/04/26 23:00:00,A,PC,SC103,FR,2017-01-01,30.7,,
ESTAT:TPS00185(1.0),23/04/26 23:00:00,A,PC,SC103,HR,2017-01-01,14.5,,
ESTAT:TPS00185(1.0),23/04/26 23:00:00,A,PC,SC103,HU,2017-01-01,11.8,,
ESTAT:TPS00185(1.0),23/04/26 23:00:00,A,PC,SC103,IE,2017-01-01,7.3,,
ESTAT:TPS00185(1.0),23/04/26 23:00:00,A,PC,SC103,IS,2017-01-01,48.4,,
ESTAT:TPS00185(1.0),23/04/26 23:00:00,A,PC,SC103,IT,2017-01-01,16.5,,
ESTAT:TPS00185(1.0),23/04/26 23:00:00,A,PC,SC103,LT,2017-01-01,18.6,,
ESTAT:TPS00185(1.0),23/04/26 23:00:00,A,PC,SC103,LU,2017-01-01,37.0,,
ESTAT:TPS00185(1.0),23/04/26 23:00:00,A,PC,SC103,LV,2017-01-01,24.9,,
ESTAT:TPS00185(1.0),23/04/26 23:00:00,A,PC,SC103,ME,2017-01-01,13.1,,
ESTAT:TPS00185(1.0),23/04/26 23:00:00,A,PC,SC103,MK,2017-01-01,9.4,,
ESTAT:TPS00185(1.0),23/04/26 23:00:00,A,PC,SC103,MT,2017-01-01,14.8,,
ESTAT:TPS00185(1.0),23/04/26 23:00:00,A,PC,SC103,NL,2017-01-01,5.5,,
ESTAT:TPS00185(1.0),23/04/26 23:00:00,A,PC,SC103,NO,2017-01-01,41.0,,
ESTAT:TPS00185(1.0),23/04/26 23:00:00,A,PC,SC103,PL,2017-01-01,9.8,,
ESTAT:TPS00185(1.0),23/04/26 23:00:00,A,PC,SC103,PT,2017-01-01,40.8,,
ESTAT:TPS00185(1.0),23/04/26 23:00:00,A,PC,SC103,RO,2017-01-01,1.8,,
ESTAT:TPS00185(1.0),23/04/26 23:00:00,A,PC,SC103,RS,2017-01-01,11.4,,
ESTAT:TPS00185(1.0),23/04/26 23:00:00,A,PC,SC103,SE,2017-01-01,37.1,,
ESTAT:TPS00185(1.0),23/04/26 23:00:00,A,PC,SC103,SI,2017-01-01,40.9,,
ESTAT:TPS00185(1.0),23/04/26 23:00:00,A,PC,SC103,SK,2017-01-01,0.5,,
ESTAT:TPS00185(1.0),23/04/26 23:00:00,A,PC,SC103,TR,2017-01-01,0.6,,
ESTAT:TPS00185(1.0),23/04/26 23:00:00,A,PC,SC103,UK,2017-01-01,5.2,b,
ESTAT:TPS00185(1.0),23/04/26 23:00:00,A,PC,SC102,AL,2018-01-01,13.7,,
ESTAT:TPS00185(1.0),23/04/26 23:00:00,A,PC,SC102,AT,2018-01-01,12.9,,
ESTAT:TPS00185(1.0),23/04/26 23:00:00,A,PC,SC102,BE,2018-01-01,20.3,,
ESTAT:TPS00185(1.0),23/04/26 23:00:00,A,PC,SC102,BG,2018-01-01,0.9,,
ESTAT:TPS00185(1.0),23/04/26 23:00:00,A,PC,SC102,CH,2018-01-01,28.3,,
ESTAT:TPS00185(1.0),23/04/26 23:00:00,A,PC,SC102,CY,2018-01-01,9.8,,
ESTAT:TPS00185(1.0),23/04/26 23:00:00,A,PC,SC102,CZ,2018-01-01,5.2,,
ESTAT:TPS00185(1.0),23/04/26 23:00:00,A,PC,SC102,DE,2018-01-01,7.7,,
ESTAT:TPS00185(1.0),23/04/26 23:00:00,A,PC,SC102,DK,2018-01-01,8.7,,
ESTAT:TPS00185(1.0),23/04/26 23:00:00,A,PC,SC102,EA20,2018-01-01,16.9,,
ESTAT:TPS00185(1.0),23/04/26 23:00:00,A,PC,SC102,EE,2018-01-01,5.8,,
ESTAT:TPS00185(1.0),23/04/26 23:00:00,A,PC,SC102,EL,2018-01-01,31.5,,
ESTAT:TPS00185(1.0),23/04/26 23:00:00,A,PC,SC102,ES,2018-01-01,30.2,,
ESTAT:TPS00185(1.0),23/04/26 23:00:00,A,PC,SC102,EU27_2020,2018-01-01,14.2,,
ESTAT:TPS00185(1.0),23/04/26 23:00:00,A,PC,SC102,FI,2018-01-01,12.3,,
ESTAT:TPS00185(1.0),23/04/26 23:00:00,A,PC,SC102,FR,2018-01-01,19.6,,
ESTAT:TPS00185(1.0),23/04/26 23:00:00,A,PC,SC102,HR,2018-01-01,1.9,,
ESTAT:TPS00185(1.0),23/04/26 23:00:00,A,PC,SC102,HU,2018-01-01,2.8,,
ESTAT:TPS00185(1.0),23/04/26 23:00:00,A,PC,SC102,IE,2018-01-01,19.2,,
ESTAT:TPS00185(1.0),23/04/26 23:00:00,A,PC,SC102,IS,2018-01-01,3.1,,
ESTAT:TPS00185(1.0),23/04/26 23:00:00,A,PC,SC102,IT,2018-01-01,9.6,,
ESTAT:TPS00185(1.0),23/04/26 23:00:00,A,PC,SC102,LT,2018-01-01,1.5,,
ESTAT:TPS00185(1.0),23/04/26 23:00:00,A,PC,SC102,LU,2018-01-01,17.8,,
ESTAT:TPS00185(1.0),23/04/26 23:00:00,A,PC,SC102,LV,2018-01-01,1.4,,
ESTAT:TPS00185(1.0),23/04/26 23:00:00,A,PC,SC102,ME,2018-01-01,1.4,,
ESTAT:TPS00185(1.0),23/04/26 23:00:00,A,PC,SC102,MK,2018-01-01,1.1,,
ESTAT:TPS00185(1.0),23/04/26 23:00:00,A,PC,SC102,MT,2018-01-01,18.9,,
ESTAT:TPS00185(1.0),23/04/26 23:00:00,A,PC,SC102,NL,2018-01-01,50.5,,
ESTAT:TPS00185(1.0),23/04/26 23:00:00,A,PC,SC102,NO,2018-01-01,5.2,,
ESTAT:TPS00185(1.0),23/04/26 23:00:00,A,PC,SC102,PL,2018-01-01,2.1,,
ESTAT:TPS00185(1.0),23/04/26 23:00:00,A,PC,SC102,PT,2018-01-01,1.3,,
ESTAT:TPS00185(1.0),23/04/26 23:00:00,A,PC,SC102,RO,2018-01-01,7.3,,
ESTAT:TPS00185(1.0),23/04/26 23:00:00,A,PC,SC102,RS,2018-01-01,1.3,,
ESTAT:TPS00185(1.0),23/04/26 23:00:00,A,PC,SC102,SE,2018-01-01,15.1,,
ESTAT:TPS00185(1.0),23/04/26 23:00:00,A,PC,SC102,SI,2018-01-01,2.2,,
ESTAT:TPS00185(1.0),23/04/26 23:00:00,A,PC,SC102,SK,2018-01-01,0.2,,
ESTAT:TPS00185(1.0),23/04/26 23:00:00,A,PC,SC102,TR,2018-01-01,0.0,n,
ESTAT:TPS00185(1.0),23/04/26 23:00:00,A,PC,SC102,UK,2018-01-01,31.6,,
ESTAT:TPS00185(1.0),23/04/26 23:00:00,A,PC,SC103,AL,2018-01-01,5.8,,
ESTAT:TPS00185(1.0),23/04/26 23:00:00,A,PC,SC103,AT,2018-01-01,7.1,,
ESTAT:TPS00185(1.0),23/04/26 23:00:00,A,PC,SC103,BE,2018-01-01,34.1,,
ESTAT:TPS00185(1.0),23/04/26 23:00:00,A,PC,SC103,BG,2018-01-01,15.3,,
ESTAT:TPS00185(1.0),23/04/26 23:00:00,A,PC,SC103,CH,2018-01-01,5.9,,
ESTAT:TPS00185(1.0),23/04/26 23:00:00,A,PC,SC103,CY,2018-01-01,20.2,,
ESTAT:TPS00185(1.0),23/04/26 23:00:00,A,PC,SC103,CZ,2018-01-01,3.8,,
ESTAT:TPS00185(1.0),23/04/26 23:00:00,A,PC,SC103,DE,2018-01-01,22.1,,
ESTAT:TPS00185(1.0),23/04/26 23:00:00,A,PC,SC103,DK,2018-01-01,54.5,,
ESTAT:TPS00185(1.0),23/04/26 23:00:00,A,PC,SC103,EA20,2018-01-01,22.2,,
ESTAT:TPS00185(1.0),23/04/26 23:00:00,A,PC,SC103,EE,2018-01-01,22.5,,
ESTAT:TPS00185(1.0),23/04/26 23:00:00,A,PC,SC103,EL,2018-01-01,9.4,,
ESTAT:TPS00185(1.0),23/04/26 23:00:00,A,PC,SC103,ES,2018-01-01,20.3,,
ESTAT:TPS00185(1.0),23/04/26 23:00:00,A,PC,SC103,EU27_2020,2018-01-01,20.5,,
ESTAT:TPS00185(1.0),23/04/26 23:00:00,A,PC,SC103,FI,2018-01-01,23.7,,
ESTAT:TPS00185(1.0),23/04/26 23:00:00,A,PC,SC103,FR,2018-01-01,30.4,,
ESTAT:TPS00185(1.0),23/04/26 23:00:00,A,PC,SC103,HR,2018-01-01,15.9,,
ESTAT:TPS00185(1.0),23/04/26 23:00:00,A,PC,SC103,HU,2018-01-01,13.7,,
ESTAT:TPS00185(1.0),23/04/26 23:00:00,A,PC,SC103,IE,2018-01-01,11.7,,
ESTAT:TPS00185(1.0),23/04/26 23:00:00,A,PC,SC103,IS,2018-01-01,58.2,,
ESTAT:TPS00185(1.0),23/04/26 23:00:00,A,PC,SC103,IT,2018-01-01,16.1,,
ESTAT:TPS00185(1.0),23/04/26 23:00:00,A,PC,SC103,LT,2018-01-01,19.3,,
ESTAT:TPS00185(1.0),23/04/26 23:00:00,A,PC,SC103,LU,2018-01-01,42.7,,
ESTAT:TPS00185(1.0),23/04/26 23:00:00,A,PC,SC103,LV,2018-01-01,23.1,,
ESTAT:TPS00185(1.0),23/04/26 23:00:00,A,PC,SC103,ME,2018-01-01,13.8,,
ESTAT:TPS00185(1.0),23/04/26 23:00:00,A,PC,SC103,MK,2018-01-01,7.7,,
ESTAT:TPS00185(1.0),23/04/26 23:00:00,A,PC,SC103,MT,2018-01-01,13.2,,
ESTAT:TPS00185(1.0),23/04/26 23:00:00,A,PC,SC103,NL,2018-01-01,6.3,,
ESTAT:TPS00185(1.0),23/04/26 23:00:00,A,PC,SC103,NO,2018-01-01,50.4,,
ESTAT:TPS00185(1.0),23/04/26 23:00:00,A,PC,SC103,PL,2018-01-01,8.8,,
ESTAT:TPS00185(1.0),23/04/26 23:00:00,A,PC,SC103,PT,2018-01-01,45.6,,
ESTAT:TPS00185(1.0),23/04/26 23:00:00,A,PC,SC103,RO,2018-01-01,5.9,,
ESTAT:TPS00185(1.0),23/04/26 23:00:00,A,PC,SC103,RS,2018-01-01,12.0,,
ESTAT:TPS00185(1.0),23/04/26 23:00:00,A,PC,SC103,SE,2018-01-01,34.3,,
ESTAT:TPS00185(1.0),23/04/26 23:00:00,A,PC,SC103,SI,2018-01-01,44.1,,
ESTAT:TPS00185(1.0),23/04/26 23:00:00,A,PC,SC103,SK,2018-01-01,1.1,,
ESTAT:TPS00185(1.0),23/04/26 23:00:00,A,PC,SC103,TR,2018-01-01,0.7,,
ESTAT:TPS00185(1.0),23/04/26 23:00:00,A,PC,SC103,UK,2018-01-01,7.0,,
ESTAT:TPS00185(1.0),23/04/26 23:00:00,A,PC,SC102,AL,2019-01-01,19.7,,
ESTAT:TPS00185(1.0),23/04/26 23:00:00,A,PC,SC102,AT,2019-01-01,14.7,,
ESTAT:TPS00185(1.0),23/04/26 23:00:00,A,PC,SC102,BE,2019-01-01,19.5,b,
ESTAT:TPS00185(1.0),23/04/26 23:00:00,A,PC,SC102,BG,2019-01-01,1.0,,
ESTAT:TPS00185(1.0),23/04/26 23:00:00,A,PC,SC102,CH,2019-01-01,26.0,,
ESTAT:TPS00185(1.0),23/04/26 23:00:00,A,PC,SC102,CY,2019-01-01,6.3,,
ESTAT:TPS00185(1.0),23/04/26 23:00:00,A,PC,SC102,CZ,2019-01-01,3.4,,
ESTAT:TPS00185(1.0),23/04/26 23:00:00,A,PC,SC102,DE,2019-01-01,8.1,,
ESTAT:TPS00185(1.0),23/04/26 23:00:00,A,PC,SC102,DK,2019-01-01,7.9,,
ESTAT:TPS00185(1.0),23/04/26 23:00:00,A,PC,SC102,EA20,2019-01-01,16.1,,
ESTAT:TPS00185(1.0),23/04/26 23:00:00,A,PC,SC102,EE,2019-01-01,8.0,,
ESTAT:TPS00185(1.0),23/04/26 23:00:00,A,PC,SC102,EL,2019-01-01,18.4,,
ESTAT:TPS00185(1.0),23/04/26 23:00:00,A,PC,SC102,ES,2019-01-01,30.5,,
ESTAT:TPS00185(1.0),23/04/26 23:00:00,A,PC,SC102,EU27_2020,2019-01-01,13.6,,
ESTAT:TPS00185(1.0),23/04/26 23:00:00,A,PC,SC102,FI,2019-01-01,10.0,,
ESTAT:TPS00185(1.0),23/04/26 23:00:00,A,PC,SC102,FR,2019-01-01,17.2,,
ESTAT:TPS00185(1.0),23/04/26 23:00:00,A,PC,SC102,HR,2019-01-01,1.1,,
ESTAT:TPS00185(1.0),23/04/26 23:00:00,A,PC,SC102,HU,2019-01-01,3.4,b,
ESTAT:TPS00185(1.0),23/04/26 23:00:00,A,PC,SC102,IE,2019-01-01,18.0,b,
ESTAT:TPS00185(1.0),23/04/26 23:00:00,A,PC,SC102,IS,2019-01-01,5.1,,
ESTAT:TPS00185(1.0),23/04/26 23:00:00,A,PC,SC102,IT,2019-01-01,7.6,,
ESTAT:TPS00185(1.0),23/04/26 23:00:00,A,PC,SC102,LT,2019-01-01,3.7,,
ESTAT:TPS00185(1.0),23/04/26 23:00:00,A,PC,SC102,LU,2019-01-01,12.8,,
ESTAT:TPS00185(1.0),23/04/26 23:00:00,A,PC,SC102,LV,2019-01-01,1.0,,
ESTAT:TPS00185(1.0),23/04/26 23:00:00,A,PC,SC102,ME,2019-01-01,5.8,,
ESTAT:TPS00185(1.0),23/04/26 23:00:00,A,PC,SC102,MK,2019-01-01,2.7,,
ESTAT:TPS00185(1.0),23/04/26 23:00:00,A,PC,SC102,MT,2019-01-01,13.6,,
ESTAT:TPS00185(1.0),23/04/26 23:00:00,A,PC,SC102,NL,2019-01-01,58.6,,
ESTAT:TPS00185(1.0),23/04/26 23:00:00,A,PC,SC102,NO,2019-01-01,7.6,,
ESTAT:TPS00185(1.0),23/04/26 23:00:00,A,PC,SC102,PL,2019-01-01,1.9,,
ESTAT:TPS00185(1.0),23/04/26 23:00:00,A,PC,SC102,PT,2019-01-01,2.4,,
ESTAT:TPS00185(1.0),23/04/26 23:00:00,A,PC,SC102,RO,2019-01-01,13.1,,
ESTAT:TPS00185(1.0),23/04/26 23:00:00,A,PC,SC102,RS,2019-01-01,2.5,,
ESTAT:TPS00185(1.0),23/04/26 23:00:00,A,PC,SC102,SE,2019-01-01,16.0,,
ESTAT:TPS00185(1.0),23/04/26 23:00:00,A,PC,SC102,SI,2019-01-01,2.5,,
ESTAT:TPS00185(1.0),23/04/26 23:00:00,A,PC,SC102,SK,2019-01-01,1.5,,
ESTAT:TPS00185(1.0),23/04/26 23:00:00,A,PC,SC102,TR,2019-01-01,0.0,,
ESTAT:TPS00185(1.0),23/04/26 23:00:00,A,PC,SC103,AL,2019-01-01,7.8,,
ESTAT:TPS00185(1.0),23/04/26 23:00:00,A,PC,SC103,AT,2019-01-01,8.0,,
ESTAT:TPS00185(1.0),23/04/26 23:00:00,A,PC,SC103,BE,2019-01-01,35.7,b,
ESTAT:TPS00185(1.0),23/04/26 23:00:00,A,PC,SC103,BG,2019-01-01,18.7,,
ESTAT:TPS00185(1.0),23/04/26 23:00:00,A,PC,SC103,CH,2019-01-01,7.9,,
ESTAT:TPS00185(1.0),23/04/26 23:00:00,A,PC,SC103,CY,2019-01-01,23.9,,
ESTAT:TPS00185(1.0),23/04/26 23:00:00,A,PC,SC103,CZ,2019-01-01,2.9,,
ESTAT:TPS00185(1.0),23/04/26 23:00:00,A,PC,SC103,DE,2019-01-01,23.2,,
ESTAT:TPS00185(1.0),23/04/26 23:00:00,A,PC,SC103,DK,2019-01-01,58.1,,
ESTAT:TPS00185(1.0),23/04/26 23:00:00,A,PC,SC103,EA20,2019-01-01,24.1,,
ESTAT:TPS00185(1.0),23/04/26 23:00:00,A,PC,SC103,EE,2019-01-01,23.8,,
ESTAT:TPS00185(1.0),23/04/26 23:00:00,A,PC,SC103,EL,2019-01-01,14.0,,
ESTAT:TPS00185(1.0),23/04/26 23:00:00,A,PC,SC103,ES,2019-01-01,26.9,,
ESTAT:TPS00185(1.0),23/04/26 23:00:00,A,PC,SC103,EU27_2020,2019-01-01,21.4,,
ESTAT:TPS00185(1.0),23/04/26 23:00:00,A,PC,SC103,FI,2019-01-01,24.7,,
ESTAT:TPS00185(1.0),23/04/26 23:00:00,A,PC,SC103,FR,2019-01-01,33.6,,
ESTAT:TPS00185(1.0),23/04/26 23:00:00,A,PC,SC103,HR,2019-01-01,14.6,,
ESTAT:TPS00185(1.0),23/04/26 23:00:00,A,PC,SC103,HU,2019-01-01,14.2,b,
ESTAT:TPS00185(1.0),23/04/26 23:00:00,A,PC,SC103,IE,2019-01-01,14.0,b,
ESTAT:TPS00185(1.0),23/04/26 23:00:00,A,PC,SC103,IS,2019-01-01,94.9,,
ESTAT:TPS00185(1.0),23/04/26 23:00:00,A,PC,SC103,IT,2019-01-01,18.7,,
ESTAT:TPS00185(1.0),23/04/26 23:00:00,A,PC,SC103,LT,2019-01-01,22.9,,
ESTAT:TPS00185(1.0),23/04/26 23:00:00,A,PC,SC103,LU,2019-01-01,47.2,,
ESTAT:TPS00185(1.0),23/04/26 23:00:00,A,PC,SC103,LV,2019-01-01,24.6,,
ESTAT:TPS00185(1.0),23/04/26 23:00:00,A,PC,SC103,ME,2019-01-01,11.8,,
ESTAT:TPS00185(1.0),23/04/26 23:00:00,A,PC,SC103,MK,2019-01-01,10.3,,
ESTAT:TPS00185(1.0),23/04/26 23:00:00,A,PC,SC103,MT,2019-01-01,24.7,,
ESTAT:TPS00185(1.0),23/04/26 23:00:00,A,PC,SC103,NL,2019-01-01,6.2,,
ESTAT:TPS00185(1.0),23/04/26 23:00:00,A,PC,SC103,NO,2019-01-01,57.4,,
ESTAT:TPS00185(1.0),23/04/26 23:00:00,A,PC,SC103,PL,2019-01-01,8.3,,
ESTAT:TPS00185(1.0),23/04/26 23:00:00,A,PC,SC103,PT,2019-01-01,46.1,,
ESTAT:TPS00185(1.0),23/04/26 23:00:00,A,PC,SC103,RO,2019-01-01,1.0,,
ESTAT:TPS00185(1.0),23/04/26 23:00:00,A,PC,SC103,RS,2019-01-01,15.5,,
ESTAT:TPS00185(1.0),23/04/26 23:00:00,A,PC,SC103,SE,2019-01-01,37.1,,
ESTAT:TPS00185(1.0),23/04/26 23:00:00,A,PC,SC103,SI,2019-01-01,44.4,,
ESTAT:TPS00185(1.0),23/04/26 23:00:00,A,PC,SC103,SK,2019-01-01,4.6,,
ESTAT:TPS00185(1.0),23/04/26 23:00:00,A,PC,SC103,TR,2019-01-01,0.6,,
ESTAT:TPS00185(1.0),23/04/26 23:00:00,A,PC,SC102,AL,2020-01-01,14.7,,
ESTAT:TPS00185(1.0),23/04/26 23:00:00,A,PC,SC102,AT,2020-01-01,13.4,,
ESTAT:TPS00185(1.0),23/04/26 23:00:00,A,PC,SC102,BE,2020-01-01,18.8,,
ESTAT:TPS00185(1.0),23/04/26 23:00:00,A,PC,SC102,BG,2020-01-01,8.9,,
ESTAT:TPS00185(1.0),23/04/26 23:00:00,A,PC,SC102,CH,2020-01-01,25.3,,
ESTAT:TPS00185(1.0),23/04/26 23:00:00,A,PC,SC102,CY,2020-01-01,3.8,,
ESTAT:TPS00185(1.0),23/04/26 23:00:00,A,PC,SC102,CZ,2020-01-01,2.3,,
ESTAT:TPS00185(1.0),23/04/26 23:00:00,A,PC,SC102,DE,2020-01-01,6.2,b,
ESTAT:TPS00185(1.0),23/04/26 23:00:00,A,PC,SC102,DK,2020-01-01,7.6,,
ESTAT:TPS00185(1.0),23/04/26 23:00:00,A,PC,SC102,EA20,2020-01-01,16.4,,
ESTAT:TPS00185(1.0),23/04/26 23:00:00,A,PC,SC102,EE,2020-01-01,9.0,,
ESTAT:TPS00185(1.0),23/04/26 23:00:00,A,PC,SC102,EL,2020-01-01,11.1,,
ESTAT:TPS00185(1.0),23/04/26 23:00:00,A,PC,SC102,ES,2020-01-01,23.9,,
ESTAT:TPS00185(1.0),23/04/26 23:00:00,A,PC,SC102,EU27_2020,2020-01-01,13.4,,
ESTAT:TPS00185(1.0),23/04/26 23:00:00,A,PC,SC102,FI,2020-01-01,8.4,,
ESTAT:TPS00185(1.0),23/04/26 23:00:00,A,PC,SC102,FR,2020-01-01,20.7,b,
ESTAT:TPS00185(1.0),23/04/26 23:00:00,A,PC,SC102,HR,2020-01-01,0.2,,
ESTAT:TPS00185(1.0),23/04/26 23:00:00,A,PC,SC102,HU,2020-01-01,1.6,,
ESTAT:TPS00185(1.0),23/04/26 23:00:00,A,PC,SC102,IE,2020-01-01,7.3,b,
ESTAT:TPS00185(1.0),23/04/26 23:00:00,A,PC,SC102,IS,2020-01-01,3.0,,
ESTAT:TPS00185(1.0),23/04/26 23:00:00,A,PC,SC102,LT,2020-01-01,1.5,,
ESTAT:TPS00185(1.0),23/04/26 23:00:00,A,PC,SC102,LU,2020-01-01,16.5,b,
ESTAT:TPS00185(1.0),23/04/26 23:00:00,A,PC,SC102,LV,2020-01-01,0.6,,
ESTAT:TPS00185(1.0),23/04/26 23:00:00,A,PC,SC102,ME,2020-01-01,1.7,,
ESTAT:TPS00185(1.0),23/04/26 23:00:00,A,PC,SC102,MK,2020-01-01,1.4,,
ESTAT:TPS00185(1.0),23/04/26 23:00:00,A,PC,SC102,MT,2020-01-01,18.2,,
ESTAT:TPS00185(1.0),23/04/26 23:00:00,A,PC,SC102,NL,2020-01-01,57.9,,
ESTAT:TPS00185(1.0),23/04/26 23:00:00,A,PC,SC102,NO,2020-01-01,5.7,,
ESTAT:TPS00185(1.0),23/04/26 23:00:00,A,PC,SC102,PL,2020-01-01,2.0,,
ESTAT:TPS00185(1.0),23/04/26 23:00:00,A,PC,SC102,PT,2020-01-01,1.6,,
ESTAT:TPS00185(1.0),23/04/26 23:00:00,A,PC,SC102,RO,2020-01-01,6.2,,
ESTAT:TPS00185(1.0),23/04/26 23:00:00,A,PC,SC102,RS,2020-01-01,5.4,,
ESTAT:TPS00185(1.0),23/04/26 23:00:00,A,PC,SC102,SE,2020-01-01,18.5,,
ESTAT:TPS00185(1.0),23/04/26 23:00:00,A,PC,SC102,SI,2020-01-01,2.2,,
ESTAT:TPS00185(1.0),23/04/26 23:00:00,A,PC,SC102,SK,2020-01-01,0.0,,
ESTAT:TPS00185(1.0),23/04/26 23:00:00,A,PC,SC102,TR,2020-01-01,0.0,,
ESTAT:TPS00185(1.0),23/04/26 23:00:00,A,PC,SC103,AL,2020-01-01,6.9,,
ESTAT:TPS00185(1.0),23/04/26 23:00:00,A,PC,SC103,AT,2020-01-01,7.7,,
ESTAT:TPS00185(1.0),23/04/26 23:00:00,A,PC,SC103,BE,2020-01-01,35.5,,
ESTAT:TPS00185(1.0),23/04/26 23:00:00,A,PC,SC103,BG,2020-01-01,6.1,,
ESTAT:TPS00185(1.0),23/04/26 23:00:00,A,PC,SC103,CH,2020-01-01,6.1,,
ESTAT:TPS00185(1.0),23/04/26 23:00:00,A,PC,SC103,CY,2020-01-01,17.8,,
ESTAT:TPS00185(1.0),23/04/26 23:00:00,A,PC,SC103,CZ,2020-01-01,2.5,,
ESTAT:TPS00185(1.0),23/04/26 23:00:00,A,PC,SC103,DE,2020-01-01,10.2,b,
ESTAT:TPS00185(1.0),23/04/26 23:00:00,A,PC,SC103,DK,2020-01-01,60.1,,
ESTAT:TPS00185(1.0),23/04/26 23:00:00,A,PC,SC103,EA20,2020-01-01,21.7,,
ESTAT:TPS00185(1.0),23/04/26 23:00:00,A,PC,SC103,EE,2020-01-01,17.7,,
ESTAT:TPS00185(1.0),23/04/26 23:00:00,A,PC,SC103,EL,2020-01-01,10.4,,
ESTAT:TPS00185(1.0),23/04/26 23:00:00,A,PC,SC103,ES,2020-01-01,21.6,,
ESTAT:TPS00185(1.0),23/04/26 23:00:00,A,PC,SC103,EU27_2020,2020-01-01,19.4,,
ESTAT:TPS00185(1.0),23/04/26 23:00:00,A,PC,SC103,FI,2020-01-01,27.4,,
ESTAT:TPS00185(1.0),23/04/26 23:00:00,A,PC,SC103,FR,2020-01-01,36.5,b,
ESTAT:TPS00185(1.0),23/04/26 23:00:00,A,PC,SC103,HR,2020-01-01,20.2,,
ESTAT:TPS00185(1.0),23/04/26 23:00:00,A,PC,SC103,HU,2020-01-01,9.5,,
ESTAT:TPS00185(1.0),23/04/26 23:00:00,A,PC,SC103,IE,2020-01-01,10.5,b,
ESTAT:TPS00185(1.0),23/04/26 23:00:00,A,PC,SC103,IS,2020-01-01,97.0,,
ESTAT:TPS00185(1.0),23/04/26 23:00:00,A,PC,SC103,LT,2020-01-01,14.7,,
ESTAT:TPS00185(1.0),23/04/26 23:00:00,A,PC,SC103,LU,2020-01-01,46.7,b,
ESTAT:TPS00185(1.0),23/04/26 23:00:00,A,PC,SC103,LV,2020-01-01,23.6,,
ESTAT:TPS00185(1.0),23/04/26 23:00:00,A,PC,SC103,ME,2020-01-01,12.0,,
ESTAT:TPS00185(1.0),23/04/26 23:00:00,A,PC,SC103,MK,2020-01-01,4.9,,
ESTAT:TPS00185(1.0),23/04/26 23:00:00,A,PC,SC103,MT,2020-01-01,11.5,,
ESTAT:TPS00185(1.0),23/04/26 23:00:00,A,PC,SC103,NL,2020-01-01,9.7,,
ESTAT:TPS00185(1.0),23/04/26 23:00:00,A,PC,SC103,NO,2020-01-01,56.4,,
ESTAT:TPS00185(1.0),23/04/26 23:00:00,A,PC,SC103,PL,2020-01-01,9.2,,
ESTAT:TPS00185(1.0),23/04/26 23:00:00,A,PC,SC103,PT,2020-01-01,41.9,,
ESTAT:TPS00185(1.0),23/04/26 23:00:00,A,PC,SC103,RO,2020-01-01,0.6,,
ESTAT:TPS00185(1.0),23/04/26 23:00:00,A,PC,SC103,RS,2020-01-01,13.4,,
ESTAT:TPS00185(1.0),23/04/26 23:00:00,A,PC,SC103,SE,2020-01-01,35.6,,
ESTAT:TPS00185(1.0),23/04/26 23:00:00,A,PC,SC103,SI,2020-01-01,42.1,,
ESTAT:TPS00185(1.0),23/04/26 23:00:00,A,PC,SC103,SK,2020-01-01,4.4,,
ESTAT:TPS00185(1.0),23/04/26 23:00:00,A,PC,SC103,TR,2020-01-01,0.5,,
ESTAT:TPS00185(1.0),23/04/26 23:00:00,A,PC,SC102,AL,2021-01-01,11.0,,
ESTAT:TPS00185(1.0),23/04/26 23:00:00,A,PC,SC102,AT,2021-01-01,18.4,,
ESTAT:TPS00185(1.0),23/04/26 23:00:00,A,PC,SC102,BE,2021-01-01,17.5,,
ESTAT:TPS00185(1.0),23/04/26 23:00:00,A,PC,SC102,BG,2021-01-01,1.8,,
ESTAT:TPS00185(1.0),23/04/26 23:00:00,A,PC,SC102,CH,2021-01-01,25.1,,
ESTAT:TPS00185(1.0),23/04/26 23:00:00,A,PC,SC102,CY,2021-01-01,7.2,,
ESTAT:TPS00185(1.0),23/04/26 23:00:00,A,PC,SC102,CZ,2021-01-01,4.1,,
ESTAT:TPS00185(1.0),23/04/26 23:00:00,A,PC,SC102,DE,2021-01-01,14.1,,
ESTAT:TPS00185(1.0),23/04/26 23:00:00,A,PC,SC102,DK,2021-01-01,8.1,,
ESTAT:TPS00185(1.0),23/04/26 23:00:00,A,PC,SC102,EA20,2021-01-01,19.6,,
ESTAT:TPS00185(1.0),23/04/26 23:00:00,A,PC,SC102,EE,2021-01-01,5.3,,
ESTAT:TPS00185(1.0),23/04/26 23:00:00,A,PC,SC102,EL,2021-01-01,15.8,,
ESTAT:TPS00185(1.0),23/04/26 23:00:00,A,PC,SC102,ES,2021-01-01,30.0,,
ESTAT:TPS00185(1.0),23/04/26 23:00:00,A,PC,SC102,EU27_2020,2021-01-01,16.0,,
ESTAT:TPS00185(1.0),23/04/26 23:00:00,A,PC,SC102,FI,2021-01-01,7.7,,
ESTAT:TPS00185(1.0),23/04/26 23:00:00,A,PC,SC102,FR,2021-01-01,20.2,,
ESTAT:TPS00185(1.0),23/04/26 23:00:00,A,PC,SC102,HR,2021-01-01,1.0,,
ESTAT:TPS00185(1.0),23/04/26 23:00:00,A,PC,SC102,HU,2021-01-01,2.8,,
ESTAT:TPS00185(1.0),23/04/26 23:00:00,A,PC,SC102,IE,2021-01-01,7.7,,
ESTAT:TPS00185(1.0),23/04/26 23:00:00,A,PC,SC102,IT,2021-01-01,15.7,,
ESTAT:TPS00185(1.0),23/04/26 23:00:00,A,PC,SC102,LT,2021-01-01,2.3,,
ESTAT:TPS00185(1.0),23/04/26 23:00:00,A,PC,SC102,LU,2021-01-01,20.2,,
ESTAT:TPS00185(1.0),23/04/26 23:00:00,A,PC,SC102,LV,2021-01-01,1.6,,
ESTAT:TPS00185(1.0),23/04/26 23:00:00,A,PC,SC102,ME,2021-01-01,2.9,,
ESTAT:TPS00185(1.0),23/04/26 23:00:00,A,PC,SC102,MK,2021-01-01,0.6,b,
ESTAT:TPS00185(1.0),23/04/26 23:00:00,A,PC,SC102,MT,2021-01-01,12.8,,
ESTAT:TPS00185(1.0),23/04/26 23:00:00,A,PC,SC102,NL,2021-01-01,66.3,,
ESTAT:TPS00185(1.0),23/04/26 23:00:00,A,PC,SC102,NO,2021-01-01,49.2,b,
ESTAT:TPS00185(1.0),23/04/26 23:00:00,A,PC,SC102,PL,2021-01-01,4.4,,
ESTAT:TPS00185(1.0),23/04/26 23:00:00,A,PC,SC102,PT,2021-01-01,0.9,,
ESTAT:TPS00185(1.0),23/04/26 23:00:00,A,PC,SC102,RO,2021-01-01,1.7,,
ESTAT:TPS00185(1.0),23/04/26 23:00:00,A,PC,SC102,RS,2021-01-01,2.7,,
ESTAT:TPS00185(1.0),23/04/26 23:00:00,A,PC,SC102,SE,2021-01-01,16.6,,
ESTAT:TPS00185(1.0),23/04/26 23:00:00,A,PC,SC102,SI,2021-01-01,8.8,,
ESTAT:TPS00185(1.0),23/04/26 23:00:00,A,PC,SC102,SK,2021-01-01,1.8,,
ESTAT:TPS00185(1.0),23/04/26 23:00:00,A,PC,SC102,TR,2021-01-01,0.0,n,
ESTAT:TPS00185(1.0),23/04/26 23:00:00,A,PC,SC103,AL,2021-01-01,3.9,,
ESTAT:TPS00185(1.0),23/04/26 23:00:00,A,PC,SC103,AT,2021-01-01,10.1,,
ESTAT:TPS00185(1.0),23/04/26 23:00:00,A,PC,SC103,BE,2021-01-01,33.6,,
ESTAT:TPS00185(1.0),23/04/26 23:00:00,A,PC,SC103,BG,2021-01-01,16.9,,
ESTAT:TPS00185(1.0),23/04/26 23:00:00,A,PC,SC103,CH,2021-01-01,5.4,,
ESTAT:TPS00185(1.0),23/04/26 23:00:00,A,PC,SC103,CY,2021-01-01,19.1,,
ESTAT:TPS00185(1.0),23/04/26 23:00:00,A,PC,SC103,CZ,2021-01-01,0.8,,
ESTAT:TPS00185(1.0),23/04/26 23:00:00,A,PC,SC103,DE,2021-01-01,17.3,,
ESTAT:TPS00185(1.0),23/04/26 23:00:00,A,PC,SC103,DK,2021-01-01,61.0,,
ESTAT:TPS00185(1.0),23/04/26 23:00:00,A,PC,SC103,EA20,2021-01-01,23.6,,
ESTAT:TPS00185(1.0),23/04/26 23:00:00,A,PC,SC103,EE,2021-01-01,20.4,,
ESTAT:TPS00185(1.0),23/04/26 23:00:00,A,PC,SC103,EL,2021-01-01,16.5,,
ESTAT:TPS00185(1.0),23/04/26 23:00:00,A,PC,SC103,ES,2021-01-01,25.3,,
ESTAT:TPS00185(1.0),23/04/26 23:00:00,A,PC,SC103,EU27_2020,2021-01-01,21.8,,
ESTAT:TPS00185(1.0),23/04/26 23:00:00,A,PC,SC103,FI,2021-01-01,31.4,,
ESTAT:TPS00185(1.0),23/04/26 23:00:00,A,PC,SC103,FR,2021-01-01,36.9,,
ESTAT:TPS00185(1.0),23/04/26 23:00:00,A,PC,SC103,HR,2021-01-01,32.3,,
ESTAT:TPS00185(1.0),23/04/26 23:00:00,A,PC,SC103,HU,2021-01-01,11.0,,
ESTAT:TPS00185(1.0),23/04/26 23:00:00,A,PC,SC103,IE,2021-01-01,7.1,,
ESTAT:TPS00185(1.0),23/04/26 23:00:00,A,PC,SC103,IT,2021-01-01,17.7,,
ESTAT:TPS00185(1.0),23/04/26 23:00:00,A,PC,SC103,LT,2021-01-01,19.1,,
ESTAT:TPS00185(1.0),23/04/26 23:00:00,A,PC,SC103,LU,2021-01-01,41.8,,
ESTAT:TPS00185(1.0),23/04/26 23:00:00,A,PC,SC103,LV,2021-01-01,27.6,,
ESTAT:TPS00185(1.0),23/04/26 23:00:00,A,PC,SC103,ME,2021-01-01,5.9,,
ESTAT:TPS00185(1.0),23/04/26 23:00:00,A,PC,SC103,MK,2021-01-01,7.1,b,
ESTAT:TPS00185(1.0),23/04/26 23:00:00,A,PC,SC103,MT,2021-01-01,11.2,,
ESTAT:TPS00185(1.0),23/04/26 23:00:00,A,PC,SC103,NL,2021-01-01,7.9,,
ESTAT:TPS00185(1.0),23/04/26 23:00:00,A,PC,SC103,NO,2021-01-01,0.0,b,
ESTAT:TPS00185(1.0),23/04/26 23:00:00,A,PC,SC103,PL,2021-01-01,12.8,,
ESTAT:TPS00185(1.0),23/04/26 23:00:00,A,PC,SC103,PT,2021-01-01,42.4,,
ESTAT:TPS00185(1.0),23/04/26 23:00:00,A,PC,SC103,RO,2021-01-01,7.8,,
ESTAT:TPS00185(1.0),23/04/26 23:00:00,A,PC,SC103,RS,2021-01-01,15.3,,
ESTAT:TPS00185(1.0),23/04/26 23:00:00,A,PC,SC103,SE,2021-01-01,39.2,,
ESTAT:TPS00185(1.0),23/04/26 23:00:00,A,PC,SC103,SI,2021-01-01,38.7,,
ESTAT:TPS00185(1.0),23/04/26 23:00:00,A,PC,SC103,SK,2021-01-01,0.5,,
ESTAT:TPS00185(1.0),23/04/26 23:00:00,A,PC,SC103,TR,2021-01-01,0.3,,
ESTAT:TPS00185(1.0),23/04/26 23:00:00,A,PC,SC102,AL,2022-01-01,15.8,,
ESTAT:TPS00185(1.0),23/04/26 23:00:00,A,PC,SC102,AT,2022-01-01,14.6,,
ESTAT:TPS00185(1.0),23/04/26 23:00:00,A,PC,SC102,BE,2022-01-01,17.6,,
ESTAT:TPS00185(1.0),23/04/26 23:00:00,A,PC,SC102,BG,2022-01-01,6.0,,
ESTAT:TPS00185(1.0),23/04/26 23:00:00,A,PC,SC102,CH,2022-01-01,26.6,,
ESTAT:TPS00185(1.0),23/04/26 23:00:00,A,PC,SC102,CY,2022-01-01,4.3,,
ESTAT:TPS00185(1.0),23/04/26 23:00:00,A,PC,SC102,CZ,2022-01-01,5.0,,
ESTAT:TPS00185(1.0),23/04/26 23:00:00,A,PC,SC102,DE,2022-01-01,6.7,,
ESTAT:TPS00185(1.0),23/04/26 23:00:00,A,PC,SC102,DK,2022-01-01,6.8,,
ESTAT:TPS00185(1.0),23/04/26 23:00:00,A,PC,SC102,EA20,2022-01-01,15.7,,
ESTAT:TPS00185(1.0),23/04/26 23:00:00,A,PC,SC102,EE,2022-01-01,12.3,,
ESTAT:TPS00185(1.0),23/04/26 23:00:00,A,PC,SC102,EL,2022-01-01,8.7,,
ESTAT:TPS00185(1.0),23/04/26 23:00:00,A,PC,SC102,ES,2022-01-01,25.9,,
ESTAT:TPS00185(1.0),23/04/26 23:00:00,A,PC,SC102,EU27_2020,2022-01-01,13.3,,
ESTAT:TPS00185(1.0),23/04/26 23:00:00,A,PC,SC102,FI,2022-01-01,8.0,,
ESTAT:TPS00185(1.0),23/04/26 23:00:00,A,PC,SC102,FR,2022-01-01,18.7,b,
ESTAT:TPS00185(1.0),23/04/26 23:00:00,A,PC,SC102,HR,2022-01-01,1.8,,
ESTAT:TPS00185(1.0),23/04/26 23:00:00,A,PC,SC102,HU,2022-01-01,3.9,,
ESTAT:TPS00185(1.0),23/04/26 23:00:00,A,PC,SC102,IE,2022-01-01,6.8,,
ESTAT:TPS00185(1.0),23/04/26 23:00:00,A,PC,SC102,IT,2022-01-01,10.8,,
ESTAT:TPS00185(1.0),23/04/26 23:00:00,A,PC,SC102,LT,2022-01-01,0.4,,
ESTAT:TPS00185(1.0),23/04/26 23:00:00,A,PC,SC102,LU,2022-01-01,18.2,b,
ESTAT:TPS00185(1.0),23/04/26 23:00:00,A,PC,SC102,LV,2022-01-01,2.1,,
ESTAT:TPS00185(1.0),23/04/26 23:00:00,A,PC,SC102,MK,2022-01-01,1.7,,
ESTAT:TPS00185(1.0),23/04/26 23:00:00,A,PC,SC102,MT,2022-01-01,19.5,,
ESTAT:TPS00185(1.0),23/04/26 23:00:00,A,PC,SC102,NL,2022-01-01,61.3,,
ESTAT:TPS00185(1.0),23/04/26 23:00:00,A,PC,SC102,PL,2022-01-01,1.6,,
ESTAT:TPS00185(1.0),23/04/26 23:00:00,A,PC,SC102,PT,2022-01-01,2.1,,
ESTAT:TPS00185(1.0),23/04/26 23:00:00,A,PC,SC102,RO,2022-01-01,8.0,,
ESTAT:TPS00185(1.0),23/04/26 23:00:00,A,PC,SC102,RS,2022-01-01,5.1,,
ESTAT:TPS00185(1.0),23/04/26 23:00:00,A,PC,SC102,SE,2022-01-01,16.3,,
ESTAT:TPS00185(1.0),23/04/26 23:00:00,A,PC,SC102,SI,2022-01-01,2.6,,
ESTAT:TPS00185(1.0),23/04/26 23:00:00,A,PC,SC102,SK,2022-01-01,0.0,,
ESTAT:TPS00185(1.0),23/04/26 23:00:00,A,PC,SC102,TR,2022-01-01,0.2,,
ESTAT:TPS00185(1.0),23/04/26 23:00:00,A,PC,SC103,AL,2022-01-01,8.0,,
ESTAT:TPS00185(1.0),23/04/26 23:00:00,A,PC,SC103,AT,2022-01-01,8.4,,
ESTAT:TPS00185(1.0),23/04/26 23:00:00,A,PC,SC103,BE,2022-01-01,34.9,,
ESTAT:TPS00185(1.0),23/04/26 23:00:00,A,PC,SC103,BG,2022-01-01,11.4,,
ESTAT:TPS00185(1.0),23/04/26 23:00:00,A,PC,SC103,CH,2022-01-01,5.1,,
ESTAT:TPS00185(1.0),23/04/26 23:00:00,A,PC,SC103,CY,2022-01-01,20.2,,
ESTAT:TPS00185(1.0),23/04/26 23:00:00,A,PC,SC103,CZ,2022-01-01,1.8,,
ESTAT:TPS00185(1.0),23/04/26 23:00:00,A,PC,SC103,DE,2022-01-01,17.9,,
ESTAT:TPS00185(1.0),23/04/26 23:00:00,A,PC,SC103,DK,2022-01-01,67.9,,
ESTAT:TPS00185(1.0),23/04/26 23:00:00,A,PC,SC103,EA20,2022-01-01,24.4,,
ESTAT:TPS00185(1.0),23/04/26 23:00:00,A,PC,SC103,EE,2022-01-01,21.4,,
ESTAT:TPS00185(1.0),23/04/26 23:00:00,A,PC,SC103,EL,2022-01-01,20.4,,
ESTAT:TPS00185(1.0),23/04/26 23:00:00,A,PC,SC103,ES,2022-01-01,22.7,,
ESTAT:TPS00185(1.0),23/04/26 23:00:00,A,PC,SC103,EU27_2020,2022-01-01,22.5,,
ESTAT:TPS00185(1.0),23/04/26 23:00:00,A,PC,SC103,FI,2022-01-01,32.0,,
ESTAT:TPS00185(1.0),23/04/26 23:00:00,A,PC,SC103,FR,2022-01-01,37.5,b,
ESTAT:TPS00185(1.0),23/04/26 23:00:00,A,PC,SC103,HR,2022-01-01,25.7,,
ESTAT:TPS00185(1.0),23/04/26 23:00:00,A,PC,SC103,HU,2022-01-01,9.0,,
ESTAT:TPS00185(1.0),23/04/26 23:00:00,A,PC,SC103,IE,2022-01-01,11.5,,
ESTAT:TPS00185(1.0),23/04/26 23:00:00,A,PC,SC103,IT,2022-01-01,20.1,,
ESTAT:TPS00185(1.0),23/04/26 23:00:00,A,PC,SC103,LT,2022-01-01,22.4,,
ESTAT:TPS00185(1.0),23/04/26 23:00:00,A,PC,SC103,LU,2022-01-01,36.5,b,
ESTAT:TPS00185(1.0),23/04/26 23:00:00,A,PC,SC103,LV,2022-01-01,30.6,,
ESTAT:TPS00185(1.0),23/04/26 23:00:00,A,PC,SC103,MK,2022-01-01,12.7,,
ESTAT:TPS00185(1.0),23/04/26 23:00:00,A,PC,SC103,MT,2022-01-01,23.6,,
ESTAT:TPS00185(1.0),23/04/26 23:00:00,A,PC,SC103,NL,2022-01-01,11.0,,
ESTAT:TPS00185(1.0),23/04/26 23:00:00,A,PC,SC103,PL,2022-01-01,14.3,,
ESTAT:TPS00185(1.0),23/04/26 23:00:00,A,PC,SC103,PT,2022-01-01,45.1,,
ESTAT:TPS00185(1.0),23/04/26 23:00:00,A,PC,SC103,RO,2022-01-01,4.3,,
ESTAT:TPS00185(1.0),23/04/26 23:00:00,A,PC,SC103,RS,2022-01-01,17.6,,
ESTAT:TPS00185(1.0),23/04/26 23:00:00,A,PC,SC103,SE,2022-01-01,38.1,,
ESTAT:TPS00185(1.0),23/04/26 23:00:00,A,PC,SC103,SI,2022-01-01,49.7,,
ESTAT:TPS00185(1.0),23/04/26 23:00:00,A,PC,SC103,SK,2022-01-01,2.3,,
ESTAT:TPS00185(1.0),23/04/26 23:00:00,A,PC,SC103,TR,2022-01-01,0.6,,
ESTAT:TPS00185(1.0),23/04/26 23:00:00,A,PC,SC102,AL,2023-01-01,23.6,,
ESTAT:TPS00185(1.0),23/04/26 23:00:00,A,PC,SC102,AT,2023-01-01,17.3,,
ESTAT:TPS00185(1.0),23/04/26 23:00:00,A,PC,SC102,BE,2023-01-01,20.0,,
ESTAT:TPS00185(1.0),23/04/26 23:00:00,A,PC,SC102,BG,2023-01-01,2.8,,
ESTAT:TPS00185(1.0),23/04/26 23:00:00,A,PC,SC102,CH,2023-01-01,27.8,,
ESTAT:TPS00185(1.0),23/04/26 23:00:00,A,PC,SC102,CY,2023-01-01,8.9,,
ESTAT:TPS00185(1.0),23/04/26 23:00:00,A,PC,SC102,CZ,2023-01-01,3.0,,
ESTAT:TPS00185(1.0),23/04/26 23:00:00,A,PC,SC102,DE,2023-01-01,8.4,,
ESTAT:TPS00185(1.0),23/04/26 23:00:00,A,PC,SC102,DK,2023-01-01,8.0,b,
ESTAT:TPS00185(1.0),23/04/26 23:00:00,A,PC,SC102,EA20,2023-01-01,17.1,,
ESTAT:TPS00185(1.0),23/04/26 23:00:00,A,PC,SC102,EE,2023-01-01,12.2,,
ESTAT:TPS00185(1.0),23/04/26 23:00:00,A,PC,SC102,EL,2023-01-01,12.0,,
ESTAT:TPS00185(1.0),23/04/26 23:00:00,A,PC,SC102,ES,2023-01-01,27.0,,
ESTAT:TPS00185(1.0),23/04/26 23:00:00,A,PC,SC102,EU27_2020,2023-01-01,14.1,,
ESTAT:TPS00185(1.0),23/04/26 23:00:00,A,PC,SC102,FI,2023-01-01,9.9,,
ESTAT:TPS00185(1.0),23/04/26 23:00:00,A,PC,SC102,FR,2023-01-01,17.8,,
ESTAT:TPS00185(1.0),23/04/26 23:00:00,A,PC,SC102,HR,2023-01-01,4.4,,
ESTAT:TPS00185(1.0),23/04/26 23:00:00,A,PC,SC102,HU,2023-01-01,3.9,,
ESTAT:TPS00185(1.0),23/04/26 23:00:00,A,PC,SC102,IE,2023-01-01,10.7,,
ESTAT:TPS00185(1.0),23/04/26 23:00:00,A,PC,SC102,IT,2023-01-01,14.1,,
ESTAT:TPS00185(1.0),23/04/26 23:00:00,A,PC,SC102,LT,2023-01-01,3.1,,
ESTAT:TPS00185(1.0),23/04/26 23:00:00,A,PC,SC102,LU,2023-01-01,15.5,,
ESTAT:TPS00185(1.0),23/04/26 23:00:00,A,PC,SC102,LV,2023-01-01,2.6,,
ESTAT:TPS00185(1.0),23/04/26 23:00:00,A,PC,SC102,MK,2023-01-01,3.6,,
ESTAT:TPS00185(1.0),23/04/26 23:00:00,A,PC,SC102,MT,2023-01-01,21.0,,
ESTAT:TPS00185(1.0),23/04/26 23:00:00,A,PC,SC102,NL,2023-01-01,62.3,,
ESTAT:TPS00185(1.0),23/04/26 23:00:00,A,PC,SC102,NO,2023-01-01,3.3,,
ESTAT:TPS00185(1.0),23/04/26 23:00:00,A,PC,SC102,PL,2023-01-01,1.4,,
ESTAT:TPS00185(1.0),23/04/26 23:00:00,A,PC,SC102,PT,2023-01-01,1.6,,
ESTAT:TPS00185(1.0),23/04/26 23:00:00,A,PC,SC102,RO,2023-01-01,4.3,,
ESTAT:TPS00185(1.0),23/04/26 23:00:00,A,PC,SC102,RS,2023-01-01,2.9,,
ESTAT:TPS00185(1.0),23/04/26 23:00:00,A,PC,SC102,SE,2023-01-01,13.5,,
ESTAT:TPS00185(1.0),23/04/26 23:00:00,A,PC,SC102,SI,2023-01-01,3.4,,
ESTAT:TPS00185(1.0),23/04/26 23:00:00,A,PC,SC102,SK,2023-01-01,0.0,,
ESTAT:TPS00185(1.0),23/04/26 23:00:00,A,PC,SC102,TR,2023-01-01,0.1,,
ESTAT:TPS00185(1.0),23/04/26 23:00:00,A,PC,SC103,AL,2023-01-01,6.4,,
ESTAT:TPS00185(1.0),23/04/26 23:00:00,A,PC,SC103,AT,2023-01-01,6.8,,
ESTAT:TPS00185(1.0),23/04/26 23:00:00,A,PC,SC103,BE,2023-01-01,36.2,,
ESTAT:TPS00185(1.0),23/04/26 23:00:00,A,PC,SC103,BG,2023-01-01,14.6,,
ESTAT:TPS00185(1.0),23/04/26 23:00:00,A,PC,SC103,CH,2023-01-01,9.4,,
ESTAT:TPS00185(1.0),23/04/26 23:00:00,A,PC,SC103,CY,2023-01-01,28.5,,
ESTAT:TPS00185(1.0),23/04/26 23:00:00,A,PC,SC103,CZ,2023-01-01,1.4,,
ESTAT:TPS00185(1.0),23/04/26 23:00:00,A,PC,SC103,DE,2023-01-01,14.9,,
ESTAT:TPS00185(1.0),23/04/26 23:00:00,A,PC,SC103,DK,2023-01-01,61.9,b,
ESTAT:TPS00185(1.0),23/04/26 23:00:00,A,PC,SC103,EA20,2023-01-01,25.1,,
ESTAT:TPS00185(1.0),23/04/26 23:00:00,A,PC,SC103,EE,2023-01-01,25.7,,
ESTAT:TPS00185(1.0),23/04/26 23:00:00,A,PC,SC103,EL,2023-01-01,17.6,,
ESTAT:TPS00185(1.0),23/04/26 23:00:00,A,PC,SC103,ES,2023-01-01,28.8,,
ESTAT:TPS00185(1.0),23/04/26 23:00:00,A,PC,SC103,EU27_2020,2023-01-01,23.2,,
ESTAT:TPS00185(1.0),23/04/26 23:00:00,A,PC,SC103,FI,2023-01-01,34.0,,
ESTAT:TPS00185(1.0),23/04/26 23:00:00,A,PC,SC103,FR,2023-01-01,39.6,,
ESTAT:TPS00185(1.0),23/04/26 23:00:00,A,PC,SC103,HR,2023-01-01,25.2,,
ESTAT:TPS00185(1.0),23/04/26 23:00:00,A,PC,SC103,HU,2023-01-01,16.6,,
ESTAT:TPS00185(1.0),23/04/26 23:00:00,A,PC,SC103,IE,2023-01-01,11.4,,
ESTAT:TPS00185(1.0),23/04/26 23:00:00,A,PC,SC103,IT,2023-01-01,20.4,,
ESTAT:TPS00185(1.0),23/04/26 23:00:00,A,PC,SC103,LT,2023-01-01,16.8,,
ESTAT:TPS00185(1.0),23/04/26 23:00:00,A,PC,SC103,LU,2023-01-01,44.5,,
ESTAT:TPS00185(1.0),23/04/26 23:00:00,A,PC,SC103,LV,2023-01-01,32.3,,
ESTAT:TPS00185(1.0),23/04/26 23:00:00,A,PC,SC103,MK,2023-01-01,13.9,,
ESTAT:TPS00185(1.0),23/04/26 23:00:00,A,PC,SC103,MT,2023-01-01,30.0,,
ESTAT:TPS00185(1.0),23/04/26 23:00:00,A,PC,SC103,NL,2023-01-01,9.2,,
ESTAT:TPS00185(1.0),23/04/26 23:00:00,A,PC,SC103,NO,2023-01-01,56.5,,
ESTAT:TPS00185(1.0),23/04/26 23:00:00,A,PC,SC103,PL,2023-01-01,11.2,,
ESTAT:TPS00185(1.0),23/04/26 23:00:00,A,PC,SC103,PT,2023-01-01,53.9,,
ESTAT:TPS00185(1.0),23/04/26 23:00:00,A,PC,SC103,RO,2023-01-01,8.0,,
ESTAT:TPS00185(1.0),23/04/26 23:00:00,A,PC,SC103,RS,2023-01-01,18.2,,
ESTAT:TPS00185(1.0),23/04/26 23:00:00,A,PC,SC103,SE,2023-01-01,43.4,,
ESTAT:TPS00185(1.0),23/04/26 23:00:00,A,PC,SC103,SI,2023-01-01,53.2,,
ESTAT:TPS00185(1.0),23/04/26 23:00:00,A,PC,SC103,SK,2023-01-01,1.0,,
ESTAT:TPS00185(1.0),23/04/26 23:00:00,A,PC,SC103,TR,2023-01-01,0.7,,
ESTAT:TPS00185(1.0),23/04/26 23:00:00,A,PC,SC102,AT,2024-01-01,19.3,,
ESTAT:TPS00185(1.0),23/04/26 23:00:00,A,PC,SC102,BE,2024-01-01,19.9,,
ESTAT:TPS00185(1.0),23/04/26 23:00:00,A,PC,SC102,BG,2024-01-01,3.0,,
ESTAT:TPS00185(1.0),23/04/26 23:00:00,A,PC,SC102,CH,2024-01-01,29.2,,
ESTAT:TPS00185(1.0),23/04/26 23:00:00,A,PC,SC102,CY,2024-01-01,5.6,,
ESTAT:TPS00185(1.0),23/04/26 23:00:00,A,PC,SC102,CZ,2024-01-01,5.1,,
ESTAT:TPS00185(1.0),23/04/26 23:00:00,A,PC,SC102,DE,2024-01-01,9.4,,
ESTAT:TPS00185(1.0),23/04/26 23:00:00,A,PC,SC102,DK,2024-01-01,5.8,,
ESTAT:TPS00185(1.0),23/04/26 23:00:00,A,PC,SC102,EA20,2024-01-01,17.5,,
ESTAT:TPS00185(1.0),23/04/26 23:00:00,A,PC,SC102,EE,2024-01-01,9.1,,
ESTAT:TPS00185(1.0),23/04/26 23:00:00,A,PC,SC102,EL,2024-01-01,9.0,,
ESTAT:TPS00185(1.0),23/04/26 23:00:00,A,PC,SC102,ES,2024-01-01,29.5,,
ESTAT:TPS00185(1.0),23/04/26 23:00:00,A,PC,SC102,EU27_2020,2024-01-01,14.4,,
ESTAT:TPS00185(1.0),23/04/26 23:00:00,A,PC,SC102,FI,2024-01-01,7.8,,
ESTAT:TPS00185(1.0),23/04/26 23:00:00,A,PC,SC102,FR,2024-01-01,17.3,,
ESTAT:TPS00185(1.0),23/04/26 23:00:00,A,PC,SC102,HR,2024-01-01,2.2,,
ESTAT:TPS00185(1.0),23/04/26 23:00:00,A,PC,SC102,HU,2024-01-01,2.7,,
ESTAT:TPS00185(1.0),23/04/26 23:00:00,A,PC,SC102,IE,2024-01-01,12.1,,
ESTAT:TPS00185(1.0),23/04/26 23:00:00,A,PC,SC102,IT,2024-01-01,12.3,,
ESTAT:TPS00185(1.0),23/04/26 23:00:00,A,PC,SC102,LT,2024-01-01,0.6,p,
ESTAT:TPS00185(1.0),23/04/26 23:00:00,A,PC,SC102,LU,2024-01-01,16.3,,
ESTAT:TPS00185(1.0),23/04/26 23:00:00,A,PC,SC102,LV,2024-01-01,1.3,,
ESTAT:TPS00185(1.0),23/04/26 23:00:00,A,PC,SC102,MT,2024-01-01,17.3,p,
ESTAT:TPS00185(1.0),23/04/26 23:00:00,A,PC,SC102,NL,2024-01-01,65.9,,
ESTAT:TPS00185(1.0),23/04/26 23:00:00,A,PC,SC102,NO,2024-01-01,2.8,,
ESTAT:TPS00185(1.0),23/04/26 23:00:00,A,PC,SC102,PL,2024-01-01,0.8,,
ESTAT:TPS00185(1.0),23/04/26 23:00:00,A,PC,SC102,PT,2024-01-01,3.6,,
ESTAT:TPS00185(1.0),23/04/26 23:00:00,A,PC,SC102,RO,2024-01-01,4.9,,
ESTAT:TPS00185(1.0),23/04/26 23:00:00,A,PC,SC102,RS,2024-01-01,3.8,,
ESTAT:TPS00185(1.0),23/04/26 23:00:00,A,PC,SC102,SE,2024-01-01,14.3,,
ESTAT:TPS00185(1.0),23/04/26 23:00:00,A,PC,SC102,SI,2024-01-01,3.6,,
ESTAT:TPS00185(1.0),23/04/26 23:00:00,A,PC,SC102,SK,2024-01-01,0.6,,
ESTAT:TPS00185(1.0),23/04/26 23:00:00,A,PC,SC102,TR,2024-01-01,0.1,,
ESTAT:TPS00185(1.0),23/04/26 23:00:00,A,PC,SC103,AT,2024-01-01,10.9,,
ESTAT:TPS00185(1.0),23/04/26 23:00:00,A,PC,SC103,BE,2024-01-01,32.4,,
ESTAT:TPS00185(1.0),23/04/26 23:00:00,A,PC,SC103,BG,2024-01-01,18.2,,
ESTAT:TPS00185(1.0),23/04/26 23:00:00,A,PC,SC103,CH,2024-01-01,7.6,,
ESTAT:TPS00185(1.0),23/04/26 23:00:00,A,PC,SC103,CY,2024-01-01,34.5,,
ESTAT:TPS00185(1.0),23/04/26 23:00:00,A,PC,SC103,CZ,2024-01-01,2.2,,
ESTAT:TPS00185(1.0),23/04/26 23:00:00,A,PC,SC103,DE,2024-01-01,15.7,,
ESTAT:TPS00185(1.0),23/04/26 23:00:00,A,PC,SC103,DK,2024-01-01,57.1,,
ESTAT:TPS00185(1.0),23/04/26 23:00:00,A,PC,SC103,EA20,2024-01-01,27.1,,
ESTAT:TPS00185(1.0),23/04/26 23:00:00,A,PC,SC103,EE,2024-01-01,27.7,,
ESTAT:TPS00185(1.0),23/04/26 23:00:00,A,PC,SC103,EL,2024-01-01,19.9,,
ESTAT:TPS00185(1.0),23/04/26 23:00:00,A,PC,SC103,ES,2024-01-01,25.5,,
ESTAT:TPS00185(1.0),23/04/26 23:00:00,A,PC,SC103,EU27_2020,2024-01-01,24.8,,
ESTAT:TPS00185(1.0),23/04/26 23:00:00,A,PC,SC103,FI,2024-01-01,40.4,,
ESTAT:TPS00185(1.0),23/04/26 23:00:00,A,PC,SC103,FR,2024-01-01,42.0,,
ESTAT:TPS00185(1.0),23/04/26 23:00:00,A,PC,SC103,HR,2024-01-01,28.0,,
ESTAT:TPS00185(1.0),23/04/26 23:00:00,A,PC,SC103,HU,2024-01-01,13.9,,
ESTAT:TPS00185(1.0),23/04/26 23:00:00,A,PC,SC103,IE,2024-01-01,12.3,,
ESTAT:TPS00185(1.0),23/04/26 23:00:00,A,PC,SC103,IT,2024-01-01,27.1,,
ESTAT:TPS00185(1.0),23/04/26 23:00:00,A,PC,SC103,LT,2024-01-01,36.3,p,
ESTAT:TPS00185(1.0),23/04/26 23:00:00,A,PC,SC103,LU,2024-01-01,40.3,,
ESTAT:TPS00185(1.0),23/04/26 23:00:00,A,PC,SC103,LV,2024-01-01,23.6,,
ESTAT:TPS00185(1.0),23/04/26 23:00:00,A,PC,SC103,MT,2024-01-01,26.8,p,
ESTAT:TPS00185(1.0),23/04/26 23:00:00,A,PC,SC103,NL,2024-01-01,13.0,,
ESTAT:TPS00185(1.0),23/04/26 23:00:00,A,PC,SC103,NO,2024-01-01,54.7,,
ESTAT:TPS00185(1.0),23/04/26 23:00:00,A,PC,SC103,PL,2024-01-01,14.3,,
ESTAT:TPS00185(1.0),23/04/26 23:00:00,A,PC,SC103,PT,2024-01-01,55.8,,
ESTAT:TPS00185(1.0),23/04/26 23:00:00,A,PC,SC103,RO,2024-01-01,6.5,,
ESTAT:TPS00185(1.0),23/04/26 23:00:00,A,PC,SC103,RS,2024-01-01,19.3,,
ESTAT:TPS00185(1.0),23/04/26 23:00:00,A,PC,SC103,SE,2024-01-01,43.4,,
ESTAT:TPS00185(1.0),23/04/26 23:00:00,A,PC,SC103,SI,2024-01-01,54.2,,
ESTAT:TPS00185(1.0),23/04/26 23:00:00,A,PC,SC103,SK,2024-01-01,4.5,,
ESTAT:TPS00185(1.0),23/04/26 23:00:00,A,PC,SC103,TR,2024-01-01,0.8,,
