DATAFLOW,REF_AREA,MEASURE,UNIT_MEASURE,PAY_PERIOD,PRICE_BASE,AGGREGATION_OPERATION,SEX,TIME_PERIOD,OBS_VALUE,BASE_PER,OBS_STATUS,UNIT_MULT,DECIMALS
OECD.ELS.SAE:DSD_EARNINGS@GENDER_WAGE_GAP(1.1),AUS,GWP,PT_WG_SAL_M_D,_Z,_Z,MEAN,_T,2000-01-01,20.333715185,,A,0,1
OECD.ELS.SAE:DSD_EARNINGS@GENDER_WAGE_GAP(1.1),AUT,GWP,PT_WG_SAL_M_D,_Z,_Z,MEAN,_T,2000-01-01,28.297638815,,A,0,1
OECD.ELS.SAE:DSD_EARNINGS@GENDER_WAGE_GAP(1.1),BEL,GWP,PT_WG_SAL_M_D,_Z,_Z,MEAN,_T,2000-01-01,17.474916388,,A,0,1
OECD.ELS.SAE:DSD_EARNINGS@GENDER_WAGE_GAP(1.1),CAN,GWP,PT_WG_SAL_M_D,_Z,_Z,MEAN,_T,2000-01-01,23.393368809,,A,0,1
OECD.ELS.SAE:DSD_EARNINGS@GENDER_WAGE_GAP(1.1),CHL,GWP,PT_WG_SAL_M_D,_Z,_Z,MEAN,_T,2000-01-01,12.825993206,,A,0,1
OECD.ELS.SAE:DSD_EARNINGS@GENDER_WAGE_GAP(1.1),DEU,GWP,PT_WG_SAL_M_D,_Z,_Z,MEAN,_T,2000-01-01,24.229844655,,A,0,1
OECD.ELS.SAE:DSD_EARNINGS@GENDER_WAGE_GAP(1.1),JPN,GWP,PT_WG_SAL_M_D,_Z,_Z,MEAN,_T,2000-01-01,34.501187648,,A,0,1
OECD.ELS.SAE:DSD_EARNINGS@GENDER_WAGE_GAP(1.1),NZL,GWP,PT_WG_SAL_M_D,_Z,_Z,MEAN,_T,2000-01-01,11.917628328,,A,0,1
OECD.ELS.SAE:DSD_EARNINGS@GENDER_WAGE_GAP(1.1),NOR,GWP,PT_WG_SAL_M_D,_Z,_Z,MEAN,_T,2000-01-01,14.524922118,,A,0,1
OECD.ELS.SAE:DSD_EARNINGS@GENDER_WAGE_GAP(1.1),SWE,GWP,PT_WG_SAL_M_D,_Z,_Z,MEAN,_T,2000-01-01,17.567567568,,A,0,1
OECD.ELS.SAE:DSD_EARNINGS@GENDER_WAGE_GAP(1.1),CHE,GWP,PT_WG_SAL_M_D,_Z,_Z,MEAN,_T,2000-01-01,26.849333785,,A,0,1
OECD.ELS.SAE:DSD_EARNINGS@GENDER_WAGE_GAP(1.1),GBR,GWP,PT_WG_SAL_M_D,_Z,_Z,MEAN,_T,2000-01-01,27.628962753,,A,0,1
OECD.ELS.SAE:DSD_EARNINGS@GENDER_WAGE_GAP(1.1),USA,GWP,PT_WG_SAL_M_D,_Z,_Z,MEAN,_T,2000-01-01,26.984126984,,A,0,1
OECD.ELS.SAE:DSD_EARNINGS@GENDER_WAGE_GAP(1.1),EU27,GWP,PT_WG_SAL_M_D,_Z,_Z,MEAN,_T,2000-01-01,20.4143715910391,,A,0,1
OECD.ELS.SAE:DSD_EARNINGS@GENDER_WAGE_GAP(1.1),EU19OECD,GWP,PT_WG_SAL_M_D,_Z,_Z,MEAN,_T,2000-01-01,20.8680761485625,,A,0,1
OECD.ELS.SAE:DSD_EARNINGS@GENDER_WAGE_GAP(1.1),OECD,GWP,PT_WG_SAL_M_D,_Z,_Z,MEAN,_T,2000-01-01,21.2654899632435,,A,0,1
OECD.ELS.SAE:DSD_EARNINGS@GENDER_WAGE_GAP(1.1),HUN,GWP,PT_WG_SAL_M_D,_Z,_Z,MEAN,_T,2000-01-01,21.01301752,,A,0,1
OECD.ELS.SAE:DSD_EARNINGS@GENDER_WAGE_GAP(1.1),KOR,GWP,PT_WG_SAL_M_D,_Z,_Z,MEAN,_T,2000-01-01,39.43315537,,A,0,1
OECD.ELS.SAE:DSD_EARNINGS@GENDER_WAGE_GAP(1.1),FIN,GWP,PT_WG_SAL_M_D,_Z,_Z,MEAN,_T,2000-01-01,23.32688588,,A,0,1
OECD.ELS.SAE:DSD_EARNINGS@GENDER_WAGE_GAP(1.1),CZE,GWP,PT_WG_SAL_M_D,_Z,_Z,MEAN,_T,2000-01-01,0.0,,A,0,1
OECD.ELS.SAE:DSD_EARNINGS@GENDER_WAGE_GAP(1.1),POL,GWP,PT_WG_SAL_M_D,_Z,_Z,MEAN,_T,2000-01-01,0.0,,A,0,1
OECD.ELS.SAE:DSD_EARNINGS@GENDER_WAGE_GAP(1.1),AUS,GWP,PT_WG_SAL_M_D,_Z,_Z,MEAN,_T,2001-01-01,19.688542825,,A,0,1
OECD.ELS.SAE:DSD_EARNINGS@GENDER_WAGE_GAP(1.1),AUT,GWP,PT_WG_SAL_M_D,_Z,_Z,MEAN,_T,2001-01-01,28.043966888,,A,0,1
OECD.ELS.SAE:DSD_EARNINGS@GENDER_WAGE_GAP(1.1),BEL,GWP,PT_WG_SAL_M_D,_Z,_Z,MEAN,_T,2001-01-01,16.107114309,,A,0,1
OECD.ELS.SAE:DSD_EARNINGS@GENDER_WAGE_GAP(1.1),CAN,GWP,PT_WG_SAL_M_D,_Z,_Z,MEAN,_T,2001-01-01,23.306417655,,A,0,1
OECD.ELS.SAE:DSD_EARNINGS@GENDER_WAGE_GAP(1.1),FIN,GWP,PT_WG_SAL_M_D,_Z,_Z,MEAN,_T,2001-01-01,19.844517185,,A,0,1
OECD.ELS.SAE:DSD_EARNINGS@GENDER_WAGE_GAP(1.1),DEU,GWP,PT_WG_SAL_M_D,_Z,_Z,MEAN,_T,2001-01-01,23.292244637,,A,0,1
OECD.ELS.SAE:DSD_EARNINGS@GENDER_WAGE_GAP(1.1),HUN,GWP,PT_WG_SAL_M_D,_Z,_Z,MEAN,_T,2001-01-01,20.713740883,,A,0,1
OECD.ELS.SAE:DSD_EARNINGS@GENDER_WAGE_GAP(1.1),ISR,GWP,PT_WG_SAL_M_D,_Z,_Z,MEAN,_T,2001-01-01,31.595215803,,A,0,1
OECD.ELS.SAE:DSD_EARNINGS@GENDER_WAGE_GAP(1.1),KOR,GWP,PT_WG_SAL_M_D,_Z,_Z,MEAN,_T,2001-01-01,39.136139655,,A,0,1
OECD.ELS.SAE:DSD_EARNINGS@GENDER_WAGE_GAP(1.1),NZL,GWP,PT_WG_SAL_M_D,_Z,_Z,MEAN,_T,2001-01-01,13.746802664,,A,0,1
OECD.ELS.SAE:DSD_EARNINGS@GENDER_WAGE_GAP(1.1),NOR,GWP,PT_WG_SAL_M_D,_Z,_Z,MEAN,_T,2001-01-01,14.477112021,,A,0,1
OECD.ELS.SAE:DSD_EARNINGS@GENDER_WAGE_GAP(1.1),POL,GWP,PT_WG_SAL_M_D,_Z,_Z,MEAN,_T,2001-01-01,18.155180786,,A,0,1
OECD.ELS.SAE:DSD_EARNINGS@GENDER_WAGE_GAP(1.1),SWE,GWP,PT_WG_SAL_M_D,_Z,_Z,MEAN,_T,2001-01-01,17.596566524,,A,0,1
OECD.ELS.SAE:DSD_EARNINGS@GENDER_WAGE_GAP(1.1),GBR,GWP,PT_WG_SAL_M_D,_Z,_Z,MEAN,_T,2001-01-01,27.123949593,,A,0,1
OECD.ELS.SAE:DSD_EARNINGS@GENDER_WAGE_GAP(1.1),USA,GWP,PT_WG_SAL_M_D,_Z,_Z,MEAN,_T,2001-01-01,27.083333333,,A,0,1
OECD.ELS.SAE:DSD_EARNINGS@GENDER_WAGE_GAP(1.1),EU27,GWP,PT_WG_SAL_M_D,_Z,_Z,MEAN,_T,2001-01-01,20.1951391313864,,A,0,1
OECD.ELS.SAE:DSD_EARNINGS@GENDER_WAGE_GAP(1.1),EU19OECD,GWP,PT_WG_SAL_M_D,_Z,_Z,MEAN,_T,2001-01-01,20.6647939706765,,A,0,1
OECD.ELS.SAE:DSD_EARNINGS@GENDER_WAGE_GAP(1.1),OECD,GWP,PT_WG_SAL_M_D,_Z,_Z,MEAN,_T,2001-01-01,21.1411249677773,,A,0,1
OECD.ELS.SAE:DSD_EARNINGS@GENDER_WAGE_GAP(1.1),CZE,GWP,PT_WG_SAL_M_D,_Z,_Z,MEAN,_T,2001-01-01,21.92666932,,A,0,1
OECD.ELS.SAE:DSD_EARNINGS@GENDER_WAGE_GAP(1.1),JPN,GWP,PT_WG_SAL_M_D,_Z,_Z,MEAN,_T,2001-01-01,34.72262988,,A,0,1
OECD.ELS.SAE:DSD_EARNINGS@GENDER_WAGE_GAP(1.1),AUS,GWP,PT_WG_SAL_M_D,_Z,_Z,MEAN,_T,2002-01-01,17.395933825,,A,0,1
OECD.ELS.SAE:DSD_EARNINGS@GENDER_WAGE_GAP(1.1),AUT,GWP,PT_WG_SAL_M_D,_Z,_Z,MEAN,_T,2002-01-01,27.392458842,,A,0,1
OECD.ELS.SAE:DSD_EARNINGS@GENDER_WAGE_GAP(1.1),BEL,GWP,PT_WG_SAL_M_D,_Z,_Z,MEAN,_T,2002-01-01,14.986160538,,A,0,1
OECD.ELS.SAE:DSD_EARNINGS@GENDER_WAGE_GAP(1.1),CAN,GWP,PT_WG_SAL_M_D,_Z,_Z,MEAN,_T,2002-01-01,22.123829395,,A,0,1
OECD.ELS.SAE:DSD_EARNINGS@GENDER_WAGE_GAP(1.1),DNK,GWP,PT_WG_SAL_M_D,_Z,_Z,MEAN,_T,2002-01-01,14.599405876,,A,0,1
OECD.ELS.SAE:DSD_EARNINGS@GENDER_WAGE_GAP(1.1),EST,GWP,PT_WG_SAL_M_D,_Z,_Z,MEAN,_T,2002-01-01,27.196339356,,A,0,1
OECD.ELS.SAE:DSD_EARNINGS@GENDER_WAGE_GAP(1.1),FIN,GWP,PT_WG_SAL_M_D,_Z,_Z,MEAN,_T,2002-01-01,19.596199525,,A,0,1
OECD.ELS.SAE:DSD_EARNINGS@GENDER_WAGE_GAP(1.1),FRA,GWP,PT_WG_SAL_M_D,_Z,_Z,MEAN,_T,2002-01-01,17.163638792,,A,0,1
OECD.ELS.SAE:DSD_EARNINGS@GENDER_WAGE_GAP(1.1),DEU,GWP,PT_WG_SAL_M_D,_Z,_Z,MEAN,_T,2002-01-01,22.546376738,,A,0,1
OECD.ELS.SAE:DSD_EARNINGS@GENDER_WAGE_GAP(1.1),HUN,GWP,PT_WG_SAL_M_D,_Z,_Z,MEAN,_T,2002-01-01,16.631649916,,A,0,1
OECD.ELS.SAE:DSD_EARNINGS@GENDER_WAGE_GAP(1.1),ISL,GWP,PT_WG_SAL_M_D,_Z,_Z,MEAN,_T,2002-01-01,27.030821303,,A,0,1
OECD.ELS.SAE:DSD_EARNINGS@GENDER_WAGE_GAP(1.1),IRL,GWP,PT_WG_SAL_M_D,_Z,_Z,MEAN,_T,2002-01-01,19.125025096,,A,0,1
OECD.ELS.SAE:DSD_EARNINGS@GENDER_WAGE_GAP(1.1),ISR,GWP,PT_WG_SAL_M_D,_Z,_Z,MEAN,_T,2002-01-01,29.724020981,,A,0,1
OECD.ELS.SAE:DSD_EARNINGS@GENDER_WAGE_GAP(1.1),ITA,GWP,PT_WG_SAL_M_D,_Z,_Z,MEAN,_T,2002-01-01,18.221994764,,A,0,1
OECD.ELS.SAE:DSD_EARNINGS@GENDER_WAGE_GAP(1.1),JPN,GWP,PT_WG_SAL_M_D,_Z,_Z,MEAN,_T,2002-01-01,33.491969066,,A,0,1
OECD.ELS.SAE:DSD_EARNINGS@GENDER_WAGE_GAP(1.1),LVA,GWP,PT_WG_SAL_M_D,_Z,_Z,MEAN,_T,2002-01-01,19.205554232,,A,0,1
OECD.ELS.SAE:DSD_EARNINGS@GENDER_WAGE_GAP(1.1),LTU,GWP,PT_WG_SAL_M_D,_Z,_Z,MEAN,_T,2002-01-01,18.942186862,,A,0,1
OECD.ELS.SAE:DSD_EARNINGS@GENDER_WAGE_GAP(1.1),NLD,GWP,PT_WG_SAL_M_D,_Z,_Z,MEAN,_T,2002-01-01,21.243964375,,A,0,1
OECD.ELS.SAE:DSD_EARNINGS@GENDER_WAGE_GAP(1.1),NZL,GWP,PT_WG_SAL_M_D,_Z,_Z,MEAN,_T,2002-01-01,12.636248657,,A,0,1
OECD.ELS.SAE:DSD_EARNINGS@GENDER_WAGE_GAP(1.1),NOR,GWP,PT_WG_SAL_M_D,_Z,_Z,MEAN,_T,2002-01-01,13.925822253,,A,0,1
OECD.ELS.SAE:DSD_EARNINGS@GENDER_WAGE_GAP(1.1),POL,GWP,PT_WG_SAL_M_D,_Z,_Z,MEAN,_T,2002-01-01,16.874639175,,A,0,1
OECD.ELS.SAE:DSD_EARNINGS@GENDER_WAGE_GAP(1.1),PRT,GWP,PT_WG_SAL_M_D,_Z,_Z,MEAN,_T,2002-01-01,21.387548656,,A,0,1
OECD.ELS.SAE:DSD_EARNINGS@GENDER_WAGE_GAP(1.1),SVK,GWP,PT_WG_SAL_M_D,_Z,_Z,MEAN,_T,2002-01-01,27.179378978,,A,0,1
OECD.ELS.SAE:DSD_EARNINGS@GENDER_WAGE_GAP(1.1),ESP,GWP,PT_WG_SAL_M_D,_Z,_Z,MEAN,_T,2002-01-01,19.702905511,,A,0,1
OECD.ELS.SAE:DSD_EARNINGS@GENDER_WAGE_GAP(1.1),SWE,GWP,PT_WG_SAL_M_D,_Z,_Z,MEAN,_T,2002-01-01,17.012448133,,A,0,1
OECD.ELS.SAE:DSD_EARNINGS@GENDER_WAGE_GAP(1.1),CHE,GWP,PT_WG_SAL_M_D,_Z,_Z,MEAN,_T,2002-01-01,25.574107631,,A,0,1
OECD.ELS.SAE:DSD_EARNINGS@GENDER_WAGE_GAP(1.1),GBR,GWP,PT_WG_SAL_M_D,_Z,_Z,MEAN,_T,2002-01-01,26.797633599,,A,0,1
OECD.ELS.SAE:DSD_EARNINGS@GENDER_WAGE_GAP(1.1),USA,GWP,PT_WG_SAL_M_D,_Z,_Z,MEAN,_T,2002-01-01,25.594563986,,A,0,1
OECD.ELS.SAE:DSD_EARNINGS@GENDER_WAGE_GAP(1.1),EU27,GWP,PT_WG_SAL_M_D,_Z,_Z,MEAN,_T,2002-01-01,19.3485570361518,,A,0,1
OECD.ELS.SAE:DSD_EARNINGS@GENDER_WAGE_GAP(1.1),EU19OECD,GWP,PT_WG_SAL_M_D,_Z,_Z,MEAN,_T,2002-01-01,20.8136209335526,,A,0,1
OECD.ELS.SAE:DSD_EARNINGS@GENDER_WAGE_GAP(1.1),OECD,GWP,PT_WG_SAL_M_D,_Z,_Z,MEAN,_T,2002-01-01,20.5854145480983,,A,0,1
OECD.ELS.SAE:DSD_EARNINGS@GENDER_WAGE_GAP(1.1),BGR,GWP,PT_WG_SAL_M_D,_Z,_Z,MEAN,_T,2002-01-01,18.189575309,,A,0,1
OECD.ELS.SAE:DSD_EARNINGS@GENDER_WAGE_GAP(1.1),CYP,GWP,PT_WG_SAL_M_D,_Z,_Z,MEAN,_T,2002-01-01,32.659561406,,A,0,1
OECD.ELS.SAE:DSD_EARNINGS@GENDER_WAGE_GAP(1.1),MLT,GWP,PT_WG_SAL_M_D,_Z,_Z,MEAN,_T,2002-01-01,13.938632183,,A,0,1
OECD.ELS.SAE:DSD_EARNINGS@GENDER_WAGE_GAP(1.1),ROU,GWP,PT_WG_SAL_M_D,_Z,_Z,MEAN,_T,2002-01-01,15.432684431,,A,0,1
OECD.ELS.SAE:DSD_EARNINGS@GENDER_WAGE_GAP(1.1),CZE,GWP,PT_WG_SAL_M_D,_Z,_Z,MEAN,_T,2002-01-01,21.76856344,,A,0,1
OECD.ELS.SAE:DSD_EARNINGS@GENDER_WAGE_GAP(1.1),GRC,GWP,PT_WG_SAL_M_D,_Z,_Z,MEAN,_T,2002-01-01,27.53857646,,A,0,1
OECD.ELS.SAE:DSD_EARNINGS@GENDER_WAGE_GAP(1.1),KOR,GWP,PT_WG_SAL_M_D,_Z,_Z,MEAN,_T,2002-01-01,39.53462065,,A,0,1
OECD.ELS.SAE:DSD_EARNINGS@GENDER_WAGE_GAP(1.1),SVN,GWP,PT_WG_SAL_M_D,_Z,_Z,MEAN,_T,2002-01-01,8.679087541,,A,0,1
OECD.ELS.SAE:DSD_EARNINGS@GENDER_WAGE_GAP(1.1),LUX,GWP,PT_WG_SAL_M_D,_Z,_Z,MEAN,_T,2002-01-01,18.493816135,,A,0,1
OECD.ELS.SAE:DSD_EARNINGS@GENDER_WAGE_GAP(1.1),AUT,GWP,PT_WG_SAL_M_D,_Z,_Z,MEAN,_T,2003-01-01,27.281889601,,A,0,1
OECD.ELS.SAE:DSD_EARNINGS@GENDER_WAGE_GAP(1.1),BEL,GWP,PT_WG_SAL_M_D,_Z,_Z,MEAN,_T,2003-01-01,16.567164179,,A,0,1
OECD.ELS.SAE:DSD_EARNINGS@GENDER_WAGE_GAP(1.1),CAN,GWP,PT_WG_SAL_M_D,_Z,_Z,MEAN,_T,2003-01-01,21.401844658,,A,0,1
OECD.ELS.SAE:DSD_EARNINGS@GENDER_WAGE_GAP(1.1),CHL,GWP,PT_WG_SAL_M_D,_Z,_Z,MEAN,_T,2003-01-01,11.849484342,,A,0,1
OECD.ELS.SAE:DSD_EARNINGS@GENDER_WAGE_GAP(1.1),CZE,GWP,PT_WG_SAL_M_D,_Z,_Z,MEAN,_T,2003-01-01,21.723683572,,A,0,1
OECD.ELS.SAE:DSD_EARNINGS@GENDER_WAGE_GAP(1.1),DNK,GWP,PT_WG_SAL_M_D,_Z,_Z,MEAN,_T,2003-01-01,13.750028482,,A,0,1
OECD.ELS.SAE:DSD_EARNINGS@GENDER_WAGE_GAP(1.1),FIN,GWP,PT_WG_SAL_M_D,_Z,_Z,MEAN,_T,2003-01-01,19.595882577,,A,0,1
OECD.ELS.SAE:DSD_EARNINGS@GENDER_WAGE_GAP(1.1),HUN,GWP,PT_WG_SAL_M_D,_Z,_Z,MEAN,_T,2003-01-01,12.168530917,,A,0,1
OECD.ELS.SAE:DSD_EARNINGS@GENDER_WAGE_GAP(1.1),ISR,GWP,PT_WG_SAL_M_D,_Z,_Z,MEAN,_T,2003-01-01,28.469570642,,A,0,1
OECD.ELS.SAE:DSD_EARNINGS@GENDER_WAGE_GAP(1.1),JPN,GWP,PT_WG_SAL_M_D,_Z,_Z,MEAN,_T,2003-01-01,33.174366617,,A,0,1
OECD.ELS.SAE:DSD_EARNINGS@GENDER_WAGE_GAP(1.1),KOR,GWP,PT_WG_SAL_M_D,_Z,_Z,MEAN,_T,2003-01-01,39.529877461,,A,0,1
OECD.ELS.SAE:DSD_EARNINGS@GENDER_WAGE_GAP(1.1),NZL,GWP,PT_WG_SAL_M_D,_Z,_Z,MEAN,_T,2003-01-01,13.242316456,,A,0,1
OECD.ELS.SAE:DSD_EARNINGS@GENDER_WAGE_GAP(1.1),NOR,GWP,PT_WG_SAL_M_D,_Z,_Z,MEAN,_T,2003-01-01,13.825821755,,A,0,1
OECD.ELS.SAE:DSD_EARNINGS@GENDER_WAGE_GAP(1.1),SVK,GWP,PT_WG_SAL_M_D,_Z,_Z,MEAN,_T,2003-01-01,25.841410878,,A,0,1
OECD.ELS.SAE:DSD_EARNINGS@GENDER_WAGE_GAP(1.1),SWE,GWP,PT_WG_SAL_M_D,_Z,_Z,MEAN,_T,2003-01-01,16.532258065,,A,0,1
OECD.ELS.SAE:DSD_EARNINGS@GENDER_WAGE_GAP(1.1),GBR,GWP,PT_WG_SAL_M_D,_Z,_Z,MEAN,_T,2003-01-01,26.416860736,,A,0,1
OECD.ELS.SAE:DSD_EARNINGS@GENDER_WAGE_GAP(1.1),USA,GWP,PT_WG_SAL_M_D,_Z,_Z,MEAN,_T,2003-01-01,24.498886414,,A,0,1
OECD.ELS.SAE:DSD_EARNINGS@GENDER_WAGE_GAP(1.1),EU27,GWP,PT_WG_SAL_M_D,_Z,_Z,MEAN,_T,2003-01-01,18.6578556092579,,A,0,1
OECD.ELS.SAE:DSD_EARNINGS@GENDER_WAGE_GAP(1.1),EU19OECD,GWP,PT_WG_SAL_M_D,_Z,_Z,MEAN,_T,2003-01-01,20.4181131782916,,A,0,1
OECD.ELS.SAE:DSD_EARNINGS@GENDER_WAGE_GAP(1.1),OECD,GWP,PT_WG_SAL_M_D,_Z,_Z,MEAN,_T,2003-01-01,20.1488485367404,,A,0,1
OECD.ELS.SAE:DSD_EARNINGS@GENDER_WAGE_GAP(1.1),AUS,GWP,PT_WG_SAL_M_D,_Z,_Z,MEAN,_T,2003-01-01,18.35189069,,A,0,1
OECD.ELS.SAE:DSD_EARNINGS@GENDER_WAGE_GAP(1.1),DEU,GWP,PT_WG_SAL_M_D,_Z,_Z,MEAN,_T,2003-01-01,24.10006933,,A,0,1
OECD.ELS.SAE:DSD_EARNINGS@GENDER_WAGE_GAP(1.1),POL,GWP,PT_WG_SAL_M_D,_Z,_Z,MEAN,_T,2003-01-01,0.0,,A,0,1
OECD.ELS.SAE:DSD_EARNINGS@GENDER_WAGE_GAP(1.1),AUS,GWP,PT_WG_SAL_M_D,_Z,_Z,MEAN,_T,2004-01-01,17.724068479,,A,0,1
OECD.ELS.SAE:DSD_EARNINGS@GENDER_WAGE_GAP(1.1),AUT,GWP,PT_WG_SAL_M_D,_Z,_Z,MEAN,_T,2004-01-01,27.911242337,,A,0,1
OECD.ELS.SAE:DSD_EARNINGS@GENDER_WAGE_GAP(1.1),BEL,GWP,PT_WG_SAL_M_D,_Z,_Z,MEAN,_T,2004-01-01,15.016322089,,A,0,1
OECD.ELS.SAE:DSD_EARNINGS@GENDER_WAGE_GAP(1.1),CAN,GWP,PT_WG_SAL_M_D,_Z,_Z,MEAN,_T,2004-01-01,20.689252745,,A,0,1
OECD.ELS.SAE:DSD_EARNINGS@GENDER_WAGE_GAP(1.1),CZE,GWP,PT_WG_SAL_M_D,_Z,_Z,MEAN,_T,2004-01-01,21.447584608,,A,0,1
OECD.ELS.SAE:DSD_EARNINGS@GENDER_WAGE_GAP(1.1),DNK,GWP,PT_WG_SAL_M_D,_Z,_Z,MEAN,_T,2004-01-01,14.153219321,,A,0,1
OECD.ELS.SAE:DSD_EARNINGS@GENDER_WAGE_GAP(1.1),FIN,GWP,PT_WG_SAL_M_D,_Z,_Z,MEAN,_T,2004-01-01,19.203833395,,A,0,1
OECD.ELS.SAE:DSD_EARNINGS@GENDER_WAGE_GAP(1.1),DEU,GWP,PT_WG_SAL_M_D,_Z,_Z,MEAN,_T,2004-01-01,23.940704402,,A,0,1
OECD.ELS.SAE:DSD_EARNINGS@GENDER_WAGE_GAP(1.1),HUN,GWP,PT_WG_SAL_M_D,_Z,_Z,MEAN,_T,2004-01-01,12.030056213,,A,0,1
OECD.ELS.SAE:DSD_EARNINGS@GENDER_WAGE_GAP(1.1),ISR,GWP,PT_WG_SAL_M_D,_Z,_Z,MEAN,_T,2004-01-01,27.252242178,,A,0,1
OECD.ELS.SAE:DSD_EARNINGS@GENDER_WAGE_GAP(1.1),JPN,GWP,PT_WG_SAL_M_D,_Z,_Z,MEAN,_T,2004-01-01,32.434860737,,A,0,1
OECD.ELS.SAE:DSD_EARNINGS@GENDER_WAGE_GAP(1.1),KOR,GWP,PT_WG_SAL_M_D,_Z,_Z,MEAN,_T,2004-01-01,39.188711795,,A,0,1
OECD.ELS.SAE:DSD_EARNINGS@GENDER_WAGE_GAP(1.1),NZL,GWP,PT_WG_SAL_M_D,_Z,_Z,MEAN,_T,2004-01-01,13.879015271,,A,0,1
OECD.ELS.SAE:DSD_EARNINGS@GENDER_WAGE_GAP(1.1),NOR,GWP,PT_WG_SAL_M_D,_Z,_Z,MEAN,_T,2004-01-01,13.335517693,,A,0,1
OECD.ELS.SAE:DSD_EARNINGS@GENDER_WAGE_GAP(1.1),POL,GWP,PT_WG_SAL_M_D,_Z,_Z,MEAN,_T,2004-01-01,16.378653311,,A,0,1
OECD.ELS.SAE:DSD_EARNINGS@GENDER_WAGE_GAP(1.1),SVK,GWP,PT_WG_SAL_M_D,_Z,_Z,MEAN,_T,2004-01-01,26.140482253,,A,0,1
OECD.ELS.SAE:DSD_EARNINGS@GENDER_WAGE_GAP(1.1),SWE,GWP,PT_WG_SAL_M_D,_Z,_Z,MEAN,_T,2004-01-01,16.342412451,,A,0,1
OECD.ELS.SAE:DSD_EARNINGS@GENDER_WAGE_GAP(1.1),CHE,GWP,PT_WG_SAL_M_D,_Z,_Z,MEAN,_T,2004-01-01,24.807088442,,A,0,1
OECD.ELS.SAE:DSD_EARNINGS@GENDER_WAGE_GAP(1.1),GBR,GWP,PT_WG_SAL_M_D,_Z,_Z,MEAN,_T,2004-01-01,25.004055716,,A,0,1
OECD.ELS.SAE:DSD_EARNINGS@GENDER_WAGE_GAP(1.1),USA,GWP,PT_WG_SAL_M_D,_Z,_Z,MEAN,_T,2004-01-01,24.458874459,,A,0,1
OECD.ELS.SAE:DSD_EARNINGS@GENDER_WAGE_GAP(1.1),EU27,GWP,PT_WG_SAL_M_D,_Z,_Z,MEAN,_T,2004-01-01,18.1204814323894,,A,0,1
OECD.ELS.SAE:DSD_EARNINGS@GENDER_WAGE_GAP(1.1),EU19OECD,GWP,PT_WG_SAL_M_D,_Z,_Z,MEAN,_T,2004-01-01,19.899929175626,,A,0,1
OECD.ELS.SAE:DSD_EARNINGS@GENDER_WAGE_GAP(1.1),OECD,GWP,PT_WG_SAL_M_D,_Z,_Z,MEAN,_T,2004-01-01,19.7240316334419,,A,0,1
OECD.ELS.SAE:DSD_EARNINGS@GENDER_WAGE_GAP(1.1),AUS,GWP,PT_WG_SAL_M_D,_Z,_Z,MEAN,_T,2005-01-01,18.433619866,,A,0,1
OECD.ELS.SAE:DSD_EARNINGS@GENDER_WAGE_GAP(1.1),AUT,GWP,PT_WG_SAL_M_D,_Z,_Z,MEAN,_T,2005-01-01,27.323887452,,A,0,1
OECD.ELS.SAE:DSD_EARNINGS@GENDER_WAGE_GAP(1.1),BEL,GWP,PT_WG_SAL_M_D,_Z,_Z,MEAN,_T,2005-01-01,14.479799785,,A,0,1
OECD.ELS.SAE:DSD_EARNINGS@GENDER_WAGE_GAP(1.1),CAN,GWP,PT_WG_SAL_M_D,_Z,_Z,MEAN,_T,2005-01-01,20.133916433,,A,0,1
OECD.ELS.SAE:DSD_EARNINGS@GENDER_WAGE_GAP(1.1),CZE,GWP,PT_WG_SAL_M_D,_Z,_Z,MEAN,_T,2005-01-01,21.250303224,,A,0,1
OECD.ELS.SAE:DSD_EARNINGS@GENDER_WAGE_GAP(1.1),FIN,GWP,PT_WG_SAL_M_D,_Z,_Z,MEAN,_T,2005-01-01,19.191202554,,A,0,1
OECD.ELS.SAE:DSD_EARNINGS@GENDER_WAGE_GAP(1.1),DEU,GWP,PT_WG_SAL_M_D,_Z,_Z,MEAN,_T,2005-01-01,21.489474402,,A,0,1
OECD.ELS.SAE:DSD_EARNINGS@GENDER_WAGE_GAP(1.1),HUN,GWP,PT_WG_SAL_M_D,_Z,_Z,MEAN,_T,2005-01-01,13.908780781,,A,0,1
OECD.ELS.SAE:DSD_EARNINGS@GENDER_WAGE_GAP(1.1),ISR,GWP,PT_WG_SAL_M_D,_Z,_Z,MEAN,_T,2005-01-01,26.251957627,,A,0,1
OECD.ELS.SAE:DSD_EARNINGS@GENDER_WAGE_GAP(1.1),JPN,GWP,PT_WG_SAL_M_D,_Z,_Z,MEAN,_T,2005-01-01,34.132622854,,A,0,1
OECD.ELS.SAE:DSD_EARNINGS@GENDER_WAGE_GAP(1.1),MEX,GWP,PT_WG_SAL_M_D,_Z,_Z,MEAN,_T,2005-01-01,17.196679108,,A,0,1
OECD.ELS.SAE:DSD_EARNINGS@GENDER_WAGE_GAP(1.1),NZL,GWP,PT_WG_SAL_M_D,_Z,_Z,MEAN,_T,2005-01-01,15.736537313,,A,0,1
OECD.ELS.SAE:DSD_EARNINGS@GENDER_WAGE_GAP(1.1),NOR,GWP,PT_WG_SAL_M_D,_Z,_Z,MEAN,_T,2005-01-01,13.240418118,,A,0,1
OECD.ELS.SAE:DSD_EARNINGS@GENDER_WAGE_GAP(1.1),SVK,GWP,PT_WG_SAL_M_D,_Z,_Z,MEAN,_T,2005-01-01,26.906187625,,A,0,1
OECD.ELS.SAE:DSD_EARNINGS@GENDER_WAGE_GAP(1.1),SWE,GWP,PT_WG_SAL_M_D,_Z,_Z,MEAN,_T,2005-01-01,16.287878788,,A,0,1
OECD.ELS.SAE:DSD_EARNINGS@GENDER_WAGE_GAP(1.1),GBR,GWP,PT_WG_SAL_M_D,_Z,_Z,MEAN,_T,2005-01-01,24.353535694,,A,0,1
OECD.ELS.SAE:DSD_EARNINGS@GENDER_WAGE_GAP(1.1),USA,GWP,PT_WG_SAL_M_D,_Z,_Z,MEAN,_T,2005-01-01,22.994652406,,A,0,1
OECD.ELS.SAE:DSD_EARNINGS@GENDER_WAGE_GAP(1.1),EU27,GWP,PT_WG_SAL_M_D,_Z,_Z,MEAN,_T,2005-01-01,17.7245439898535,,A,0,1
OECD.ELS.SAE:DSD_EARNINGS@GENDER_WAGE_GAP(1.1),EU19OECD,GWP,PT_WG_SAL_M_D,_Z,_Z,MEAN,_T,2005-01-01,19.3543119515093,,A,0,1
OECD.ELS.SAE:DSD_EARNINGS@GENDER_WAGE_GAP(1.1),OECD,GWP,PT_WG_SAL_M_D,_Z,_Z,MEAN,_T,2005-01-01,19.5317633086165,,A,0,1
OECD.ELS.SAE:DSD_EARNINGS@GENDER_WAGE_GAP(1.1),DNK,GWP,PT_WG_SAL_M_D,_Z,_Z,MEAN,_T,2005-01-01,15.02070759,,A,0,1
OECD.ELS.SAE:DSD_EARNINGS@GENDER_WAGE_GAP(1.1),KOR,GWP,PT_WG_SAL_M_D,_Z,_Z,MEAN,_T,2005-01-01,38.74667542,,A,0,1
OECD.ELS.SAE:DSD_EARNINGS@GENDER_WAGE_GAP(1.1),POL,GWP,PT_WG_SAL_M_D,_Z,_Z,MEAN,_T,2005-01-01,0.0,,A,0,1
OECD.ELS.SAE:DSD_EARNINGS@GENDER_WAGE_GAP(1.1),AUS,GWP,PT_WG_SAL_M_D,_Z,_Z,MEAN,_T,2006-01-01,19.073083779,,A,0,1
OECD.ELS.SAE:DSD_EARNINGS@GENDER_WAGE_GAP(1.1),AUT,GWP,PT_WG_SAL_M_D,_Z,_Z,MEAN,_T,2006-01-01,27.146763319,,A,0,1
OECD.ELS.SAE:DSD_EARNINGS@GENDER_WAGE_GAP(1.1),BEL,GWP,PT_WG_SAL_M_D,_Z,_Z,MEAN,_T,2006-01-01,12.473647224,,A,0,1
OECD.ELS.SAE:DSD_EARNINGS@GENDER_WAGE_GAP(1.1),CAN,GWP,PT_WG_SAL_M_D,_Z,_Z,MEAN,_T,2006-01-01,20.751553724,,A,0,1
OECD.ELS.SAE:DSD_EARNINGS@GENDER_WAGE_GAP(1.1),CHL,GWP,PT_WG_SAL_M_D,_Z,_Z,MEAN,_T,2006-01-01,8.5667731984,,A,0,1
OECD.ELS.SAE:DSD_EARNINGS@GENDER_WAGE_GAP(1.1),CZE,GWP,PT_WG_SAL_M_D,_Z,_Z,MEAN,_T,2006-01-01,20.874135446,,A,0,1
OECD.ELS.SAE:DSD_EARNINGS@GENDER_WAGE_GAP(1.1),DNK,GWP,PT_WG_SAL_M_D,_Z,_Z,MEAN,_T,2006-01-01,14.951840611,,A,0,1
OECD.ELS.SAE:DSD_EARNINGS@GENDER_WAGE_GAP(1.1),EST,GWP,PT_WG_SAL_M_D,_Z,_Z,MEAN,_T,2006-01-01,29.444210917,,A,0,1
OECD.ELS.SAE:DSD_EARNINGS@GENDER_WAGE_GAP(1.1),FIN,GWP,PT_WG_SAL_M_D,_Z,_Z,MEAN,_T,2006-01-01,19.897610922,,A,0,1
OECD.ELS.SAE:DSD_EARNINGS@GENDER_WAGE_GAP(1.1),FRA,GWP,PT_WG_SAL_M_D,_Z,_Z,MEAN,_T,2006-01-01,17.078651884,,A,0,1
OECD.ELS.SAE:DSD_EARNINGS@GENDER_WAGE_GAP(1.1),DEU,GWP,PT_WG_SAL_M_D,_Z,_Z,MEAN,_T,2006-01-01,20.958730401,,A,0,1
OECD.ELS.SAE:DSD_EARNINGS@GENDER_WAGE_GAP(1.1),GRC,GWP,PT_WG_SAL_M_D,_Z,_Z,MEAN,_T,2006-01-01,22.624139586,,A,0,1
OECD.ELS.SAE:DSD_EARNINGS@GENDER_WAGE_GAP(1.1),HUN,GWP,PT_WG_SAL_M_D,_Z,_Z,MEAN,_T,2006-01-01,12.307601801,,A,0,1
OECD.ELS.SAE:DSD_EARNINGS@GENDER_WAGE_GAP(1.1),ISL,GWP,PT_WG_SAL_M_D,_Z,_Z,MEAN,_T,2006-01-01,23.929020389,,A,0,1
OECD.ELS.SAE:DSD_EARNINGS@GENDER_WAGE_GAP(1.1),IRL,GWP,PT_WG_SAL_M_D,_Z,_Z,MEAN,_T,2006-01-01,22.046770195,,A,0,1
OECD.ELS.SAE:DSD_EARNINGS@GENDER_WAGE_GAP(1.1),ISR,GWP,PT_WG_SAL_M_D,_Z,_Z,MEAN,_T,2006-01-01,25.124562947,,A,0,1
OECD.ELS.SAE:DSD_EARNINGS@GENDER_WAGE_GAP(1.1),ITA,GWP,PT_WG_SAL_M_D,_Z,_Z,MEAN,_T,2006-01-01,16.235364989,,A,0,1
OECD.ELS.SAE:DSD_EARNINGS@GENDER_WAGE_GAP(1.1),JPN,GWP,PT_WG_SAL_M_D,_Z,_Z,MEAN,_T,2006-01-01,34.132622854,,A,0,1
OECD.ELS.SAE:DSD_EARNINGS@GENDER_WAGE_GAP(1.1),KOR,GWP,PT_WG_SAL_M_D,_Z,_Z,MEAN,_T,2006-01-01,38.455708069,,A,0,1
OECD.ELS.SAE:DSD_EARNINGS@GENDER_WAGE_GAP(1.1),LVA,GWP,PT_WG_SAL_M_D,_Z,_Z,MEAN,_T,2006-01-01,15.214961552,,A,0,1
OECD.ELS.SAE:DSD_EARNINGS@GENDER_WAGE_GAP(1.1),MEX,GWP,PT_WG_SAL_M_D,_Z,_Z,MEAN,_T,2006-01-01,12.621963355,,A,0,1
OECD.ELS.SAE:DSD_EARNINGS@GENDER_WAGE_GAP(1.1),NLD,GWP,PT_WG_SAL_M_D,_Z,_Z,MEAN,_T,2006-01-01,20.525159119,,A,0,1
OECD.ELS.SAE:DSD_EARNINGS@GENDER_WAGE_GAP(1.1),NZL,GWP,PT_WG_SAL_M_D,_Z,_Z,MEAN,_T,2006-01-01,12.611642624,,A,0,1
OECD.ELS.SAE:DSD_EARNINGS@GENDER_WAGE_GAP(1.1),NOR,GWP,PT_WG_SAL_M_D,_Z,_Z,MEAN,_T,2006-01-01,13.218390805,,A,0,1
OECD.ELS.SAE:DSD_EARNINGS@GENDER_WAGE_GAP(1.1),POL,GWP,PT_WG_SAL_M_D,_Z,_Z,MEAN,_T,2006-01-01,17.839431342,,A,0,1
OECD.ELS.SAE:DSD_EARNINGS@GENDER_WAGE_GAP(1.1),PRT,GWP,PT_WG_SAL_M_D,_Z,_Z,MEAN,_T,2006-01-01,11.488332512,,A,0,1
OECD.ELS.SAE:DSD_EARNINGS@GENDER_WAGE_GAP(1.1),SVK,GWP,PT_WG_SAL_M_D,_Z,_Z,MEAN,_T,2006-01-01,24.986947215,,A,0,1
OECD.ELS.SAE:DSD_EARNINGS@GENDER_WAGE_GAP(1.1),SVN,GWP,PT_WG_SAL_M_D,_Z,_Z,MEAN,_T,2006-01-01,8.0352198129,,A,0,1
OECD.ELS.SAE:DSD_EARNINGS@GENDER_WAGE_GAP(1.1),ESP,GWP,PT_WG_SAL_M_D,_Z,_Z,MEAN,_T,2006-01-01,17.062818599,,A,0,1
OECD.ELS.SAE:DSD_EARNINGS@GENDER_WAGE_GAP(1.1),SWE,GWP,PT_WG_SAL_M_D,_Z,_Z,MEAN,_T,2006-01-01,15.867158672,,A,0,1
OECD.ELS.SAE:DSD_EARNINGS@GENDER_WAGE_GAP(1.1),CHE,GWP,PT_WG_SAL_M_D,_Z,_Z,MEAN,_T,2006-01-01,24.494722114,,A,0,1
OECD.ELS.SAE:DSD_EARNINGS@GENDER_WAGE_GAP(1.1),TUR,GWP,PT_WG_SAL_M_D,_Z,_Z,MEAN,_T,2006-01-01,1.3752349017,,A,0,1
OECD.ELS.SAE:DSD_EARNINGS@GENDER_WAGE_GAP(1.1),GBR,GWP,PT_WG_SAL_M_D,_Z,_Z,MEAN,_T,2006-01-01,24.521094499,,A,0,1
OECD.ELS.SAE:DSD_EARNINGS@GENDER_WAGE_GAP(1.1),EU27,GWP,PT_WG_SAL_M_D,_Z,_Z,MEAN,_T,2006-01-01,17.1532457352185,,A,0,1
OECD.ELS.SAE:DSD_EARNINGS@GENDER_WAGE_GAP(1.1),EU19OECD,GWP,PT_WG_SAL_M_D,_Z,_Z,MEAN,_T,2006-01-01,18.7893089324158,,A,0,1
OECD.ELS.SAE:DSD_EARNINGS@GENDER_WAGE_GAP(1.1),OECD,GWP,PT_WG_SAL_M_D,_Z,_Z,MEAN,_T,2006-01-01,18.9958173583056,,A,0,1
OECD.ELS.SAE:DSD_EARNINGS@GENDER_WAGE_GAP(1.1),MLT,GWP,PT_WG_SAL_M_D,_Z,_Z,MEAN,_T,2006-01-01,12.597329708,,A,0,1
OECD.ELS.SAE:DSD_EARNINGS@GENDER_WAGE_GAP(1.1),ROU,GWP,PT_WG_SAL_M_D,_Z,_Z,MEAN,_T,2006-01-01,6.2984651044,,A,0,1
OECD.ELS.SAE:DSD_EARNINGS@GENDER_WAGE_GAP(1.1),LTU,GWP,PT_WG_SAL_M_D,_Z,_Z,MEAN,_T,2006-01-01,20.52158024,,A,0,1
OECD.ELS.SAE:DSD_EARNINGS@GENDER_WAGE_GAP(1.1),USA,GWP,PT_WG_SAL_M_D,_Z,_Z,MEAN,_T,2006-01-01,23.6869207,,A,0,1
OECD.ELS.SAE:DSD_EARNINGS@GENDER_WAGE_GAP(1.1),BGR,GWP,PT_WG_SAL_M_D,_Z,_Z,MEAN,_T,2006-01-01,11.5588562,,A,0,1
OECD.ELS.SAE:DSD_EARNINGS@GENDER_WAGE_GAP(1.1),CYP,GWP,PT_WG_SAL_M_D,_Z,_Z,MEAN,_T,2006-01-01,24.95357694,,A,0,1
OECD.ELS.SAE:DSD_EARNINGS@GENDER_WAGE_GAP(1.1),LUX,GWP,PT_WG_SAL_M_D,_Z,_Z,MEAN,_T,2006-01-01,13.705054581,,A,0,1
OECD.ELS.SAE:DSD_EARNINGS@GENDER_WAGE_GAP(1.1),AUS,GWP,PT_WG_SAL_M_D,_Z,_Z,MEAN,_T,2007-01-01,19.884488449,,A,0,1
OECD.ELS.SAE:DSD_EARNINGS@GENDER_WAGE_GAP(1.1),AUT,GWP,PT_WG_SAL_M_D,_Z,_Z,MEAN,_T,2007-01-01,27.016636376,,A,0,1
OECD.ELS.SAE:DSD_EARNINGS@GENDER_WAGE_GAP(1.1),BEL,GWP,PT_WG_SAL_M_D,_Z,_Z,MEAN,_T,2007-01-01,11.686086361,,A,0,1
OECD.ELS.SAE:DSD_EARNINGS@GENDER_WAGE_GAP(1.1),CAN,GWP,PT_WG_SAL_M_D,_Z,_Z,MEAN,_T,2007-01-01,20.894482963,,A,0,1
OECD.ELS.SAE:DSD_EARNINGS@GENDER_WAGE_GAP(1.1),COL,GWP,PT_WG_SAL_M_D,_Z,_Z,MEAN,_T,2007-01-01,10.620427644,,A,0,1
OECD.ELS.SAE:DSD_EARNINGS@GENDER_WAGE_GAP(1.1),CZE,GWP,PT_WG_SAL_M_D,_Z,_Z,MEAN,_T,2007-01-01,21.070960217,,A,0,1
OECD.ELS.SAE:DSD_EARNINGS@GENDER_WAGE_GAP(1.1),DNK,GWP,PT_WG_SAL_M_D,_Z,_Z,MEAN,_T,2007-01-01,14.604862369,,A,0,1
OECD.ELS.SAE:DSD_EARNINGS@GENDER_WAGE_GAP(1.1),FIN,GWP,PT_WG_SAL_M_D,_Z,_Z,MEAN,_T,2007-01-01,19.908015769,,A,0,1
OECD.ELS.SAE:DSD_EARNINGS@GENDER_WAGE_GAP(1.1),DEU,GWP,PT_WG_SAL_M_D,_Z,_Z,MEAN,_T,2007-01-01,20.755769012,,A,0,1
OECD.ELS.SAE:DSD_EARNINGS@GENDER_WAGE_GAP(1.1),HUN,GWP,PT_WG_SAL_M_D,_Z,_Z,MEAN,_T,2007-01-01,14.439141393,,A,0,1
OECD.ELS.SAE:DSD_EARNINGS@GENDER_WAGE_GAP(1.1),ISR,GWP,PT_WG_SAL_M_D,_Z,_Z,MEAN,_T,2007-01-01,25.493038354,,A,0,1
OECD.ELS.SAE:DSD_EARNINGS@GENDER_WAGE_GAP(1.1),JPN,GWP,PT_WG_SAL_M_D,_Z,_Z,MEAN,_T,2007-01-01,33.115533116,,A,0,1
OECD.ELS.SAE:DSD_EARNINGS@GENDER_WAGE_GAP(1.1),KOR,GWP,PT_WG_SAL_M_D,_Z,_Z,MEAN,_T,2007-01-01,37.242126358,,A,0,1
OECD.ELS.SAE:DSD_EARNINGS@GENDER_WAGE_GAP(1.1),MEX,GWP,PT_WG_SAL_M_D,_Z,_Z,MEAN,_T,2007-01-01,11.666083834,,A,0,1
OECD.ELS.SAE:DSD_EARNINGS@GENDER_WAGE_GAP(1.1),NZL,GWP,PT_WG_SAL_M_D,_Z,_Z,MEAN,_T,2007-01-01,13.999909012,,A,0,1
OECD.ELS.SAE:DSD_EARNINGS@GENDER_WAGE_GAP(1.1),NOR,GWP,PT_WG_SAL_M_D,_Z,_Z,MEAN,_T,2007-01-01,13.498858447,,A,0,1
OECD.ELS.SAE:DSD_EARNINGS@GENDER_WAGE_GAP(1.1),SVK,GWP,PT_WG_SAL_M_D,_Z,_Z,MEAN,_T,2007-01-01,23.996363462,,A,0,1
OECD.ELS.SAE:DSD_EARNINGS@GENDER_WAGE_GAP(1.1),SWE,GWP,PT_WG_SAL_M_D,_Z,_Z,MEAN,_T,2007-01-01,16.071428571,,A,0,1
OECD.ELS.SAE:DSD_EARNINGS@GENDER_WAGE_GAP(1.1),GBR,GWP,PT_WG_SAL_M_D,_Z,_Z,MEAN,_T,2007-01-01,24.160891696,,A,0,1
OECD.ELS.SAE:DSD_EARNINGS@GENDER_WAGE_GAP(1.1),USA,GWP,PT_WG_SAL_M_D,_Z,_Z,MEAN,_T,2007-01-01,21.865889213,,A,0,1
OECD.ELS.SAE:DSD_EARNINGS@GENDER_WAGE_GAP(1.1),EU27,GWP,PT_WG_SAL_M_D,_Z,_Z,MEAN,_T,2007-01-01,16.9547127322277,,A,0,1
OECD.ELS.SAE:DSD_EARNINGS@GENDER_WAGE_GAP(1.1),EU19OECD,GWP,PT_WG_SAL_M_D,_Z,_Z,MEAN,_T,2007-01-01,18.3037772994275,,A,0,1
OECD.ELS.SAE:DSD_EARNINGS@GENDER_WAGE_GAP(1.1),OECD,GWP,PT_WG_SAL_M_D,_Z,_Z,MEAN,_T,2007-01-01,19.0352348181116,,A,0,1
OECD.ELS.SAE:DSD_EARNINGS@GENDER_WAGE_GAP(1.1),POL,GWP,PT_WG_SAL_M_D,_Z,_Z,MEAN,_T,2007-01-01,0.0,,A,0,1
OECD.ELS.SAE:DSD_EARNINGS@GENDER_WAGE_GAP(1.1),AUS,GWP,PT_WG_SAL_M_D,_Z,_Z,MEAN,_T,2008-01-01,19.341894061,,A,0,1
OECD.ELS.SAE:DSD_EARNINGS@GENDER_WAGE_GAP(1.1),AUT,GWP,PT_WG_SAL_M_D,_Z,_Z,MEAN,_T,2008-01-01,26.005357041,,A,0,1
OECD.ELS.SAE:DSD_EARNINGS@GENDER_WAGE_GAP(1.1),BEL,GWP,PT_WG_SAL_M_D,_Z,_Z,MEAN,_T,2008-01-01,11.250827267,,A,0,1
OECD.ELS.SAE:DSD_EARNINGS@GENDER_WAGE_GAP(1.1),CZE,GWP,PT_WG_SAL_M_D,_Z,_Z,MEAN,_T,2008-01-01,22.326538888,,A,0,1
OECD.ELS.SAE:DSD_EARNINGS@GENDER_WAGE_GAP(1.1),DNK,GWP,PT_WG_SAL_M_D,_Z,_Z,MEAN,_T,2008-01-01,14.589241734,,A,0,1
OECD.ELS.SAE:DSD_EARNINGS@GENDER_WAGE_GAP(1.1),FIN,GWP,PT_WG_SAL_M_D,_Z,_Z,MEAN,_T,2008-01-01,19.178940771,,A,0,1
OECD.ELS.SAE:DSD_EARNINGS@GENDER_WAGE_GAP(1.1),DEU,GWP,PT_WG_SAL_M_D,_Z,_Z,MEAN,_T,2008-01-01,21.391729278,,A,0,1
OECD.ELS.SAE:DSD_EARNINGS@GENDER_WAGE_GAP(1.1),HUN,GWP,PT_WG_SAL_M_D,_Z,_Z,MEAN,_T,2008-01-01,14.156157595,,A,0,1
OECD.ELS.SAE:DSD_EARNINGS@GENDER_WAGE_GAP(1.1),ISR,GWP,PT_WG_SAL_M_D,_Z,_Z,MEAN,_T,2008-01-01,28.263054192,,A,0,1
OECD.ELS.SAE:DSD_EARNINGS@GENDER_WAGE_GAP(1.1),JPN,GWP,PT_WG_SAL_M_D,_Z,_Z,MEAN,_T,2008-01-01,32.244531016,,A,0,1
OECD.ELS.SAE:DSD_EARNINGS@GENDER_WAGE_GAP(1.1),KOR,GWP,PT_WG_SAL_M_D,_Z,_Z,MEAN,_T,2008-01-01,38.043023004,,A,0,1
OECD.ELS.SAE:DSD_EARNINGS@GENDER_WAGE_GAP(1.1),MEX,GWP,PT_WG_SAL_M_D,_Z,_Z,MEAN,_T,2008-01-01,15.993918354,,A,0,1
OECD.ELS.SAE:DSD_EARNINGS@GENDER_WAGE_GAP(1.1),NZL,GWP,PT_WG_SAL_M_D,_Z,_Z,MEAN,_T,2008-01-01,13.530972618,,A,0,1
OECD.ELS.SAE:DSD_EARNINGS@GENDER_WAGE_GAP(1.1),NOR,GWP,PT_WG_SAL_M_D,_Z,_Z,MEAN,_T,2008-01-01,13.829215897,,A,0,1
OECD.ELS.SAE:DSD_EARNINGS@GENDER_WAGE_GAP(1.1),POL,GWP,PT_WG_SAL_M_D,_Z,_Z,MEAN,_T,2008-01-01,18.676277114,,A,0,1
OECD.ELS.SAE:DSD_EARNINGS@GENDER_WAGE_GAP(1.1),SVK,GWP,PT_WG_SAL_M_D,_Z,_Z,MEAN,_T,2008-01-01,22.189315923,,A,0,1
OECD.ELS.SAE:DSD_EARNINGS@GENDER_WAGE_GAP(1.1),SWE,GWP,PT_WG_SAL_M_D,_Z,_Z,MEAN,_T,2008-01-01,15.986394558,,A,0,1
OECD.ELS.SAE:DSD_EARNINGS@GENDER_WAGE_GAP(1.1),GBR,GWP,PT_WG_SAL_M_D,_Z,_Z,MEAN,_T,2008-01-01,24.415503399,,A,0,1
OECD.ELS.SAE:DSD_EARNINGS@GENDER_WAGE_GAP(1.1),USA,GWP,PT_WG_SAL_M_D,_Z,_Z,MEAN,_T,2008-01-01,23.361034164,,A,0,1
OECD.ELS.SAE:DSD_EARNINGS@GENDER_WAGE_GAP(1.1),EU27,GWP,PT_WG_SAL_M_D,_Z,_Z,MEAN,_T,2008-01-01,16.6908279269455,,A,0,1
OECD.ELS.SAE:DSD_EARNINGS@GENDER_WAGE_GAP(1.1),EU19OECD,GWP,PT_WG_SAL_M_D,_Z,_Z,MEAN,_T,2008-01-01,17.7888624704326,,A,0,1
OECD.ELS.SAE:DSD_EARNINGS@GENDER_WAGE_GAP(1.1),OECD,GWP,PT_WG_SAL_M_D,_Z,_Z,MEAN,_T,2008-01-01,19.0836096601394,,A,0,1
OECD.ELS.SAE:DSD_EARNINGS@GENDER_WAGE_GAP(1.1),CAN,GWP,PT_WG_SAL_M_D,_Z,_Z,MEAN,_T,2008-01-01,21.20306664,,A,0,1
OECD.ELS.SAE:DSD_EARNINGS@GENDER_WAGE_GAP(1.1),COL,GWP,PT_WG_SAL_M_D,_Z,_Z,MEAN,_T,2008-01-01,11.03785067,,A,0,1
OECD.ELS.SAE:DSD_EARNINGS@GENDER_WAGE_GAP(1.1),CHE,GWP,PT_WG_SAL_M_D,_Z,_Z,MEAN,_T,2008-01-01,25.04444653,,A,0,1
OECD.ELS.SAE:DSD_EARNINGS@GENDER_WAGE_GAP(1.1),AUS,GWP,PT_WG_SAL_M_D,_Z,_Z,MEAN,_T,2009-01-01,19.725818736,,A,0,1
OECD.ELS.SAE:DSD_EARNINGS@GENDER_WAGE_GAP(1.1),BEL,GWP,PT_WG_SAL_M_D,_Z,_Z,MEAN,_T,2009-01-01,10.305958132,,A,0,1
OECD.ELS.SAE:DSD_EARNINGS@GENDER_WAGE_GAP(1.1),CAN,GWP,PT_WG_SAL_M_D,_Z,_Z,MEAN,_T,2009-01-01,19.624021288,,A,0,1
OECD.ELS.SAE:DSD_EARNINGS@GENDER_WAGE_GAP(1.1),CHL,GWP,PT_WG_SAL_M_D,_Z,_Z,MEAN,_T,2009-01-01,13.352504837,,A,0,1
OECD.ELS.SAE:DSD_EARNINGS@GENDER_WAGE_GAP(1.1),COL,GWP,PT_WG_SAL_M_D,_Z,_Z,MEAN,_T,2009-01-01,10.221129011,,A,0,1
OECD.ELS.SAE:DSD_EARNINGS@GENDER_WAGE_GAP(1.1),CZE,GWP,PT_WG_SAL_M_D,_Z,_Z,MEAN,_T,2009-01-01,21.503238839,,A,0,1
OECD.ELS.SAE:DSD_EARNINGS@GENDER_WAGE_GAP(1.1),DNK,GWP,PT_WG_SAL_M_D,_Z,_Z,MEAN,_T,2009-01-01,13.992243427,,A,0,1
OECD.ELS.SAE:DSD_EARNINGS@GENDER_WAGE_GAP(1.1),FIN,GWP,PT_WG_SAL_M_D,_Z,_Z,MEAN,_T,2009-01-01,18.827816581,,A,0,1
OECD.ELS.SAE:DSD_EARNINGS@GENDER_WAGE_GAP(1.1),DEU,GWP,PT_WG_SAL_M_D,_Z,_Z,MEAN,_T,2009-01-01,19.272519933,,A,0,1
OECD.ELS.SAE:DSD_EARNINGS@GENDER_WAGE_GAP(1.1),HUN,GWP,PT_WG_SAL_M_D,_Z,_Z,MEAN,_T,2009-01-01,15.090705408,,A,0,1
OECD.ELS.SAE:DSD_EARNINGS@GENDER_WAGE_GAP(1.1),ISR,GWP,PT_WG_SAL_M_D,_Z,_Z,MEAN,_T,2009-01-01,24.698789583,,A,0,1
OECD.ELS.SAE:DSD_EARNINGS@GENDER_WAGE_GAP(1.1),KOR,GWP,PT_WG_SAL_M_D,_Z,_Z,MEAN,_T,2009-01-01,37.244706487,,A,0,1
OECD.ELS.SAE:DSD_EARNINGS@GENDER_WAGE_GAP(1.1),MEX,GWP,PT_WG_SAL_M_D,_Z,_Z,MEAN,_T,2009-01-01,7.4542174187,,A,0,1
OECD.ELS.SAE:DSD_EARNINGS@GENDER_WAGE_GAP(1.1),NZL,GWP,PT_WG_SAL_M_D,_Z,_Z,MEAN,_T,2009-01-01,13.961390563,,A,0,1
OECD.ELS.SAE:DSD_EARNINGS@GENDER_WAGE_GAP(1.1),NOR,GWP,PT_WG_SAL_M_D,_Z,_Z,MEAN,_T,2009-01-01,13.397502601,,A,0,1
OECD.ELS.SAE:DSD_EARNINGS@GENDER_WAGE_GAP(1.1),SVK,GWP,PT_WG_SAL_M_D,_Z,_Z,MEAN,_T,2009-01-01,23.470689785,,A,0,1
OECD.ELS.SAE:DSD_EARNINGS@GENDER_WAGE_GAP(1.1),SWE,GWP,PT_WG_SAL_M_D,_Z,_Z,MEAN,_T,2009-01-01,14.617940199,,A,0,1
OECD.ELS.SAE:DSD_EARNINGS@GENDER_WAGE_GAP(1.1),GBR,GWP,PT_WG_SAL_M_D,_Z,_Z,MEAN,_T,2009-01-01,22.922884344,,A,0,1
OECD.ELS.SAE:DSD_EARNINGS@GENDER_WAGE_GAP(1.1),USA,GWP,PT_WG_SAL_M_D,_Z,_Z,MEAN,_T,2009-01-01,24.035087719,,A,0,1
OECD.ELS.SAE:DSD_EARNINGS@GENDER_WAGE_GAP(1.1),EU27,GWP,PT_WG_SAL_M_D,_Z,_Z,MEAN,_T,2009-01-01,16.257655810669,,A,0,1
OECD.ELS.SAE:DSD_EARNINGS@GENDER_WAGE_GAP(1.1),EU19OECD,GWP,PT_WG_SAL_M_D,_Z,_Z,MEAN,_T,2009-01-01,17.294895103343,,A,0,1
OECD.ELS.SAE:DSD_EARNINGS@GENDER_WAGE_GAP(1.1),OECD,GWP,PT_WG_SAL_M_D,_Z,_Z,MEAN,_T,2009-01-01,18.2445507773681,,A,0,1
OECD.ELS.SAE:DSD_EARNINGS@GENDER_WAGE_GAP(1.1),AUT,GWP,PT_WG_SAL_M_D,_Z,_Z,MEAN,_T,2009-01-01,24.54597803,,A,0,1
OECD.ELS.SAE:DSD_EARNINGS@GENDER_WAGE_GAP(1.1),JPN,GWP,PT_WG_SAL_M_D,_Z,_Z,MEAN,_T,2009-01-01,30.23255814,,A,0,1
OECD.ELS.SAE:DSD_EARNINGS@GENDER_WAGE_GAP(1.1),POL,GWP,PT_WG_SAL_M_D,_Z,_Z,MEAN,_T,2009-01-01,0.0,,A,0,1
OECD.ELS.SAE:DSD_EARNINGS@GENDER_WAGE_GAP(1.1),AUS,GWP,PT_WG_SAL_M_D,_Z,_Z,MEAN,_T,2010-01-01,20.381231672,,A,0,1
OECD.ELS.SAE:DSD_EARNINGS@GENDER_WAGE_GAP(1.1),CAN,GWP,PT_WG_SAL_M_D,_Z,_Z,MEAN,_T,2010-01-01,19.299349893,,A,0,1
OECD.ELS.SAE:DSD_EARNINGS@GENDER_WAGE_GAP(1.1),COL,GWP,PT_WG_SAL_M_D,_Z,_Z,MEAN,_T,2010-01-01,13.962533079,,A,0,1
OECD.ELS.SAE:DSD_EARNINGS@GENDER_WAGE_GAP(1.1),CRI,GWP,PT_WG_SAL_M_D,_Z,_Z,MEAN,_T,2010-01-01,11.947304183,,A,0,1
OECD.ELS.SAE:DSD_EARNINGS@GENDER_WAGE_GAP(1.1),DNK,GWP,PT_WG_SAL_M_D,_Z,_Z,MEAN,_T,2010-01-01,11.983277004,,A,0,1
OECD.ELS.SAE:DSD_EARNINGS@GENDER_WAGE_GAP(1.1),EST,GWP,PT_WG_SAL_M_D,_Z,_Z,MEAN,_T,2010-01-01,28.840174978,,A,0,1
OECD.ELS.SAE:DSD_EARNINGS@GENDER_WAGE_GAP(1.1),FIN,GWP,PT_WG_SAL_M_D,_Z,_Z,MEAN,_T,2010-01-01,18.474374255,,A,0,1
OECD.ELS.SAE:DSD_EARNINGS@GENDER_WAGE_GAP(1.1),FRA,GWP,PT_WG_SAL_M_D,_Z,_Z,MEAN,_T,2010-01-01,16.294663636,,A,0,1
OECD.ELS.SAE:DSD_EARNINGS@GENDER_WAGE_GAP(1.1),DEU,GWP,PT_WG_SAL_M_D,_Z,_Z,MEAN,_T,2010-01-01,17.163246369,,A,0,1
OECD.ELS.SAE:DSD_EARNINGS@GENDER_WAGE_GAP(1.1),GRC,GWP,PT_WG_SAL_M_D,_Z,_Z,MEAN,_T,2010-01-01,17.083343383,,A,0,1
OECD.ELS.SAE:DSD_EARNINGS@GENDER_WAGE_GAP(1.1),HUN,GWP,PT_WG_SAL_M_D,_Z,_Z,MEAN,_T,2010-01-01,16.512768476,,A,0,1
OECD.ELS.SAE:DSD_EARNINGS@GENDER_WAGE_GAP(1.1),ISL,GWP,PT_WG_SAL_M_D,_Z,_Z,MEAN,_T,2010-01-01,19.208927666,,A,0,1
OECD.ELS.SAE:DSD_EARNINGS@GENDER_WAGE_GAP(1.1),IRL,GWP,PT_WG_SAL_M_D,_Z,_Z,MEAN,_T,2010-01-01,18.292695852,,A,0,1
OECD.ELS.SAE:DSD_EARNINGS@GENDER_WAGE_GAP(1.1),ISR,GWP,PT_WG_SAL_M_D,_Z,_Z,MEAN,_T,2010-01-01,25.487973821,,A,0,1
OECD.ELS.SAE:DSD_EARNINGS@GENDER_WAGE_GAP(1.1),ITA,GWP,PT_WG_SAL_M_D,_Z,_Z,MEAN,_T,2010-01-01,11.474533516,,A,0,1
OECD.ELS.SAE:DSD_EARNINGS@GENDER_WAGE_GAP(1.1),JPN,GWP,PT_WG_SAL_M_D,_Z,_Z,MEAN,_T,2010-01-01,30.673164788,,A,0,1
OECD.ELS.SAE:DSD_EARNINGS@GENDER_WAGE_GAP(1.1),KOR,GWP,PT_WG_SAL_M_D,_Z,_Z,MEAN,_T,2010-01-01,37.043846762,,A,0,1
OECD.ELS.SAE:DSD_EARNINGS@GENDER_WAGE_GAP(1.1),LVA,GWP,PT_WG_SAL_M_D,_Z,_Z,MEAN,_T,2010-01-01,19.530171638,,A,0,1
OECD.ELS.SAE:DSD_EARNINGS@GENDER_WAGE_GAP(1.1),LTU,GWP,PT_WG_SAL_M_D,_Z,_Z,MEAN,_T,2010-01-01,16.448672643,,A,0,1
OECD.ELS.SAE:DSD_EARNINGS@GENDER_WAGE_GAP(1.1),NOR,GWP,PT_WG_SAL_M_D,_Z,_Z,MEAN,_T,2010-01-01,12.822439269,,A,0,1
OECD.ELS.SAE:DSD_EARNINGS@GENDER_WAGE_GAP(1.1),POL,GWP,PT_WG_SAL_M_D,_Z,_Z,MEAN,_T,2010-01-01,15.023762113,,A,0,1
OECD.ELS.SAE:DSD_EARNINGS@GENDER_WAGE_GAP(1.1),PRT,GWP,PT_WG_SAL_M_D,_Z,_Z,MEAN,_T,2010-01-01,13.735160942,,A,0,1
OECD.ELS.SAE:DSD_EARNINGS@GENDER_WAGE_GAP(1.1),SVK,GWP,PT_WG_SAL_M_D,_Z,_Z,MEAN,_T,2010-01-01,22.637590862,,A,0,1
OECD.ELS.SAE:DSD_EARNINGS@GENDER_WAGE_GAP(1.1),SVN,GWP,PT_WG_SAL_M_D,_Z,_Z,MEAN,_T,2010-01-01,4.4708731113,,A,0,1
OECD.ELS.SAE:DSD_EARNINGS@GENDER_WAGE_GAP(1.1),ESP,GWP,PT_WG_SAL_M_D,_Z,_Z,MEAN,_T,2010-01-01,13.207520859,,A,0,1
OECD.ELS.SAE:DSD_EARNINGS@GENDER_WAGE_GAP(1.1),SWE,GWP,PT_WG_SAL_M_D,_Z,_Z,MEAN,_T,2010-01-01,14.379084967,,A,0,1
OECD.ELS.SAE:DSD_EARNINGS@GENDER_WAGE_GAP(1.1),CHE,GWP,PT_WG_SAL_M_D,_Z,_Z,MEAN,_T,2010-01-01,23.688042424,,A,0,1
OECD.ELS.SAE:DSD_EARNINGS@GENDER_WAGE_GAP(1.1),GBR,GWP,PT_WG_SAL_M_D,_Z,_Z,MEAN,_T,2010-01-01,22.307862675,,A,0,1
OECD.ELS.SAE:DSD_EARNINGS@GENDER_WAGE_GAP(1.1),USA,GWP,PT_WG_SAL_M_D,_Z,_Z,MEAN,_T,2010-01-01,21.612046058,,A,0,1
OECD.ELS.SAE:DSD_EARNINGS@GENDER_WAGE_GAP(1.1),EU27,GWP,PT_WG_SAL_M_D,_Z,_Z,MEAN,_T,2010-01-01,15.8729387700926,,A,0,1
OECD.ELS.SAE:DSD_EARNINGS@GENDER_WAGE_GAP(1.1),EU19OECD,GWP,PT_WG_SAL_M_D,_Z,_Z,MEAN,_T,2010-01-01,16.8125448014895,,A,0,1
OECD.ELS.SAE:DSD_EARNINGS@GENDER_WAGE_GAP(1.1),OECD,GWP,PT_WG_SAL_M_D,_Z,_Z,MEAN,_T,2010-01-01,17.8615659678504,,A,0,1
OECD.ELS.SAE:DSD_EARNINGS@GENDER_WAGE_GAP(1.1),BGR,GWP,PT_WG_SAL_M_D,_Z,_Z,MEAN,_T,2010-01-01,14.319986284,,A,0,1
OECD.ELS.SAE:DSD_EARNINGS@GENDER_WAGE_GAP(1.1),HRV,GWP,PT_WG_SAL_M_D,_Z,_Z,MEAN,_T,2010-01-01,6.4432759586,,A,0,1
OECD.ELS.SAE:DSD_EARNINGS@GENDER_WAGE_GAP(1.1),CYP,GWP,PT_WG_SAL_M_D,_Z,_Z,MEAN,_T,2010-01-01,20.764391155,,A,0,1
OECD.ELS.SAE:DSD_EARNINGS@GENDER_WAGE_GAP(1.1),MLT,GWP,PT_WG_SAL_M_D,_Z,_Z,MEAN,_T,2010-01-01,13.862002304,,A,0,1
OECD.ELS.SAE:DSD_EARNINGS@GENDER_WAGE_GAP(1.1),ROU,GWP,PT_WG_SAL_M_D,_Z,_Z,MEAN,_T,2010-01-01,9.2200760616,,A,0,1
OECD.ELS.SAE:DSD_EARNINGS@GENDER_WAGE_GAP(1.1),AUT,GWP,PT_WG_SAL_M_D,_Z,_Z,MEAN,_T,2010-01-01,24.14373323,,A,0,1
OECD.ELS.SAE:DSD_EARNINGS@GENDER_WAGE_GAP(1.1),BEL,GWP,PT_WG_SAL_M_D,_Z,_Z,MEAN,_T,2010-01-01,10.02514142,,A,0,1
OECD.ELS.SAE:DSD_EARNINGS@GENDER_WAGE_GAP(1.1),CZE,GWP,PT_WG_SAL_M_D,_Z,_Z,MEAN,_T,2010-01-01,21.2487647,,A,0,1
OECD.ELS.SAE:DSD_EARNINGS@GENDER_WAGE_GAP(1.1),MEX,GWP,PT_WG_SAL_M_D,_Z,_Z,MEAN,_T,2010-01-01,12.64193058,,A,0,1
OECD.ELS.SAE:DSD_EARNINGS@GENDER_WAGE_GAP(1.1),NLD,GWP,PT_WG_SAL_M_D,_Z,_Z,MEAN,_T,2010-01-01,20.0003367,,A,0,1
OECD.ELS.SAE:DSD_EARNINGS@GENDER_WAGE_GAP(1.1),NZL,GWP,PT_WG_SAL_M_D,_Z,_Z,MEAN,_T,2010-01-01,12.62333688,,A,0,1
OECD.ELS.SAE:DSD_EARNINGS@GENDER_WAGE_GAP(1.1),PER,GWP,PT_WG_SAL_M_D,_Z,_Z,MEAN,_T,2010-01-01,21.1202138,,A,0,1
OECD.ELS.SAE:DSD_EARNINGS@GENDER_WAGE_GAP(1.1),LUX,GWP,PT_WG_SAL_M_D,_Z,_Z,MEAN,_T,2010-01-01,12.989724375,,A,0,1
OECD.ELS.SAE:DSD_EARNINGS@GENDER_WAGE_GAP(1.1),TUR,GWP,PT_WG_SAL_M_D,_Z,_Z,MEAN,_T,2010-01-01,0.0,,A,0,1
OECD.ELS.SAE:DSD_EARNINGS@GENDER_WAGE_GAP(1.1),AUS,GWP,PT_WG_SAL_M_D,_Z,_Z,MEAN,_T,2011-01-01,19.458303635,,A,0,1
OECD.ELS.SAE:DSD_EARNINGS@GENDER_WAGE_GAP(1.1),CAN,GWP,PT_WG_SAL_M_D,_Z,_Z,MEAN,_T,2011-01-01,18.742170805,,A,0,1
OECD.ELS.SAE:DSD_EARNINGS@GENDER_WAGE_GAP(1.1),CHL,GWP,PT_WG_SAL_M_D,_Z,_Z,MEAN,_T,2011-01-01,13.085515382,,A,0,1
OECD.ELS.SAE:DSD_EARNINGS@GENDER_WAGE_GAP(1.1),COL,GWP,PT_WG_SAL_M_D,_Z,_Z,MEAN,_T,2011-01-01,10.602171662,,A,0,1
OECD.ELS.SAE:DSD_EARNINGS@GENDER_WAGE_GAP(1.1),CRI,GWP,PT_WG_SAL_M_D,_Z,_Z,MEAN,_T,2011-01-01,12.346110803,,A,0,1
OECD.ELS.SAE:DSD_EARNINGS@GENDER_WAGE_GAP(1.1),CZE,GWP,PT_WG_SAL_M_D,_Z,_Z,MEAN,_T,2011-01-01,22.678679122,,A,0,1
OECD.ELS.SAE:DSD_EARNINGS@GENDER_WAGE_GAP(1.1),DNK,GWP,PT_WG_SAL_M_D,_Z,_Z,MEAN,_T,2011-01-01,12.788851845,,A,0,1
OECD.ELS.SAE:DSD_EARNINGS@GENDER_WAGE_GAP(1.1),FIN,GWP,PT_WG_SAL_M_D,_Z,_Z,MEAN,_T,2011-01-01,18.033265247,,A,0,1
OECD.ELS.SAE:DSD_EARNINGS@GENDER_WAGE_GAP(1.1),DEU,GWP,PT_WG_SAL_M_D,_Z,_Z,MEAN,_T,2011-01-01,22.058991165,,A,0,1
OECD.ELS.SAE:DSD_EARNINGS@GENDER_WAGE_GAP(1.1),HUN,GWP,PT_WG_SAL_M_D,_Z,_Z,MEAN,_T,2011-01-01,16.319121674,,A,0,1
OECD.ELS.SAE:DSD_EARNINGS@GENDER_WAGE_GAP(1.1),ISR,GWP,PT_WG_SAL_M_D,_Z,_Z,MEAN,_T,2011-01-01,24.895004786,,A,0,1
OECD.ELS.SAE:DSD_EARNINGS@GENDER_WAGE_GAP(1.1),JPN,GWP,PT_WG_SAL_M_D,_Z,_Z,MEAN,_T,2011-01-01,29.363387146,,A,0,1
OECD.ELS.SAE:DSD_EARNINGS@GENDER_WAGE_GAP(1.1),KOR,GWP,PT_WG_SAL_M_D,_Z,_Z,MEAN,_T,2011-01-01,35.887622521,,A,0,1
OECD.ELS.SAE:DSD_EARNINGS@GENDER_WAGE_GAP(1.1),MEX,GWP,PT_WG_SAL_M_D,_Z,_Z,MEAN,_T,2011-01-01,11.870891137,,A,0,1
OECD.ELS.SAE:DSD_EARNINGS@GENDER_WAGE_GAP(1.1),NZL,GWP,PT_WG_SAL_M_D,_Z,_Z,MEAN,_T,2011-01-01,11.814597403,,A,0,1
OECD.ELS.SAE:DSD_EARNINGS@GENDER_WAGE_GAP(1.1),NOR,GWP,PT_WG_SAL_M_D,_Z,_Z,MEAN,_T,2011-01-01,12.695735967,,A,0,1
OECD.ELS.SAE:DSD_EARNINGS@GENDER_WAGE_GAP(1.1),SVK,GWP,PT_WG_SAL_M_D,_Z,_Z,MEAN,_T,2011-01-01,22.368421053,,A,0,1
OECD.ELS.SAE:DSD_EARNINGS@GENDER_WAGE_GAP(1.1),SWE,GWP,PT_WG_SAL_M_D,_Z,_Z,MEAN,_T,2011-01-01,14.102564103,,A,0,1
OECD.ELS.SAE:DSD_EARNINGS@GENDER_WAGE_GAP(1.1),GBR,GWP,PT_WG_SAL_M_D,_Z,_Z,MEAN,_T,2011-01-01,21.704131227,,A,0,1
OECD.ELS.SAE:DSD_EARNINGS@GENDER_WAGE_GAP(1.1),USA,GWP,PT_WG_SAL_M_D,_Z,_Z,MEAN,_T,2011-01-01,21.153846154,,A,0,1
OECD.ELS.SAE:DSD_EARNINGS@GENDER_WAGE_GAP(1.1),EU27,GWP,PT_WG_SAL_M_D,_Z,_Z,MEAN,_T,2011-01-01,15.9610541332402,,A,0,1
OECD.ELS.SAE:DSD_EARNINGS@GENDER_WAGE_GAP(1.1),EU19OECD,GWP,PT_WG_SAL_M_D,_Z,_Z,MEAN,_T,2011-01-01,16.841768449337,,A,0,1
OECD.ELS.SAE:DSD_EARNINGS@GENDER_WAGE_GAP(1.1),OECD,GWP,PT_WG_SAL_M_D,_Z,_Z,MEAN,_T,2011-01-01,17.6876436206737,,A,0,1
OECD.ELS.SAE:DSD_EARNINGS@GENDER_WAGE_GAP(1.1),PER,GWP,PT_WG_SAL_M_D,_Z,_Z,MEAN,_T,2011-01-01,22.689991468,,A,0,1
OECD.ELS.SAE:DSD_EARNINGS@GENDER_WAGE_GAP(1.1),AUT,GWP,PT_WG_SAL_M_D,_Z,_Z,MEAN,_T,2011-01-01,23.55489666,,A,0,1
OECD.ELS.SAE:DSD_EARNINGS@GENDER_WAGE_GAP(1.1),BEL,GWP,PT_WG_SAL_M_D,_Z,_Z,MEAN,_T,2011-01-01,8.072437078,,A,0,1
OECD.ELS.SAE:DSD_EARNINGS@GENDER_WAGE_GAP(1.1),POL,GWP,PT_WG_SAL_M_D,_Z,_Z,MEAN,_T,2011-01-01,0.0,,A,0,1
OECD.ELS.SAE:DSD_EARNINGS@GENDER_WAGE_GAP(1.1),AUS,GWP,PT_WG_SAL_M_D,_Z,_Z,MEAN,_T,2012-01-01,20.376597176,,A,0,1
OECD.ELS.SAE:DSD_EARNINGS@GENDER_WAGE_GAP(1.1),AUT,GWP,PT_WG_SAL_M_D,_Z,_Z,MEAN,_T,2012-01-01,22.971175236,,A,0,1
OECD.ELS.SAE:DSD_EARNINGS@GENDER_WAGE_GAP(1.1),BEL,GWP,PT_WG_SAL_M_D,_Z,_Z,MEAN,_T,2012-01-01,7.2590361446,,A,0,1
OECD.ELS.SAE:DSD_EARNINGS@GENDER_WAGE_GAP(1.1),CAN,GWP,PT_WG_SAL_M_D,_Z,_Z,MEAN,_T,2012-01-01,18.526591498,,A,0,1
OECD.ELS.SAE:DSD_EARNINGS@GENDER_WAGE_GAP(1.1),COL,GWP,PT_WG_SAL_M_D,_Z,_Z,MEAN,_T,2012-01-01,12.911118852,,A,0,1
OECD.ELS.SAE:DSD_EARNINGS@GENDER_WAGE_GAP(1.1),CRI,GWP,PT_WG_SAL_M_D,_Z,_Z,MEAN,_T,2012-01-01,13.817997272,,A,0,1
OECD.ELS.SAE:DSD_EARNINGS@GENDER_WAGE_GAP(1.1),CZE,GWP,PT_WG_SAL_M_D,_Z,_Z,MEAN,_T,2012-01-01,22.086378277,,A,0,1
OECD.ELS.SAE:DSD_EARNINGS@GENDER_WAGE_GAP(1.1),DNK,GWP,PT_WG_SAL_M_D,_Z,_Z,MEAN,_T,2012-01-01,12.623623863,,A,0,1
OECD.ELS.SAE:DSD_EARNINGS@GENDER_WAGE_GAP(1.1),FIN,GWP,PT_WG_SAL_M_D,_Z,_Z,MEAN,_T,2012-01-01,18.189533239,,A,0,1
OECD.ELS.SAE:DSD_EARNINGS@GENDER_WAGE_GAP(1.1),DEU,GWP,PT_WG_SAL_M_D,_Z,_Z,MEAN,_T,2012-01-01,19.058974909,,A,0,1
OECD.ELS.SAE:DSD_EARNINGS@GENDER_WAGE_GAP(1.1),HUN,GWP,PT_WG_SAL_M_D,_Z,_Z,MEAN,_T,2012-01-01,20.014314354,,A,0,1
OECD.ELS.SAE:DSD_EARNINGS@GENDER_WAGE_GAP(1.1),ISR,GWP,PT_WG_SAL_M_D,_Z,_Z,MEAN,_T,2012-01-01,24.329885293,,A,0,1
OECD.ELS.SAE:DSD_EARNINGS@GENDER_WAGE_GAP(1.1),KOR,GWP,PT_WG_SAL_M_D,_Z,_Z,MEAN,_T,2012-01-01,34.976276839,,A,0,1
OECD.ELS.SAE:DSD_EARNINGS@GENDER_WAGE_GAP(1.1),MEX,GWP,PT_WG_SAL_M_D,_Z,_Z,MEAN,_T,2012-01-01,11.332227248,,A,0,1
OECD.ELS.SAE:DSD_EARNINGS@GENDER_WAGE_GAP(1.1),NZL,GWP,PT_WG_SAL_M_D,_Z,_Z,MEAN,_T,2012-01-01,11.805403866,,A,0,1
OECD.ELS.SAE:DSD_EARNINGS@GENDER_WAGE_GAP(1.1),NOR,GWP,PT_WG_SAL_M_D,_Z,_Z,MEAN,_T,2012-01-01,11.700140121,,A,0,1
OECD.ELS.SAE:DSD_EARNINGS@GENDER_WAGE_GAP(1.1),POL,GWP,PT_WG_SAL_M_D,_Z,_Z,MEAN,_T,2012-01-01,16.687220813,,A,0,1
OECD.ELS.SAE:DSD_EARNINGS@GENDER_WAGE_GAP(1.1),SVK,GWP,PT_WG_SAL_M_D,_Z,_Z,MEAN,_T,2012-01-01,22.252756937,,A,0,1
OECD.ELS.SAE:DSD_EARNINGS@GENDER_WAGE_GAP(1.1),SWE,GWP,PT_WG_SAL_M_D,_Z,_Z,MEAN,_T,2012-01-01,14.018691589,,A,0,1
OECD.ELS.SAE:DSD_EARNINGS@GENDER_WAGE_GAP(1.1),CHE,GWP,PT_WG_SAL_M_D,_Z,_Z,MEAN,_T,2012-01-01,24.781638679,,A,0,1
OECD.ELS.SAE:DSD_EARNINGS@GENDER_WAGE_GAP(1.1),GBR,GWP,PT_WG_SAL_M_D,_Z,_Z,MEAN,_T,2012-01-01,20.523686999,,A,0,1
OECD.ELS.SAE:DSD_EARNINGS@GENDER_WAGE_GAP(1.1),USA,GWP,PT_WG_SAL_M_D,_Z,_Z,MEAN,_T,2012-01-01,21.996615905,,A,0,1
OECD.ELS.SAE:DSD_EARNINGS@GENDER_WAGE_GAP(1.1),EU27,GWP,PT_WG_SAL_M_D,_Z,_Z,MEAN,_T,2012-01-01,15.894797483419,,A,0,1
OECD.ELS.SAE:DSD_EARNINGS@GENDER_WAGE_GAP(1.1),EU19OECD,GWP,PT_WG_SAL_M_D,_Z,_Z,MEAN,_T,2012-01-01,16.5797126758515,,A,0,1
OECD.ELS.SAE:DSD_EARNINGS@GENDER_WAGE_GAP(1.1),OECD,GWP,PT_WG_SAL_M_D,_Z,_Z,MEAN,_T,2012-01-01,17.7360442946752,,A,0,1
OECD.ELS.SAE:DSD_EARNINGS@GENDER_WAGE_GAP(1.1),PER,GWP,PT_WG_SAL_M_D,_Z,_Z,MEAN,_T,2012-01-01,21.108109498,,A,0,1
OECD.ELS.SAE:DSD_EARNINGS@GENDER_WAGE_GAP(1.1),JPN,GWP,PT_WG_SAL_M_D,_Z,_Z,MEAN,_T,2012-01-01,29.14893617,,A,0,1
OECD.ELS.SAE:DSD_EARNINGS@GENDER_WAGE_GAP(1.1),BRA,GWP,PT_WG_SAL_M_D,_Z,_Z,MEAN,_T,2012-01-01,11.64845192,,A,0,1
OECD.ELS.SAE:DSD_EARNINGS@GENDER_WAGE_GAP(1.1),AUT,GWP,PT_WG_SAL_M_D,_Z,_Z,MEAN,_T,2013-01-01,22.741805427,,A,0,1
OECD.ELS.SAE:DSD_EARNINGS@GENDER_WAGE_GAP(1.1),BEL,GWP,PT_WG_SAL_M_D,_Z,_Z,MEAN,_T,2013-01-01,6.5256257449,,A,0,1
OECD.ELS.SAE:DSD_EARNINGS@GENDER_WAGE_GAP(1.1),CAN,GWP,PT_WG_SAL_M_D,_Z,_Z,MEAN,_T,2013-01-01,18.477574226,,A,0,1
OECD.ELS.SAE:DSD_EARNINGS@GENDER_WAGE_GAP(1.1),CHL,GWP,PT_WG_SAL_M_D,_Z,_Z,MEAN,_T,2013-01-01,15.969686681,,A,0,1
OECD.ELS.SAE:DSD_EARNINGS@GENDER_WAGE_GAP(1.1),COL,GWP,PT_WG_SAL_M_D,_Z,_Z,MEAN,_T,2013-01-01,9.7493050639,,A,0,1
OECD.ELS.SAE:DSD_EARNINGS@GENDER_WAGE_GAP(1.1),CRI,GWP,PT_WG_SAL_M_D,_Z,_Z,MEAN,_T,2013-01-01,11.877052388,,A,0,1
OECD.ELS.SAE:DSD_EARNINGS@GENDER_WAGE_GAP(1.1),CZE,GWP,PT_WG_SAL_M_D,_Z,_Z,MEAN,_T,2013-01-01,21.694343003,,A,0,1
OECD.ELS.SAE:DSD_EARNINGS@GENDER_WAGE_GAP(1.1),DNK,GWP,PT_WG_SAL_M_D,_Z,_Z,MEAN,_T,2013-01-01,12.183784859,,A,0,1
OECD.ELS.SAE:DSD_EARNINGS@GENDER_WAGE_GAP(1.1),FIN,GWP,PT_WG_SAL_M_D,_Z,_Z,MEAN,_T,2013-01-01,17.847260653,,A,0,1
OECD.ELS.SAE:DSD_EARNINGS@GENDER_WAGE_GAP(1.1),HUN,GWP,PT_WG_SAL_M_D,_Z,_Z,MEAN,_T,2013-01-01,18.412460306,,A,0,1
OECD.ELS.SAE:DSD_EARNINGS@GENDER_WAGE_GAP(1.1),ISR,GWP,PT_WG_SAL_M_D,_Z,_Z,MEAN,_T,2013-01-01,25.714086808,,A,0,1
OECD.ELS.SAE:DSD_EARNINGS@GENDER_WAGE_GAP(1.1),JPN,GWP,PT_WG_SAL_M_D,_Z,_Z,MEAN,_T,2013-01-01,28.650306748,,A,0,1
OECD.ELS.SAE:DSD_EARNINGS@GENDER_WAGE_GAP(1.1),KOR,GWP,PT_WG_SAL_M_D,_Z,_Z,MEAN,_T,2013-01-01,35.390938947,,A,0,1
OECD.ELS.SAE:DSD_EARNINGS@GENDER_WAGE_GAP(1.1),MEX,GWP,PT_WG_SAL_M_D,_Z,_Z,MEAN,_T,2013-01-01,12.012768565,,A,0,1
OECD.ELS.SAE:DSD_EARNINGS@GENDER_WAGE_GAP(1.1),NZL,GWP,PT_WG_SAL_M_D,_Z,_Z,MEAN,_T,2013-01-01,12.022139768,,A,0,1
OECD.ELS.SAE:DSD_EARNINGS@GENDER_WAGE_GAP(1.1),NOR,GWP,PT_WG_SAL_M_D,_Z,_Z,MEAN,_T,2013-01-01,12.050359712,,A,0,1
OECD.ELS.SAE:DSD_EARNINGS@GENDER_WAGE_GAP(1.1),SVK,GWP,PT_WG_SAL_M_D,_Z,_Z,MEAN,_T,2013-01-01,20.742783603,,A,0,1
OECD.ELS.SAE:DSD_EARNINGS@GENDER_WAGE_GAP(1.1),USA,GWP,PT_WG_SAL_M_D,_Z,_Z,MEAN,_T,2013-01-01,22.046589018,,A,0,1
OECD.ELS.SAE:DSD_EARNINGS@GENDER_WAGE_GAP(1.1),EU27,GWP,PT_WG_SAL_M_D,_Z,_Z,MEAN,_T,2013-01-01,15.671905570563,,A,0,1
OECD.ELS.SAE:DSD_EARNINGS@GENDER_WAGE_GAP(1.1),EU19OECD,GWP,PT_WG_SAL_M_D,_Z,_Z,MEAN,_T,2013-01-01,16.4156916365184,,A,0,1
OECD.ELS.SAE:DSD_EARNINGS@GENDER_WAGE_GAP(1.1),OECD,GWP,PT_WG_SAL_M_D,_Z,_Z,MEAN,_T,2013-01-01,17.5484462335066,,A,0,1
OECD.ELS.SAE:DSD_EARNINGS@GENDER_WAGE_GAP(1.1),BRA,GWP,PT_WG_SAL_M_D,_Z,_Z,MEAN,_T,2013-01-01,11.799393427,,A,0,1
OECD.ELS.SAE:DSD_EARNINGS@GENDER_WAGE_GAP(1.1),PER,GWP,PT_WG_SAL_M_D,_Z,_Z,MEAN,_T,2013-01-01,18.553860143,,A,0,1
OECD.ELS.SAE:DSD_EARNINGS@GENDER_WAGE_GAP(1.1),AUS,GWP,PT_WG_SAL_M_D,_Z,_Z,MEAN,_T,2013-01-01,21.38690862,,A,0,1
OECD.ELS.SAE:DSD_EARNINGS@GENDER_WAGE_GAP(1.1),DEU,GWP,PT_WG_SAL_M_D,_Z,_Z,MEAN,_T,2013-01-01,18.90548746,,A,0,1
OECD.ELS.SAE:DSD_EARNINGS@GENDER_WAGE_GAP(1.1),SWE,GWP,PT_WG_SAL_M_D,_Z,_Z,MEAN,_T,2013-01-01,13.67781155,,A,0,1
OECD.ELS.SAE:DSD_EARNINGS@GENDER_WAGE_GAP(1.1),GBR,GWP,PT_WG_SAL_M_D,_Z,_Z,MEAN,_T,2013-01-01,21.25018472,,A,0,1
OECD.ELS.SAE:DSD_EARNINGS@GENDER_WAGE_GAP(1.1),POL,GWP,PT_WG_SAL_M_D,_Z,_Z,MEAN,_T,2013-01-01,0.0,,A,0,1
OECD.ELS.SAE:DSD_EARNINGS@GENDER_WAGE_GAP(1.1),AUS,GWP,PT_WG_SAL_M_D,_Z,_Z,MEAN,_T,2014-01-01,19.944968108,,A,0,1
OECD.ELS.SAE:DSD_EARNINGS@GENDER_WAGE_GAP(1.1),AUT,GWP,PT_WG_SAL_M_D,_Z,_Z,MEAN,_T,2014-01-01,22.373729941,,A,0,1
OECD.ELS.SAE:DSD_EARNINGS@GENDER_WAGE_GAP(1.1),BEL,GWP,PT_WG_SAL_M_D,_Z,_Z,MEAN,_T,2014-01-01,6.3094209162,,A,0,1
OECD.ELS.SAE:DSD_EARNINGS@GENDER_WAGE_GAP(1.1),CAN,GWP,PT_WG_SAL_M_D,_Z,_Z,MEAN,_T,2014-01-01,18.358384096,,A,0,1
OECD.ELS.SAE:DSD_EARNINGS@GENDER_WAGE_GAP(1.1),COL,GWP,PT_WG_SAL_M_D,_Z,_Z,MEAN,_T,2014-01-01,14.915053871,,A,0,1
OECD.ELS.SAE:DSD_EARNINGS@GENDER_WAGE_GAP(1.1),CRI,GWP,PT_WG_SAL_M_D,_Z,_Z,MEAN,_T,2014-01-01,16.101809405,,A,0,1
OECD.ELS.SAE:DSD_EARNINGS@GENDER_WAGE_GAP(1.1),CZE,GWP,PT_WG_SAL_M_D,_Z,_Z,MEAN,_T,2014-01-01,21.930621446,,A,0,1
OECD.ELS.SAE:DSD_EARNINGS@GENDER_WAGE_GAP(1.1),DNK,GWP,PT_WG_SAL_M_D,_Z,_Z,MEAN,_T,2014-01-01,11.356006553,,A,0,1
OECD.ELS.SAE:DSD_EARNINGS@GENDER_WAGE_GAP(1.1),EST,GWP,PT_WG_SAL_M_D,_Z,_Z,MEAN,_T,2014-01-01,29.835787316,,A,0,1
OECD.ELS.SAE:DSD_EARNINGS@GENDER_WAGE_GAP(1.1),FIN,GWP,PT_WG_SAL_M_D,_Z,_Z,MEAN,_T,2014-01-01,17.19481951,,A,0,1
OECD.ELS.SAE:DSD_EARNINGS@GENDER_WAGE_GAP(1.1),FRA,GWP,PT_WG_SAL_M_D,_Z,_Z,MEAN,_T,2014-01-01,16.326893276,,A,0,1
OECD.ELS.SAE:DSD_EARNINGS@GENDER_WAGE_GAP(1.1),DEU,GWP,PT_WG_SAL_M_D,_Z,_Z,MEAN,_T,2014-01-01,19.409750001,,A,0,1
OECD.ELS.SAE:DSD_EARNINGS@GENDER_WAGE_GAP(1.1),GRC,GWP,PT_WG_SAL_M_D,_Z,_Z,MEAN,_T,2014-01-01,13.841785885,,A,0,1
OECD.ELS.SAE:DSD_EARNINGS@GENDER_WAGE_GAP(1.1),HUN,GWP,PT_WG_SAL_M_D,_Z,_Z,MEAN,_T,2014-01-01,15.090441936,,A,0,1
OECD.ELS.SAE:DSD_EARNINGS@GENDER_WAGE_GAP(1.1),ISL,GWP,PT_WG_SAL_M_D,_Z,_Z,MEAN,_T,2014-01-01,18.584012515,,A,0,1
OECD.ELS.SAE:DSD_EARNINGS@GENDER_WAGE_GAP(1.1),IRL,GWP,PT_WG_SAL_M_D,_Z,_Z,MEAN,_T,2014-01-01,15.922833808,,A,0,1
OECD.ELS.SAE:DSD_EARNINGS@GENDER_WAGE_GAP(1.1),ISR,GWP,PT_WG_SAL_M_D,_Z,_Z,MEAN,_T,2014-01-01,25.886539549,,A,0,1
OECD.ELS.SAE:DSD_EARNINGS@GENDER_WAGE_GAP(1.1),ITA,GWP,PT_WG_SAL_M_D,_Z,_Z,MEAN,_T,2014-01-01,15.311300945,,A,0,1
OECD.ELS.SAE:DSD_EARNINGS@GENDER_WAGE_GAP(1.1),JPN,GWP,PT_WG_SAL_M_D,_Z,_Z,MEAN,_T,2014-01-01,27.791262136,,A,0,1
OECD.ELS.SAE:DSD_EARNINGS@GENDER_WAGE_GAP(1.1),KOR,GWP,PT_WG_SAL_M_D,_Z,_Z,MEAN,_T,2014-01-01,35.693064868,,A,0,1
OECD.ELS.SAE:DSD_EARNINGS@GENDER_WAGE_GAP(1.1),LVA,GWP,PT_WG_SAL_M_D,_Z,_Z,MEAN,_T,2014-01-01,21.543611147,,A,0,1
OECD.ELS.SAE:DSD_EARNINGS@GENDER_WAGE_GAP(1.1),LTU,GWP,PT_WG_SAL_M_D,_Z,_Z,MEAN,_T,2014-01-01,17.634936675,,A,0,1
OECD.ELS.SAE:DSD_EARNINGS@GENDER_WAGE_GAP(1.1),MEX,GWP,PT_WG_SAL_M_D,_Z,_Z,MEAN,_T,2014-01-01,11.650733541,,A,0,1
OECD.ELS.SAE:DSD_EARNINGS@GENDER_WAGE_GAP(1.1),NLD,GWP,PT_WG_SAL_M_D,_Z,_Z,MEAN,_T,2014-01-01,17.546221623,,A,0,1
OECD.ELS.SAE:DSD_EARNINGS@GENDER_WAGE_GAP(1.1),NOR,GWP,PT_WG_SAL_M_D,_Z,_Z,MEAN,_T,2014-01-01,11.529205863,,A,0,1
OECD.ELS.SAE:DSD_EARNINGS@GENDER_WAGE_GAP(1.1),POL,GWP,PT_WG_SAL_M_D,_Z,_Z,MEAN,_T,2014-01-01,17.050928767,,A,0,1
OECD.ELS.SAE:DSD_EARNINGS@GENDER_WAGE_GAP(1.1),PRT,GWP,PT_WG_SAL_M_D,_Z,_Z,MEAN,_T,2014-01-01,15.114117981,,A,0,1
OECD.ELS.SAE:DSD_EARNINGS@GENDER_WAGE_GAP(1.1),SVK,GWP,PT_WG_SAL_M_D,_Z,_Z,MEAN,_T,2014-01-01,21.385249611,,A,0,1
OECD.ELS.SAE:DSD_EARNINGS@GENDER_WAGE_GAP(1.1),SVN,GWP,PT_WG_SAL_M_D,_Z,_Z,MEAN,_T,2014-01-01,8.0257276093,,A,0,1
OECD.ELS.SAE:DSD_EARNINGS@GENDER_WAGE_GAP(1.1),ESP,GWP,PT_WG_SAL_M_D,_Z,_Z,MEAN,_T,2014-01-01,12.199539882,,A,0,1
OECD.ELS.SAE:DSD_EARNINGS@GENDER_WAGE_GAP(1.1),SWE,GWP,PT_WG_SAL_M_D,_Z,_Z,MEAN,_T,2014-01-01,13.095238095,,A,0,1
OECD.ELS.SAE:DSD_EARNINGS@GENDER_WAGE_GAP(1.1),CHE,GWP,PT_WG_SAL_M_D,_Z,_Z,MEAN,_T,2014-01-01,20.780028603,,A,0,1
OECD.ELS.SAE:DSD_EARNINGS@GENDER_WAGE_GAP(1.1),TUR,GWP,PT_WG_SAL_M_D,_Z,_Z,MEAN,_T,2014-01-01,1.1970955678,,A,0,1
OECD.ELS.SAE:DSD_EARNINGS@GENDER_WAGE_GAP(1.1),GBR,GWP,PT_WG_SAL_M_D,_Z,_Z,MEAN,_T,2014-01-01,19.985163205,,A,0,1
OECD.ELS.SAE:DSD_EARNINGS@GENDER_WAGE_GAP(1.1),EU27,GWP,PT_WG_SAL_M_D,_Z,_Z,MEAN,_T,2014-01-01,15.5169800986704,,A,0,1
OECD.ELS.SAE:DSD_EARNINGS@GENDER_WAGE_GAP(1.1),EU19OECD,GWP,PT_WG_SAL_M_D,_Z,_Z,MEAN,_T,2014-01-01,16.4288228033,,A,0,1
OECD.ELS.SAE:DSD_EARNINGS@GENDER_WAGE_GAP(1.1),OECD,GWP,PT_WG_SAL_M_D,_Z,_Z,MEAN,_T,2014-01-01,17.1055736357653,,A,0,1
OECD.ELS.SAE:DSD_EARNINGS@GENDER_WAGE_GAP(1.1),BRA,GWP,PT_WG_SAL_M_D,_Z,_Z,MEAN,_T,2014-01-01,12.838870617,,A,0,1
OECD.ELS.SAE:DSD_EARNINGS@GENDER_WAGE_GAP(1.1),BGR,GWP,PT_WG_SAL_M_D,_Z,_Z,MEAN,_T,2014-01-01,14.624388162,,A,0,1
OECD.ELS.SAE:DSD_EARNINGS@GENDER_WAGE_GAP(1.1),HRV,GWP,PT_WG_SAL_M_D,_Z,_Z,MEAN,_T,2014-01-01,8.7332751852,,A,0,1
OECD.ELS.SAE:DSD_EARNINGS@GENDER_WAGE_GAP(1.1),CYP,GWP,PT_WG_SAL_M_D,_Z,_Z,MEAN,_T,2014-01-01,17.053360076,,A,0,1
OECD.ELS.SAE:DSD_EARNINGS@GENDER_WAGE_GAP(1.1),MLT,GWP,PT_WG_SAL_M_D,_Z,_Z,MEAN,_T,2014-01-01,16.167354592,,A,0,1
OECD.ELS.SAE:DSD_EARNINGS@GENDER_WAGE_GAP(1.1),PER,GWP,PT_WG_SAL_M_D,_Z,_Z,MEAN,_T,2014-01-01,18.135878269,,A,0,1
OECD.ELS.SAE:DSD_EARNINGS@GENDER_WAGE_GAP(1.1),ROU,GWP,PT_WG_SAL_M_D,_Z,_Z,MEAN,_T,2014-01-01,4.9299292572,,A,0,1
OECD.ELS.SAE:DSD_EARNINGS@GENDER_WAGE_GAP(1.1),NZL,GWP,PT_WG_SAL_M_D,_Z,_Z,MEAN,_T,2014-01-01,12.75637653,,A,0,1
OECD.ELS.SAE:DSD_EARNINGS@GENDER_WAGE_GAP(1.1),USA,GWP,PT_WG_SAL_M_D,_Z,_Z,MEAN,_T,2014-01-01,22.12096106,,A,0,1
OECD.ELS.SAE:DSD_EARNINGS@GENDER_WAGE_GAP(1.1),LUX,GWP,PT_WG_SAL_M_D,_Z,_Z,MEAN,_T,2014-01-01,8.9511924682,,A,0,1
OECD.ELS.SAE:DSD_EARNINGS@GENDER_WAGE_GAP(1.1),AUS,GWP,PT_WG_SAL_M_D,_Z,_Z,MEAN,_T,2015-01-01,18.836693523,,A,0,1
OECD.ELS.SAE:DSD_EARNINGS@GENDER_WAGE_GAP(1.1),AUT,GWP,PT_WG_SAL_M_D,_Z,_Z,MEAN,_T,2015-01-01,21.762767337,,A,0,1
OECD.ELS.SAE:DSD_EARNINGS@GENDER_WAGE_GAP(1.1),BEL,GWP,PT_WG_SAL_M_D,_Z,_Z,MEAN,_T,2015-01-01,6.0822387207,,A,0,1
OECD.ELS.SAE:DSD_EARNINGS@GENDER_WAGE_GAP(1.1),CAN,GWP,PT_WG_SAL_M_D,_Z,_Z,MEAN,_T,2015-01-01,17.997129106,,A,0,1
OECD.ELS.SAE:DSD_EARNINGS@GENDER_WAGE_GAP(1.1),CHL,GWP,PT_WG_SAL_M_D,_Z,_Z,MEAN,_T,2015-01-01,14.595201554,,A,0,1
OECD.ELS.SAE:DSD_EARNINGS@GENDER_WAGE_GAP(1.1),COL,GWP,PT_WG_SAL_M_D,_Z,_Z,MEAN,_T,2015-01-01,11.444224813,,A,0,1
OECD.ELS.SAE:DSD_EARNINGS@GENDER_WAGE_GAP(1.1),CZE,GWP,PT_WG_SAL_M_D,_Z,_Z,MEAN,_T,2015-01-01,21.879255561,,A,0,1
OECD.ELS.SAE:DSD_EARNINGS@GENDER_WAGE_GAP(1.1),DNK,GWP,PT_WG_SAL_M_D,_Z,_Z,MEAN,_T,2015-01-01,10.754089414,,A,0,1
OECD.ELS.SAE:DSD_EARNINGS@GENDER_WAGE_GAP(1.1),FIN,GWP,PT_WG_SAL_M_D,_Z,_Z,MEAN,_T,2015-01-01,17.02244116,,A,0,1
OECD.ELS.SAE:DSD_EARNINGS@GENDER_WAGE_GAP(1.1),DEU,GWP,PT_WG_SAL_M_D,_Z,_Z,MEAN,_T,2015-01-01,17.995900701,,A,0,1
OECD.ELS.SAE:DSD_EARNINGS@GENDER_WAGE_GAP(1.1),HUN,GWP,PT_WG_SAL_M_D,_Z,_Z,MEAN,_T,2015-01-01,17.354710945,,A,0,1
OECD.ELS.SAE:DSD_EARNINGS@GENDER_WAGE_GAP(1.1),ISR,GWP,PT_WG_SAL_M_D,_Z,_Z,MEAN,_T,2015-01-01,24.225556193,,A,0,1
OECD.ELS.SAE:DSD_EARNINGS@GENDER_WAGE_GAP(1.1),JPN,GWP,PT_WG_SAL_M_D,_Z,_Z,MEAN,_T,2015-01-01,27.782751417,,A,0,1
OECD.ELS.SAE:DSD_EARNINGS@GENDER_WAGE_GAP(1.1),MEX,GWP,PT_WG_SAL_M_D,_Z,_Z,MEAN,_T,2015-01-01,11.952652569,,A,0,1
OECD.ELS.SAE:DSD_EARNINGS@GENDER_WAGE_GAP(1.1),NZL,GWP,PT_WG_SAL_M_D,_Z,_Z,MEAN,_T,2015-01-01,13.140928956,,A,0,1
OECD.ELS.SAE:DSD_EARNINGS@GENDER_WAGE_GAP(1.1),NOR,GWP,PT_WG_SAL_M_D,_Z,_Z,MEAN,_T,2015-01-01,13.048060708,,A,0,1
OECD.ELS.SAE:DSD_EARNINGS@GENDER_WAGE_GAP(1.1),SVK,GWP,PT_WG_SAL_M_D,_Z,_Z,MEAN,_T,2015-01-01,20.645114159,,A,0,1
OECD.ELS.SAE:DSD_EARNINGS@GENDER_WAGE_GAP(1.1),SWE,GWP,PT_WG_SAL_M_D,_Z,_Z,MEAN,_T,2015-01-01,12.316715543,,A,0,1
OECD.ELS.SAE:DSD_EARNINGS@GENDER_WAGE_GAP(1.1),GBR,GWP,PT_WG_SAL_M_D,_Z,_Z,MEAN,_T,2015-01-01,19.711891812,,A,0,1
OECD.ELS.SAE:DSD_EARNINGS@GENDER_WAGE_GAP(1.1),USA,GWP,PT_WG_SAL_M_D,_Z,_Z,MEAN,_T,2015-01-01,23.776223776,,A,0,1
OECD.ELS.SAE:DSD_EARNINGS@GENDER_WAGE_GAP(1.1),EU27,GWP,PT_WG_SAL_M_D,_Z,_Z,MEAN,_T,2015-01-01,15.1682721099027,,A,0,1
OECD.ELS.SAE:DSD_EARNINGS@GENDER_WAGE_GAP(1.1),EU19OECD,GWP,PT_WG_SAL_M_D,_Z,_Z,MEAN,_T,2015-01-01,15.933291622157,,A,0,1
OECD.ELS.SAE:DSD_EARNINGS@GENDER_WAGE_GAP(1.1),OECD,GWP,PT_WG_SAL_M_D,_Z,_Z,MEAN,_T,2015-01-01,16.6559450382541,,A,0,1
OECD.ELS.SAE:DSD_EARNINGS@GENDER_WAGE_GAP(1.1),BRA,GWP,PT_WG_SAL_M_D,_Z,_Z,MEAN,_T,2015-01-01,11.631602946,,A,0,1
OECD.ELS.SAE:DSD_EARNINGS@GENDER_WAGE_GAP(1.1),CRI,GWP,PT_WG_SAL_M_D,_Z,_Z,MEAN,_T,2015-01-01,12.61810824,,A,0,1
OECD.ELS.SAE:DSD_EARNINGS@GENDER_WAGE_GAP(1.1),KOR,GWP,PT_WG_SAL_M_D,_Z,_Z,MEAN,_T,2015-01-01,36.13976438,,A,0,1
OECD.ELS.SAE:DSD_EARNINGS@GENDER_WAGE_GAP(1.1),PER,GWP,PT_WG_SAL_M_D,_Z,_Z,MEAN,_T,2015-01-01,16.68759257,,A,0,1
OECD.ELS.SAE:DSD_EARNINGS@GENDER_WAGE_GAP(1.1),AUS,GWP,PT_WG_SAL_M_D,_Z,_Z,MEAN,_T,2016-01-01,18.416019939,,A,0,1
OECD.ELS.SAE:DSD_EARNINGS@GENDER_WAGE_GAP(1.1),AUT,GWP,PT_WG_SAL_M_D,_Z,_Z,MEAN,_T,2016-01-01,19.833224236,,A,0,1
OECD.ELS.SAE:DSD_EARNINGS@GENDER_WAGE_GAP(1.1),BEL,GWP,PT_WG_SAL_M_D,_Z,_Z,MEAN,_T,2016-01-01,5.2542372881,,A,0,1
OECD.ELS.SAE:DSD_EARNINGS@GENDER_WAGE_GAP(1.1),CAN,GWP,PT_WG_SAL_M_D,_Z,_Z,MEAN,_T,2016-01-01,17.690403451,,A,0,1
OECD.ELS.SAE:DSD_EARNINGS@GENDER_WAGE_GAP(1.1),COL,GWP,PT_WG_SAL_M_D,_Z,_Z,MEAN,_T,2016-01-01,9.8502910279,,A,0,1
OECD.ELS.SAE:DSD_EARNINGS@GENDER_WAGE_GAP(1.1),CRI,GWP,PT_WG_SAL_M_D,_Z,_Z,MEAN,_T,2016-01-01,11.642361524,,A,0,1
OECD.ELS.SAE:DSD_EARNINGS@GENDER_WAGE_GAP(1.1),CZE,GWP,PT_WG_SAL_M_D,_Z,_Z,MEAN,_T,2016-01-01,21.069702167,,A,0,1
OECD.ELS.SAE:DSD_EARNINGS@GENDER_WAGE_GAP(1.1),DNK,GWP,PT_WG_SAL_M_D,_Z,_Z,MEAN,_T,2016-01-01,10.470119592,,A,0,1
OECD.ELS.SAE:DSD_EARNINGS@GENDER_WAGE_GAP(1.1),FIN,GWP,PT_WG_SAL_M_D,_Z,_Z,MEAN,_T,2016-01-01,17.346663064,,A,0,1
OECD.ELS.SAE:DSD_EARNINGS@GENDER_WAGE_GAP(1.1),DEU,GWP,PT_WG_SAL_M_D,_Z,_Z,MEAN,_T,2016-01-01,19.162670323,,A,0,1
OECD.ELS.SAE:DSD_EARNINGS@GENDER_WAGE_GAP(1.1),ISR,GWP,PT_WG_SAL_M_D,_Z,_Z,MEAN,_T,2016-01-01,26.962854471,,A,0,1
OECD.ELS.SAE:DSD_EARNINGS@GENDER_WAGE_GAP(1.1),JPN,GWP,PT_WG_SAL_M_D,_Z,_Z,MEAN,_T,2016-01-01,27.028639618,,A,0,1
OECD.ELS.SAE:DSD_EARNINGS@GENDER_WAGE_GAP(1.1),KOR,GWP,PT_WG_SAL_M_D,_Z,_Z,MEAN,_T,2016-01-01,35.152720118,,A,0,1
OECD.ELS.SAE:DSD_EARNINGS@GENDER_WAGE_GAP(1.1),MEX,GWP,PT_WG_SAL_M_D,_Z,_Z,MEAN,_T,2016-01-01,11.786128379,,A,0,1
OECD.ELS.SAE:DSD_EARNINGS@GENDER_WAGE_GAP(1.1),NZL,GWP,PT_WG_SAL_M_D,_Z,_Z,MEAN,_T,2016-01-01,12.478718521,,A,0,1
OECD.ELS.SAE:DSD_EARNINGS@GENDER_WAGE_GAP(1.1),NOR,GWP,PT_WG_SAL_M_D,_Z,_Z,MEAN,_T,2016-01-01,12.280334728,,A,0,1
OECD.ELS.SAE:DSD_EARNINGS@GENDER_WAGE_GAP(1.1),POL,GWP,PT_WG_SAL_M_D,_Z,_Z,MEAN,_T,2016-01-01,15.608962031,,A,0,1
OECD.ELS.SAE:DSD_EARNINGS@GENDER_WAGE_GAP(1.1),SVK,GWP,PT_WG_SAL_M_D,_Z,_Z,MEAN,_T,2016-01-01,20.575300808,,A,0,1
OECD.ELS.SAE:DSD_EARNINGS@GENDER_WAGE_GAP(1.1),SWE,GWP,PT_WG_SAL_M_D,_Z,_Z,MEAN,_T,2016-01-01,12.034383954,,A,0,1
OECD.ELS.SAE:DSD_EARNINGS@GENDER_WAGE_GAP(1.1),CHE,GWP,PT_WG_SAL_M_D,_Z,_Z,MEAN,_T,2016-01-01,18.492946904,,A,0,1
OECD.ELS.SAE:DSD_EARNINGS@GENDER_WAGE_GAP(1.1),GBR,GWP,PT_WG_SAL_M_D,_Z,_Z,MEAN,_T,2016-01-01,19.591019591,,A,0,1
OECD.ELS.SAE:DSD_EARNINGS@GENDER_WAGE_GAP(1.1),USA,GWP,PT_WG_SAL_M_D,_Z,_Z,MEAN,_T,2016-01-01,20.482866044,,A,0,1
OECD.ELS.SAE:DSD_EARNINGS@GENDER_WAGE_GAP(1.1),EU27,GWP,PT_WG_SAL_M_D,_Z,_Z,MEAN,_T,2016-01-01,14.8372035061101,,A,0,1
OECD.ELS.SAE:DSD_EARNINGS@GENDER_WAGE_GAP(1.1),EU19OECD,GWP,PT_WG_SAL_M_D,_Z,_Z,MEAN,_T,2016-01-01,15.5787841311614,,A,0,1
OECD.ELS.SAE:DSD_EARNINGS@GENDER_WAGE_GAP(1.1),OECD,GWP,PT_WG_SAL_M_D,_Z,_Z,MEAN,_T,2016-01-01,16.1562330259251,,A,0,1
OECD.ELS.SAE:DSD_EARNINGS@GENDER_WAGE_GAP(1.1),BRA,GWP,PT_WG_SAL_M_D,_Z,_Z,MEAN,_T,2016-01-01,8.8156914453,,A,0,1
OECD.ELS.SAE:DSD_EARNINGS@GENDER_WAGE_GAP(1.1),PER,GWP,PT_WG_SAL_M_D,_Z,_Z,MEAN,_T,2016-01-01,16.280838257,,A,0,1
OECD.ELS.SAE:DSD_EARNINGS@GENDER_WAGE_GAP(1.1),HUN,GWP,PT_WG_SAL_M_D,_Z,_Z,MEAN,_T,2016-01-01,17.19342849,,A,0,1
OECD.ELS.SAE:DSD_EARNINGS@GENDER_WAGE_GAP(1.1),AUS,GWP,PT_WG_SAL_M_D,_Z,_Z,MEAN,_T,2017-01-01,15.311384612,,A,0,1
OECD.ELS.SAE:DSD_EARNINGS@GENDER_WAGE_GAP(1.1),AUT,GWP,PT_WG_SAL_M_D,_Z,_Z,MEAN,_T,2017-01-01,19.619079497,,A,0,1
OECD.ELS.SAE:DSD_EARNINGS@GENDER_WAGE_GAP(1.1),BEL,GWP,PT_WG_SAL_M_D,_Z,_Z,MEAN,_T,2017-01-01,5.0997782705,,A,0,1
OECD.ELS.SAE:DSD_EARNINGS@GENDER_WAGE_GAP(1.1),CAN,GWP,PT_WG_SAL_M_D,_Z,_Z,MEAN,_T,2017-01-01,18.034174814,,A,0,1
OECD.ELS.SAE:DSD_EARNINGS@GENDER_WAGE_GAP(1.1),CHL,GWP,PT_WG_SAL_M_D,_Z,_Z,MEAN,_T,2017-01-01,10.658409224,,A,0,1
OECD.ELS.SAE:DSD_EARNINGS@GENDER_WAGE_GAP(1.1),COL,GWP,PT_WG_SAL_M_D,_Z,_Z,MEAN,_T,2017-01-01,8.8710178011,,A,0,1
OECD.ELS.SAE:DSD_EARNINGS@GENDER_WAGE_GAP(1.1),CRI,GWP,PT_WG_SAL_M_D,_Z,_Z,MEAN,_T,2017-01-01,11.696636263,,A,0,1
OECD.ELS.SAE:DSD_EARNINGS@GENDER_WAGE_GAP(1.1),CZE,GWP,PT_WG_SAL_M_D,_Z,_Z,MEAN,_T,2017-01-01,20.721430029,,A,0,1
OECD.ELS.SAE:DSD_EARNINGS@GENDER_WAGE_GAP(1.1),DNK,GWP,PT_WG_SAL_M_D,_Z,_Z,MEAN,_T,2017-01-01,10.019759983,,A,0,1
OECD.ELS.SAE:DSD_EARNINGS@GENDER_WAGE_GAP(1.1),FIN,GWP,PT_WG_SAL_M_D,_Z,_Z,MEAN,_T,2017-01-01,16.751952599,,A,0,1
OECD.ELS.SAE:DSD_EARNINGS@GENDER_WAGE_GAP(1.1),HUN,GWP,PT_WG_SAL_M_D,_Z,_Z,MEAN,_T,2017-01-01,15.349881872,,A,0,1
OECD.ELS.SAE:DSD_EARNINGS@GENDER_WAGE_GAP(1.1),ISR,GWP,PT_WG_SAL_M_D,_Z,_Z,MEAN,_T,2017-01-01,25.910350956,,A,0,1
OECD.ELS.SAE:DSD_EARNINGS@GENDER_WAGE_GAP(1.1),JPN,GWP,PT_WG_SAL_M_D,_Z,_Z,MEAN,_T,2017-01-01,26.646795827,,A,0,1
OECD.ELS.SAE:DSD_EARNINGS@GENDER_WAGE_GAP(1.1),KOR,GWP,PT_WG_SAL_M_D,_Z,_Z,MEAN,_T,2017-01-01,34.128125802,,A,0,1
OECD.ELS.SAE:DSD_EARNINGS@GENDER_WAGE_GAP(1.1),NOR,GWP,PT_WG_SAL_M_D,_Z,_Z,MEAN,_T,2017-01-01,11.447395512,,A,0,1
OECD.ELS.SAE:DSD_EARNINGS@GENDER_WAGE_GAP(1.1),SWE,GWP,PT_WG_SAL_M_D,_Z,_Z,MEAN,_T,2017-01-01,11.204481793,,A,0,1
OECD.ELS.SAE:DSD_EARNINGS@GENDER_WAGE_GAP(1.1),GBR,GWP,PT_WG_SAL_M_D,_Z,_Z,MEAN,_T,2017-01-01,19.304372119,,A,0,1
OECD.ELS.SAE:DSD_EARNINGS@GENDER_WAGE_GAP(1.1),USA,GWP,PT_WG_SAL_M_D,_Z,_Z,MEAN,_T,2017-01-01,20.896656535,,A,0,1
OECD.ELS.SAE:DSD_EARNINGS@GENDER_WAGE_GAP(1.1),EU27,GWP,PT_WG_SAL_M_D,_Z,_Z,MEAN,_T,2017-01-01,14.5712097415788,,A,0,1
OECD.ELS.SAE:DSD_EARNINGS@GENDER_WAGE_GAP(1.1),EU19OECD,GWP,PT_WG_SAL_M_D,_Z,_Z,MEAN,_T,2017-01-01,15.1622847733678,,A,0,1
OECD.ELS.SAE:DSD_EARNINGS@GENDER_WAGE_GAP(1.1),OECD,GWP,PT_WG_SAL_M_D,_Z,_Z,MEAN,_T,2017-01-01,15.7123684384449,,A,0,1
OECD.ELS.SAE:DSD_EARNINGS@GENDER_WAGE_GAP(1.1),ARG,GWP,PT_WG_SAL_M_D,_Z,_Z,MEAN,_T,2017-01-01,11.124743125,,A,0,1
OECD.ELS.SAE:DSD_EARNINGS@GENDER_WAGE_GAP(1.1),BRA,GWP,PT_WG_SAL_M_D,_Z,_Z,MEAN,_T,2017-01-01,9.4821705406,,A,0,1
OECD.ELS.SAE:DSD_EARNINGS@GENDER_WAGE_GAP(1.1),PER,GWP,PT_WG_SAL_M_D,_Z,_Z,MEAN,_T,2017-01-01,17.092548663,,A,0,1
OECD.ELS.SAE:DSD_EARNINGS@GENDER_WAGE_GAP(1.1),DEU,GWP,PT_WG_SAL_M_D,_Z,_Z,MEAN,_T,2017-01-01,16.84782112,,A,0,1
OECD.ELS.SAE:DSD_EARNINGS@GENDER_WAGE_GAP(1.1),MEX,GWP,PT_WG_SAL_M_D,_Z,_Z,MEAN,_T,2017-01-01,11.20675933,,A,0,1
OECD.ELS.SAE:DSD_EARNINGS@GENDER_WAGE_GAP(1.1),NZL,GWP,PT_WG_SAL_M_D,_Z,_Z,MEAN,_T,2017-01-01,11.12164297,,A,0,1
OECD.ELS.SAE:DSD_EARNINGS@GENDER_WAGE_GAP(1.1),SVK,GWP,PT_WG_SAL_M_D,_Z,_Z,MEAN,_T,2017-01-01,20.61024894,,A,0,1
OECD.ELS.SAE:DSD_EARNINGS@GENDER_WAGE_GAP(1.1),AUS,GWP,PT_WG_SAL_M_D,_Z,_Z,MEAN,_T,2018-01-01,16.341331283,,A,0,1
OECD.ELS.SAE:DSD_EARNINGS@GENDER_WAGE_GAP(1.1),AUT,GWP,PT_WG_SAL_M_D,_Z,_Z,MEAN,_T,2018-01-01,19.212993479,,A,0,1
OECD.ELS.SAE:DSD_EARNINGS@GENDER_WAGE_GAP(1.1),BEL,GWP,PT_WG_SAL_M_D,_Z,_Z,MEAN,_T,2018-01-01,5.0824547175,,A,0,1
OECD.ELS.SAE:DSD_EARNINGS@GENDER_WAGE_GAP(1.1),CAN,GWP,PT_WG_SAL_M_D,_Z,_Z,MEAN,_T,2018-01-01,17.355054797,,A,0,1
OECD.ELS.SAE:DSD_EARNINGS@GENDER_WAGE_GAP(1.1),COL,GWP,PT_WG_SAL_M_D,_Z,_Z,MEAN,_T,2018-01-01,6.5108179658,,A,0,1
OECD.ELS.SAE:DSD_EARNINGS@GENDER_WAGE_GAP(1.1),CRI,GWP,PT_WG_SAL_M_D,_Z,_Z,MEAN,_T,2018-01-01,11.270383955,,A,0,1
OECD.ELS.SAE:DSD_EARNINGS@GENDER_WAGE_GAP(1.1),DNK,GWP,PT_WG_SAL_M_D,_Z,_Z,MEAN,_T,2018-01-01,12.749810828,,A,0,1
OECD.ELS.SAE:DSD_EARNINGS@GENDER_WAGE_GAP(1.1),EST,GWP,PT_WG_SAL_M_D,_Z,_Z,MEAN,_T,2018-01-01,24.016344616,,A,0,1
OECD.ELS.SAE:DSD_EARNINGS@GENDER_WAGE_GAP(1.1),FIN,GWP,PT_WG_SAL_M_D,_Z,_Z,MEAN,_T,2018-01-01,16.662265646,,A,0,1
OECD.ELS.SAE:DSD_EARNINGS@GENDER_WAGE_GAP(1.1),FRA,GWP,PT_WG_SAL_M_D,_Z,_Z,MEAN,_T,2018-01-01,17.381520118,,A,0,1
OECD.ELS.SAE:DSD_EARNINGS@GENDER_WAGE_GAP(1.1),DEU,GWP,PT_WG_SAL_M_D,_Z,_Z,MEAN,_T,2018-01-01,18.587416935,,A,0,1
OECD.ELS.SAE:DSD_EARNINGS@GENDER_WAGE_GAP(1.1),GRC,GWP,PT_WG_SAL_M_D,_Z,_Z,MEAN,_T,2018-01-01,14.805082137,,A,0,1
OECD.ELS.SAE:DSD_EARNINGS@GENDER_WAGE_GAP(1.1),HUN,GWP,PT_WG_SAL_M_D,_Z,_Z,MEAN,_T,2018-01-01,13.732299714,,A,0,1
OECD.ELS.SAE:DSD_EARNINGS@GENDER_WAGE_GAP(1.1),ISL,GWP,PT_WG_SAL_M_D,_Z,_Z,MEAN,_T,2018-01-01,15.995471759,,A,0,1
OECD.ELS.SAE:DSD_EARNINGS@GENDER_WAGE_GAP(1.1),IRL,GWP,PT_WG_SAL_M_D,_Z,_Z,MEAN,_T,2018-01-01,15.416749856,,A,0,1
OECD.ELS.SAE:DSD_EARNINGS@GENDER_WAGE_GAP(1.1),ISR,GWP,PT_WG_SAL_M_D,_Z,_Z,MEAN,_T,2018-01-01,24.233861445,,A,0,1
OECD.ELS.SAE:DSD_EARNINGS@GENDER_WAGE_GAP(1.1),ITA,GWP,PT_WG_SAL_M_D,_Z,_Z,MEAN,_T,2018-01-01,13.831301176,,A,0,1
OECD.ELS.SAE:DSD_EARNINGS@GENDER_WAGE_GAP(1.1),JPN,GWP,PT_WG_SAL_M_D,_Z,_Z,MEAN,_T,2018-01-01,26.688388626,,A,0,1
OECD.ELS.SAE:DSD_EARNINGS@GENDER_WAGE_GAP(1.1),KOR,GWP,PT_WG_SAL_M_D,_Z,_Z,MEAN,_T,2018-01-01,32.325000583,,A,0,1
OECD.ELS.SAE:DSD_EARNINGS@GENDER_WAGE_GAP(1.1),LVA,GWP,PT_WG_SAL_M_D,_Z,_Z,MEAN,_T,2018-01-01,23.158730939,,A,0,1
OECD.ELS.SAE:DSD_EARNINGS@GENDER_WAGE_GAP(1.1),LTU,GWP,PT_WG_SAL_M_D,_Z,_Z,MEAN,_T,2018-01-01,16.739063214,,A,0,1
OECD.ELS.SAE:DSD_EARNINGS@GENDER_WAGE_GAP(1.1),NLD,GWP,PT_WG_SAL_M_D,_Z,_Z,MEAN,_T,2018-01-01,13.176211384,,A,0,1
OECD.ELS.SAE:DSD_EARNINGS@GENDER_WAGE_GAP(1.1),NOR,GWP,PT_WG_SAL_M_D,_Z,_Z,MEAN,_T,2018-01-01,10.910910911,,A,0,1
OECD.ELS.SAE:DSD_EARNINGS@GENDER_WAGE_GAP(1.1),POL,GWP,PT_WG_SAL_M_D,_Z,_Z,MEAN,_T,2018-01-01,24.734360887,,A,0,1
OECD.ELS.SAE:DSD_EARNINGS@GENDER_WAGE_GAP(1.1),PRT,GWP,PT_WG_SAL_M_D,_Z,_Z,MEAN,_T,2018-01-01,10.907835699,,A,0,1
OECD.ELS.SAE:DSD_EARNINGS@GENDER_WAGE_GAP(1.1),SVN,GWP,PT_WG_SAL_M_D,_Z,_Z,MEAN,_T,2018-01-01,10.663556945,,A,0,1
OECD.ELS.SAE:DSD_EARNINGS@GENDER_WAGE_GAP(1.1),ESP,GWP,PT_WG_SAL_M_D,_Z,_Z,MEAN,_T,2018-01-01,9.2170119642,,A,0,1
OECD.ELS.SAE:DSD_EARNINGS@GENDER_WAGE_GAP(1.1),SWE,GWP,PT_WG_SAL_M_D,_Z,_Z,MEAN,_T,2018-01-01,10.684931507,,A,0,1
OECD.ELS.SAE:DSD_EARNINGS@GENDER_WAGE_GAP(1.1),TUR,GWP,PT_WG_SAL_M_D,_Z,_Z,MEAN,_T,2018-01-01,7.0164224777,,A,0,1
OECD.ELS.SAE:DSD_EARNINGS@GENDER_WAGE_GAP(1.1),GBR,GWP,PT_WG_SAL_M_D,_Z,_Z,MEAN,_T,2018-01-01,19.480344642,,A,0,1
OECD.ELS.SAE:DSD_EARNINGS@GENDER_WAGE_GAP(1.1),EU27,GWP,PT_WG_SAL_M_D,_Z,_Z,MEAN,_T,2018-01-01,14.6652990851963,,A,0,1
OECD.ELS.SAE:DSD_EARNINGS@GENDER_WAGE_GAP(1.1),EU19OECD,GWP,PT_WG_SAL_M_D,_Z,_Z,MEAN,_T,2018-01-01,15.0232414377789,,A,0,1
OECD.ELS.SAE:DSD_EARNINGS@GENDER_WAGE_GAP(1.1),OECD,GWP,PT_WG_SAL_M_D,_Z,_Z,MEAN,_T,2018-01-01,15.7192288562772,,A,0,1
OECD.ELS.SAE:DSD_EARNINGS@GENDER_WAGE_GAP(1.1),ARG,GWP,PT_WG_SAL_M_D,_Z,_Z,MEAN,_T,2018-01-01,9.9537408424,,A,0,1
OECD.ELS.SAE:DSD_EARNINGS@GENDER_WAGE_GAP(1.1),BRA,GWP,PT_WG_SAL_M_D,_Z,_Z,MEAN,_T,2018-01-01,9.5051306007,,A,0,1
OECD.ELS.SAE:DSD_EARNINGS@GENDER_WAGE_GAP(1.1),BGR,GWP,PT_WG_SAL_M_D,_Z,_Z,MEAN,_T,2018-01-01,14.514685554,,A,0,1
OECD.ELS.SAE:DSD_EARNINGS@GENDER_WAGE_GAP(1.1),HRV,GWP,PT_WG_SAL_M_D,_Z,_Z,MEAN,_T,2018-01-01,11.424972474,,A,0,1
OECD.ELS.SAE:DSD_EARNINGS@GENDER_WAGE_GAP(1.1),IND,GWP,PT_WG_SAL_M_D,_Z,_Z,MEAN,_T,2018-01-01,19.420270998,,A,0,1
OECD.ELS.SAE:DSD_EARNINGS@GENDER_WAGE_GAP(1.1),MLT,GWP,PT_WG_SAL_M_D,_Z,_Z,MEAN,_T,2018-01-01,16.472275617,,A,0,1
OECD.ELS.SAE:DSD_EARNINGS@GENDER_WAGE_GAP(1.1),ROU,GWP,PT_WG_SAL_M_D,_Z,_Z,MEAN,_T,2018-01-01,2.7360906585,,A,0,1
OECD.ELS.SAE:DSD_EARNINGS@GENDER_WAGE_GAP(1.1),CZE,GWP,PT_WG_SAL_M_D,_Z,_Z,MEAN,_T,2018-01-01,19.94433636,,A,0,1
OECD.ELS.SAE:DSD_EARNINGS@GENDER_WAGE_GAP(1.1),MEX,GWP,PT_WG_SAL_M_D,_Z,_Z,MEAN,_T,2018-01-01,11.3371818,,A,0,1
OECD.ELS.SAE:DSD_EARNINGS@GENDER_WAGE_GAP(1.1),NZL,GWP,PT_WG_SAL_M_D,_Z,_Z,MEAN,_T,2018-01-01,11.85687881,,A,0,1
OECD.ELS.SAE:DSD_EARNINGS@GENDER_WAGE_GAP(1.1),SVK,GWP,PT_WG_SAL_M_D,_Z,_Z,MEAN,_T,2018-01-01,20.78017548,,A,0,1
OECD.ELS.SAE:DSD_EARNINGS@GENDER_WAGE_GAP(1.1),CHE,GWP,PT_WG_SAL_M_D,_Z,_Z,MEAN,_T,2018-01-01,18.39330941,,A,0,1
OECD.ELS.SAE:DSD_EARNINGS@GENDER_WAGE_GAP(1.1),USA,GWP,PT_WG_SAL_M_D,_Z,_Z,MEAN,_T,2018-01-01,21.02973169,,A,0,1
OECD.ELS.SAE:DSD_EARNINGS@GENDER_WAGE_GAP(1.1),CYP,GWP,PT_WG_SAL_M_D,_Z,_Z,MEAN,_T,2018-01-01,16.12885436,,A,0,1
OECD.ELS.SAE:DSD_EARNINGS@GENDER_WAGE_GAP(1.1),PER,GWP,PT_WG_SAL_M_D,_Z,_Z,MEAN,_T,2018-01-01,17.79234032,,A,0,1
OECD.ELS.SAE:DSD_EARNINGS@GENDER_WAGE_GAP(1.1),LUX,GWP,PT_WG_SAL_M_D,_Z,_Z,MEAN,_T,2018-01-01,3.2017430351,,A,0,1
OECD.ELS.SAE:DSD_EARNINGS@GENDER_WAGE_GAP(1.1),AUS,GWP,PT_WG_SAL_M_D,_Z,_Z,MEAN,_T,2019-01-01,17.776531928,,A,0,1
OECD.ELS.SAE:DSD_EARNINGS@GENDER_WAGE_GAP(1.1),CAN,GWP,PT_WG_SAL_M_D,_Z,_Z,MEAN,_T,2019-01-01,16.973328964,,A,0,1
OECD.ELS.SAE:DSD_EARNINGS@GENDER_WAGE_GAP(1.1),COL,GWP,PT_WG_SAL_M_D,_Z,_Z,MEAN,_T,2019-01-01,7.9303374714,,A,0,1
OECD.ELS.SAE:DSD_EARNINGS@GENDER_WAGE_GAP(1.1),CZE,GWP,PT_WG_SAL_M_D,_Z,_Z,MEAN,_T,2019-01-01,18.796443235,,A,0,1
OECD.ELS.SAE:DSD_EARNINGS@GENDER_WAGE_GAP(1.1),DNK,GWP,PT_WG_SAL_M_D,_Z,_Z,MEAN,_T,2019-01-01,9.4567751897,,A,0,1
OECD.ELS.SAE:DSD_EARNINGS@GENDER_WAGE_GAP(1.1),FIN,GWP,PT_WG_SAL_M_D,_Z,_Z,MEAN,_T,2019-01-01,16.133229248,,A,0,1
OECD.ELS.SAE:DSD_EARNINGS@GENDER_WAGE_GAP(1.1),DEU,GWP,PT_WG_SAL_M_D,_Z,_Z,MEAN,_T,2019-01-01,17.328813998,,A,0,1
OECD.ELS.SAE:DSD_EARNINGS@GENDER_WAGE_GAP(1.1),ISR,GWP,PT_WG_SAL_M_D,_Z,_Z,MEAN,_T,2019-01-01,23.766310801,,A,0,1
OECD.ELS.SAE:DSD_EARNINGS@GENDER_WAGE_GAP(1.1),KOR,GWP,PT_WG_SAL_M_D,_Z,_Z,MEAN,_T,2019-01-01,31.613583803,,A,0,1
OECD.ELS.SAE:DSD_EARNINGS@GENDER_WAGE_GAP(1.1),MEX,GWP,PT_WG_SAL_M_D,_Z,_Z,MEAN,_T,2019-01-01,11.687567661,,A,0,1
OECD.ELS.SAE:DSD_EARNINGS@GENDER_WAGE_GAP(1.1),NZL,GWP,PT_WG_SAL_M_D,_Z,_Z,MEAN,_T,2019-01-01,10.350030175,,A,0,1
OECD.ELS.SAE:DSD_EARNINGS@GENDER_WAGE_GAP(1.1),NOR,GWP,PT_WG_SAL_M_D,_Z,_Z,MEAN,_T,2019-01-01,10.618955513,,A,0,1
OECD.ELS.SAE:DSD_EARNINGS@GENDER_WAGE_GAP(1.1),SWE,GWP,PT_WG_SAL_M_D,_Z,_Z,MEAN,_T,2019-01-01,9.9462365591,,A,0,1
OECD.ELS.SAE:DSD_EARNINGS@GENDER_WAGE_GAP(1.1),GBR,GWP,PT_WG_SAL_M_D,_Z,_Z,MEAN,_T,2019-01-01,18.394736842,,A,0,1
OECD.ELS.SAE:DSD_EARNINGS@GENDER_WAGE_GAP(1.1),USA,GWP,PT_WG_SAL_M_D,_Z,_Z,MEAN,_T,2019-01-01,21.114982578,,A,0,1
OECD.ELS.SAE:DSD_EARNINGS@GENDER_WAGE_GAP(1.1),EU27,GWP,PT_WG_SAL_M_D,_Z,_Z,MEAN,_T,2019-01-01,13.8107901627453,,A,0,1
OECD.ELS.SAE:DSD_EARNINGS@GENDER_WAGE_GAP(1.1),EU19OECD,GWP,PT_WG_SAL_M_D,_Z,_Z,MEAN,_T,2019-01-01,14.2552829081528,,A,0,1
OECD.ELS.SAE:DSD_EARNINGS@GENDER_WAGE_GAP(1.1),OECD,GWP,PT_WG_SAL_M_D,_Z,_Z,MEAN,_T,2019-01-01,15.1000809356184,,A,0,1
OECD.ELS.SAE:DSD_EARNINGS@GENDER_WAGE_GAP(1.1),ARG,GWP,PT_WG_SAL_M_D,_Z,_Z,MEAN,_T,2019-01-01,9.0364318679,,A,0,1
OECD.ELS.SAE:DSD_EARNINGS@GENDER_WAGE_GAP(1.1),BRA,GWP,PT_WG_SAL_M_D,_Z,_Z,MEAN,_T,2019-01-01,8.9749020071,,A,0,1
OECD.ELS.SAE:DSD_EARNINGS@GENDER_WAGE_GAP(1.1),IND,GWP,PT_WG_SAL_M_D,_Z,_Z,MEAN,_T,2019-01-01,19.838111389,,A,0,1
OECD.ELS.SAE:DSD_EARNINGS@GENDER_WAGE_GAP(1.1),AUT,GWP,PT_WG_SAL_M_D,_Z,_Z,MEAN,_T,2019-01-01,18.39321854,,A,0,1
OECD.ELS.SAE:DSD_EARNINGS@GENDER_WAGE_GAP(1.1),BEL,GWP,PT_WG_SAL_M_D,_Z,_Z,MEAN,_T,2019-01-01,4.098791382,,A,0,1
OECD.ELS.SAE:DSD_EARNINGS@GENDER_WAGE_GAP(1.1),CRI,GWP,PT_WG_SAL_M_D,_Z,_Z,MEAN,_T,2019-01-01,11.9388829,,A,0,1
OECD.ELS.SAE:DSD_EARNINGS@GENDER_WAGE_GAP(1.1),HUN,GWP,PT_WG_SAL_M_D,_Z,_Z,MEAN,_T,2019-01-01,18.57943254,,A,0,1
OECD.ELS.SAE:DSD_EARNINGS@GENDER_WAGE_GAP(1.1),JPN,GWP,PT_WG_SAL_M_D,_Z,_Z,MEAN,_T,2019-01-01,25.73964497,,A,0,1
OECD.ELS.SAE:DSD_EARNINGS@GENDER_WAGE_GAP(1.1),SVK,GWP,PT_WG_SAL_M_D,_Z,_Z,MEAN,_T,2019-01-01,18.91264205,,A,0,1
OECD.ELS.SAE:DSD_EARNINGS@GENDER_WAGE_GAP(1.1),AUS,GWP,PT_WG_SAL_M_D,_Z,_Z,MEAN,_T,2020-01-01,14.297812675,,A,0,1
OECD.ELS.SAE:DSD_EARNINGS@GENDER_WAGE_GAP(1.1),AUT,GWP,PT_WG_SAL_M_D,_Z,_Z,MEAN,_T,2020-01-01,16.902560404,,A,0,1
OECD.ELS.SAE:DSD_EARNINGS@GENDER_WAGE_GAP(1.1),CAN,GWP,PT_WG_SAL_M_D,_Z,_Z,MEAN,_T,2020-01-01,15.904007873,,A,0,1
OECD.ELS.SAE:DSD_EARNINGS@GENDER_WAGE_GAP(1.1),CHL,GWP,PT_WG_SAL_M_D,_Z,_Z,MEAN,_T,2020-01-01,14.831718587,,A,0,1
OECD.ELS.SAE:DSD_EARNINGS@GENDER_WAGE_GAP(1.1),COL,GWP,PT_WG_SAL_M_D,_Z,_Z,MEAN,_T,2020-01-01,2.4610959334,,A,0,1
OECD.ELS.SAE:DSD_EARNINGS@GENDER_WAGE_GAP(1.1),CRI,GWP,PT_WG_SAL_M_D,_Z,_Z,MEAN,_T,2020-01-01,5.7746137126,,A,0,1
OECD.ELS.SAE:DSD_EARNINGS@GENDER_WAGE_GAP(1.1),CZE,GWP,PT_WG_SAL_M_D,_Z,_Z,MEAN,_T,2020-01-01,16.484044598,,A,0,1
OECD.ELS.SAE:DSD_EARNINGS@GENDER_WAGE_GAP(1.1),FIN,GWP,PT_WG_SAL_M_D,_Z,_Z,MEAN,_T,2020-01-01,17.851815017,,A,0,1
OECD.ELS.SAE:DSD_EARNINGS@GENDER_WAGE_GAP(1.1),ISR,GWP,PT_WG_SAL_M_D,_Z,_Z,MEAN,_T,2020-01-01,23.319491375,,A,0,1
OECD.ELS.SAE:DSD_EARNINGS@GENDER_WAGE_GAP(1.1),JPN,GWP,PT_WG_SAL_M_D,_Z,_Z,MEAN,_T,2020-01-01,25.678866588,,A,0,1
OECD.ELS.SAE:DSD_EARNINGS@GENDER_WAGE_GAP(1.1),KOR,GWP,PT_WG_SAL_M_D,_Z,_Z,MEAN,_T,2020-01-01,30.450381212,,A,0,1
OECD.ELS.SAE:DSD_EARNINGS@GENDER_WAGE_GAP(1.1),MEX,GWP,PT_WG_SAL_M_D,_Z,_Z,MEAN,_T,2020-01-01,7.4239360459,,A,0,1
OECD.ELS.SAE:DSD_EARNINGS@GENDER_WAGE_GAP(1.1),NZL,GWP,PT_WG_SAL_M_D,_Z,_Z,MEAN,_T,2020-01-01,8.1059472434,,A,0,1
OECD.ELS.SAE:DSD_EARNINGS@GENDER_WAGE_GAP(1.1),NOR,GWP,PT_WG_SAL_M_D,_Z,_Z,MEAN,_T,2020-01-01,10.710238005,,A,0,1
OECD.ELS.SAE:DSD_EARNINGS@GENDER_WAGE_GAP(1.1),POL,GWP,PT_WG_SAL_M_D,_Z,_Z,MEAN,_T,2020-01-01,12.782801737,,A,0,1
OECD.ELS.SAE:DSD_EARNINGS@GENDER_WAGE_GAP(1.1),SVK,GWP,PT_WG_SAL_M_D,_Z,_Z,MEAN,_T,2020-01-01,16.698684098,,A,0,1
OECD.ELS.SAE:DSD_EARNINGS@GENDER_WAGE_GAP(1.1),SWE,GWP,PT_WG_SAL_M_D,_Z,_Z,MEAN,_T,2020-01-01,9.7625329815,,A,0,1
OECD.ELS.SAE:DSD_EARNINGS@GENDER_WAGE_GAP(1.1),CHE,GWP,PT_WG_SAL_M_D,_Z,_Z,MEAN,_T,2020-01-01,17.793037423,,A,0,1
OECD.ELS.SAE:DSD_EARNINGS@GENDER_WAGE_GAP(1.1),GBR,GWP,PT_WG_SAL_M_D,_Z,_Z,MEAN,_T,2020-01-01,15.173601908,,A,0,1
OECD.ELS.SAE:DSD_EARNINGS@GENDER_WAGE_GAP(1.1),USA,GWP,PT_WG_SAL_M_D,_Z,_Z,MEAN,_T,2020-01-01,19.401993355,,A,0,1
OECD.ELS.SAE:DSD_EARNINGS@GENDER_WAGE_GAP(1.1),EU27,GWP,PT_WG_SAL_M_D,_Z,_Z,MEAN,_T,2020-01-01,12.9052241093136,,A,0,1
OECD.ELS.SAE:DSD_EARNINGS@GENDER_WAGE_GAP(1.1),EU19OECD,GWP,PT_WG_SAL_M_D,_Z,_Z,MEAN,_T,2020-01-01,13.4897796595149,,A,0,1
OECD.ELS.SAE:DSD_EARNINGS@GENDER_WAGE_GAP(1.1),OECD,GWP,PT_WG_SAL_M_D,_Z,_Z,MEAN,_T,2020-01-01,13.7361780677628,,A,0,1
OECD.ELS.SAE:DSD_EARNINGS@GENDER_WAGE_GAP(1.1),ARG,GWP,PT_WG_SAL_M_D,_Z,_Z,MEAN,_T,2020-01-01,6.7571037875,,A,0,1
OECD.ELS.SAE:DSD_EARNINGS@GENDER_WAGE_GAP(1.1),BRA,GWP,PT_WG_SAL_M_D,_Z,_Z,MEAN,_T,2020-01-01,8.3585596567,,A,0,1
OECD.ELS.SAE:DSD_EARNINGS@GENDER_WAGE_GAP(1.1),IND,GWP,PT_WG_SAL_M_D,_Z,_Z,MEAN,_T,2020-01-01,18.610509701,,A,0,1
OECD.ELS.SAE:DSD_EARNINGS@GENDER_WAGE_GAP(1.1),PER,GWP,PT_WG_SAL_M_D,_Z,_Z,MEAN,_T,2020-01-01,7.9733246261,,A,0,1
OECD.ELS.SAE:DSD_EARNINGS@GENDER_WAGE_GAP(1.1),BEL,GWP,PT_WG_SAL_M_D,_Z,_Z,MEAN,_T,2020-01-01,0.416992442,,A,0,1
OECD.ELS.SAE:DSD_EARNINGS@GENDER_WAGE_GAP(1.1),DNK,GWP,PT_WG_SAL_M_D,_Z,_Z,MEAN,_T,2020-01-01,9.096764476,,A,0,1
OECD.ELS.SAE:DSD_EARNINGS@GENDER_WAGE_GAP(1.1),DEU,GWP,PT_WG_SAL_M_D,_Z,_Z,MEAN,_T,2020-01-01,16.79650079,,A,0,1
OECD.ELS.SAE:DSD_EARNINGS@GENDER_WAGE_GAP(1.1),HUN,GWP,PT_WG_SAL_M_D,_Z,_Z,MEAN,_T,2020-01-01,17.61490601,,A,0,1
OECD.ELS.SAE:DSD_EARNINGS@GENDER_WAGE_GAP(1.1),AUT,GWP,PT_WG_SAL_M_D,_Z,_Z,MEAN,_T,2021-01-01,16.819501439,,A,0,1
OECD.ELS.SAE:DSD_EARNINGS@GENDER_WAGE_GAP(1.1),BEL,GWP,PT_WG_SAL_M_D,_Z,_Z,MEAN,_T,2021-01-01,0.6420133539,,A,0,1
OECD.ELS.SAE:DSD_EARNINGS@GENDER_WAGE_GAP(1.1),CAN,GWP,PT_WG_SAL_M_D,_Z,_Z,MEAN,_T,2021-01-01,15.849750383,,A,0,1
OECD.ELS.SAE:DSD_EARNINGS@GENDER_WAGE_GAP(1.1),CHL,GWP,PT_WG_SAL_M_D,_Z,_Z,MEAN,_T,2021-01-01,16.063676986,,A,0,1
OECD.ELS.SAE:DSD_EARNINGS@GENDER_WAGE_GAP(1.1),COL,GWP,PT_WG_SAL_M_D,_Z,_Z,MEAN,_T,2021-01-01,2.0929518168,,A,0,1
OECD.ELS.SAE:DSD_EARNINGS@GENDER_WAGE_GAP(1.1),CRI,GWP,PT_WG_SAL_M_D,_Z,_Z,MEAN,_T,2021-01-01,3.7379037206,,A,0,1
OECD.ELS.SAE:DSD_EARNINGS@GENDER_WAGE_GAP(1.1),CZE,GWP,PT_WG_SAL_M_D,_Z,_Z,MEAN,_T,2021-01-01,15.210688592,,A,0,1
OECD.ELS.SAE:DSD_EARNINGS@GENDER_WAGE_GAP(1.1),DNK,GWP,PT_WG_SAL_M_D,_Z,_Z,MEAN,_T,2021-01-01,9.2347543625,,A,0,1
OECD.ELS.SAE:DSD_EARNINGS@GENDER_WAGE_GAP(1.1),FIN,GWP,PT_WG_SAL_M_D,_Z,_Z,MEAN,_T,2021-01-01,17.674192765,,A,0,1
OECD.ELS.SAE:DSD_EARNINGS@GENDER_WAGE_GAP(1.1),DEU,GWP,PT_WG_SAL_M_D,_Z,_Z,MEAN,_T,2021-01-01,18.746554332,,A,0,1
OECD.ELS.SAE:DSD_EARNINGS@GENDER_WAGE_GAP(1.1),HUN,GWP,PT_WG_SAL_M_D,_Z,_Z,MEAN,_T,2021-01-01,17.922771829,,A,0,1
OECD.ELS.SAE:DSD_EARNINGS@GENDER_WAGE_GAP(1.1),ISR,GWP,PT_WG_SAL_M_D,_Z,_Z,MEAN,_T,2021-01-01,25.578302358,,A,0,1
OECD.ELS.SAE:DSD_EARNINGS@GENDER_WAGE_GAP(1.1),JPN,GWP,PT_WG_SAL_M_D,_Z,_Z,MEAN,_T,2021-01-01,24.792408066,,A,0,1
OECD.ELS.SAE:DSD_EARNINGS@GENDER_WAGE_GAP(1.1),KOR,GWP,PT_WG_SAL_M_D,_Z,_Z,MEAN,_T,2021-01-01,30.333478692,,A,0,1
OECD.ELS.SAE:DSD_EARNINGS@GENDER_WAGE_GAP(1.1),MEX,GWP,PT_WG_SAL_M_D,_Z,_Z,MEAN,_T,2021-01-01,9.9351388754,,A,0,1
OECD.ELS.SAE:DSD_EARNINGS@GENDER_WAGE_GAP(1.1),NZL,GWP,PT_WG_SAL_M_D,_Z,_Z,MEAN,_T,2021-01-01,8.1655480984,,A,0,1
OECD.ELS.SAE:DSD_EARNINGS@GENDER_WAGE_GAP(1.1),NOR,GWP,PT_WG_SAL_M_D,_Z,_Z,MEAN,_T,2021-01-01,10.360441949,,A,0,1
OECD.ELS.SAE:DSD_EARNINGS@GENDER_WAGE_GAP(1.1),SVK,GWP,PT_WG_SAL_M_D,_Z,_Z,MEAN,_T,2021-01-01,15.692386903,,A,0,1
OECD.ELS.SAE:DSD_EARNINGS@GENDER_WAGE_GAP(1.1),GBR,GWP,PT_WG_SAL_M_D,_Z,_Z,MEAN,_T,2021-01-01,16.822549648,,A,0,1
OECD.ELS.SAE:DSD_EARNINGS@GENDER_WAGE_GAP(1.1),USA,GWP,PT_WG_SAL_M_D,_Z,_Z,MEAN,_T,2021-01-01,17.738791423,,A,0,1
OECD.ELS.SAE:DSD_EARNINGS@GENDER_WAGE_GAP(1.1),EU27,GWP,PT_WG_SAL_M_D,_Z,_Z,MEAN,_T,2021-01-01,12.6356939110896,,A,0,1
OECD.ELS.SAE:DSD_EARNINGS@GENDER_WAGE_GAP(1.1),EU19OECD,GWP,PT_WG_SAL_M_D,_Z,_Z,MEAN,_T,2021-01-01,13.1355248524121,,A,0,1
OECD.ELS.SAE:DSD_EARNINGS@GENDER_WAGE_GAP(1.1),OECD,GWP,PT_WG_SAL_M_D,_Z,_Z,MEAN,_T,2021-01-01,13.6326585406874,,A,0,1
OECD.ELS.SAE:DSD_EARNINGS@GENDER_WAGE_GAP(1.1),BRA,GWP,PT_WG_SAL_M_D,_Z,_Z,MEAN,_T,2021-01-01,7.3874571945,,A,0,1
OECD.ELS.SAE:DSD_EARNINGS@GENDER_WAGE_GAP(1.1),IND,GWP,PT_WG_SAL_M_D,_Z,_Z,MEAN,_T,2021-01-01,22.522709867,,A,0,1
OECD.ELS.SAE:DSD_EARNINGS@GENDER_WAGE_GAP(1.1),AUS,GWP,PT_WG_SAL_M_D,_Z,_Z,MEAN,_T,2021-01-01,15.77333185,,A,0,1
OECD.ELS.SAE:DSD_EARNINGS@GENDER_WAGE_GAP(1.1),SWE,GWP,PT_WG_SAL_M_D,_Z,_Z,MEAN,_T,2021-01-01,10.0,,A,0,1
OECD.ELS.SAE:DSD_EARNINGS@GENDER_WAGE_GAP(1.1),ARG,GWP,PT_WG_SAL_M_D,_Z,_Z,MEAN,_T,2021-01-01,7.935946485,,A,0,1
OECD.ELS.SAE:DSD_EARNINGS@GENDER_WAGE_GAP(1.1),PER,GWP,PT_WG_SAL_M_D,_Z,_Z,MEAN,_T,2021-01-01,10.87830826,,A,0,1
OECD.ELS.SAE:DSD_EARNINGS@GENDER_WAGE_GAP(1.1),AUS,GWP,PT_WG_SAL_M_D,_Z,_Z,MEAN,_T,2022-01-01,15.239699644,,A,0,1
OECD.ELS.SAE:DSD_EARNINGS@GENDER_WAGE_GAP(1.1),AUT,GWP,PT_WG_SAL_M_D,_Z,_Z,MEAN,_T,2022-01-01,16.585324948,,A,0,1
OECD.ELS.SAE:DSD_EARNINGS@GENDER_WAGE_GAP(1.1),BEL,GWP,PT_WG_SAL_M_D,_Z,_Z,MEAN,_T,2022-01-01,0.7831620166,,A,0,1
OECD.ELS.SAE:DSD_EARNINGS@GENDER_WAGE_GAP(1.1),CAN,GWP,PT_WG_SAL_M_D,_Z,_Z,MEAN,_T,2022-01-01,16.265093685,,A,0,1
OECD.ELS.SAE:DSD_EARNINGS@GENDER_WAGE_GAP(1.1),CHL,GWP,PT_WG_SAL_M_D,_Z,_Z,MEAN,_T,2022-01-01,19.729926925,,A,0,1
OECD.ELS.SAE:DSD_EARNINGS@GENDER_WAGE_GAP(1.1),COL,GWP,PT_WG_SAL_M_D,_Z,_Z,MEAN,_T,2022-01-01,0.1003904823,,A,0,1
OECD.ELS.SAE:DSD_EARNINGS@GENDER_WAGE_GAP(1.1),CRI,GWP,PT_WG_SAL_M_D,_Z,_Z,MEAN,_T,2022-01-01,0.4792125289,,A,0,1
OECD.ELS.SAE:DSD_EARNINGS@GENDER_WAGE_GAP(1.1),CZE,GWP,PT_WG_SAL_M_D,_Z,_Z,MEAN,_T,2022-01-01,17.735345795,,A,0,1
OECD.ELS.SAE:DSD_EARNINGS@GENDER_WAGE_GAP(1.1),DNK,GWP,PT_WG_SAL_M_D,_Z,_Z,MEAN,_T,2022-01-01,8.9613740275,,A,0,1
OECD.ELS.SAE:DSD_EARNINGS@GENDER_WAGE_GAP(1.1),FIN,GWP,PT_WG_SAL_M_D,_Z,_Z,MEAN,_T,2022-01-01,16.848341232,,A,0,1
OECD.ELS.SAE:DSD_EARNINGS@GENDER_WAGE_GAP(1.1),DEU,GWP,PT_WG_SAL_M_D,_Z,_Z,MEAN,_T,2022-01-01,18.514783931,,A,0,1
OECD.ELS.SAE:DSD_EARNINGS@GENDER_WAGE_GAP(1.1),HUN,GWP,PT_WG_SAL_M_D,_Z,_Z,MEAN,_T,2022-01-01,18.950543724,,A,0,1
OECD.ELS.SAE:DSD_EARNINGS@GENDER_WAGE_GAP(1.1),ISL,GWP,PT_WG_SAL_M_D,_Z,_Z,MEAN,_T,2022-01-01,14.152267178,,A,0,1
OECD.ELS.SAE:DSD_EARNINGS@GENDER_WAGE_GAP(1.1),IRL,GWP,PT_WG_SAL_M_D,_Z,_Z,MEAN,_T,2022-01-01,15.903895675,,A,0,1
OECD.ELS.SAE:DSD_EARNINGS@GENDER_WAGE_GAP(1.1),ITA,GWP,PT_WG_SAL_M_D,_Z,_Z,MEAN,_T,2022-01-01,11.977110155,,A,0,1
OECD.ELS.SAE:DSD_EARNINGS@GENDER_WAGE_GAP(1.1),JPN,GWP,PT_WG_SAL_M_D,_Z,_Z,MEAN,_T,2022-01-01,23.220640569,,A,0,1
OECD.ELS.SAE:DSD_EARNINGS@GENDER_WAGE_GAP(1.1),KOR,GWP,PT_WG_SAL_M_D,_Z,_Z,MEAN,_T,2022-01-01,30.085549705,,A,0,1
OECD.ELS.SAE:DSD_EARNINGS@GENDER_WAGE_GAP(1.1),LVA,GWP,PT_WG_SAL_M_D,_Z,_Z,MEAN,_T,2022-01-01,22.684328279,,A,0,1
OECD.ELS.SAE:DSD_EARNINGS@GENDER_WAGE_GAP(1.1),LTU,GWP,PT_WG_SAL_M_D,_Z,_Z,MEAN,_T,2022-01-01,13.596806571,,A,0,1
OECD.ELS.SAE:DSD_EARNINGS@GENDER_WAGE_GAP(1.1),MEX,GWP,PT_WG_SAL_M_D,_Z,_Z,MEAN,_T,2022-01-01,10.361080594,,A,0,1
OECD.ELS.SAE:DSD_EARNINGS@GENDER_WAGE_GAP(1.1),NZL,GWP,PT_WG_SAL_M_D,_Z,_Z,MEAN,_T,2022-01-01,8.2542194093,,A,0,1
OECD.ELS.SAE:DSD_EARNINGS@GENDER_WAGE_GAP(1.1),NOR,GWP,PT_WG_SAL_M_D,_Z,_Z,MEAN,_T,2022-01-01,10.530866332,,A,0,1
OECD.ELS.SAE:DSD_EARNINGS@GENDER_WAGE_GAP(1.1),POL,GWP,PT_WG_SAL_M_D,_Z,_Z,MEAN,_T,2022-01-01,14.929867408,,A,0,1
OECD.ELS.SAE:DSD_EARNINGS@GENDER_WAGE_GAP(1.1),PRT,GWP,PT_WG_SAL_M_D,_Z,_Z,MEAN,_T,2022-01-01,8.3905694533,,A,0,1
OECD.ELS.SAE:DSD_EARNINGS@GENDER_WAGE_GAP(1.1),SVK,GWP,PT_WG_SAL_M_D,_Z,_Z,MEAN,_T,2022-01-01,17.314061191,,A,0,1
OECD.ELS.SAE:DSD_EARNINGS@GENDER_WAGE_GAP(1.1),SVN,GWP,PT_WG_SAL_M_D,_Z,_Z,MEAN,_T,2022-01-01,7.9148611787,,A,0,1
OECD.ELS.SAE:DSD_EARNINGS@GENDER_WAGE_GAP(1.1),ESP,GWP,PT_WG_SAL_M_D,_Z,_Z,MEAN,_T,2022-01-01,6.2184054999,,A,0,1
OECD.ELS.SAE:DSD_EARNINGS@GENDER_WAGE_GAP(1.1),SWE,GWP,PT_WG_SAL_M_D,_Z,_Z,MEAN,_T,2022-01-01,9.9502487562,,A,0,1
OECD.ELS.SAE:DSD_EARNINGS@GENDER_WAGE_GAP(1.1),CHE,GWP,PT_WG_SAL_M_D,_Z,_Z,MEAN,_T,2022-01-01,15.425500907,,A,0,1
OECD.ELS.SAE:DSD_EARNINGS@GENDER_WAGE_GAP(1.1),TUR,GWP,PT_WG_SAL_M_D,_Z,_Z,MEAN,_T,2022-01-01,0.8947776213,,A,0,1
OECD.ELS.SAE:DSD_EARNINGS@GENDER_WAGE_GAP(1.1),GBR,GWP,PT_WG_SAL_M_D,_Z,_Z,MEAN,_T,2022-01-01,16.011339825,,A,0,1
OECD.ELS.SAE:DSD_EARNINGS@GENDER_WAGE_GAP(1.1),EU27,GWP,PT_WG_SAL_M_D,_Z,_Z,MEAN,_T,2022-01-01,12.5212538657852,,A,0,1
OECD.ELS.SAE:DSD_EARNINGS@GENDER_WAGE_GAP(1.1),EU19OECD,GWP,PT_WG_SAL_M_D,_Z,_Z,MEAN,_T,2022-01-01,12.7915700324526,,A,0,1
OECD.ELS.SAE:DSD_EARNINGS@GENDER_WAGE_GAP(1.1),OECD,GWP,PT_WG_SAL_M_D,_Z,_Z,MEAN,_T,2022-01-01,13.5583478334474,,A,0,1
OECD.ELS.SAE:DSD_EARNINGS@GENDER_WAGE_GAP(1.1),BRA,GWP,PT_WG_SAL_M_D,_Z,_Z,MEAN,_T,2022-01-01,9.0115605573,,A,0,1
OECD.ELS.SAE:DSD_EARNINGS@GENDER_WAGE_GAP(1.1),CYP,GWP,PT_WG_SAL_M_D,_Z,_Z,MEAN,_T,2022-01-01,17.805427715,,A,0,1
OECD.ELS.SAE:DSD_EARNINGS@GENDER_WAGE_GAP(1.1),IND,GWP,PT_WG_SAL_M_D,_Z,_Z,MEAN,_T,2022-01-01,18.217471413,,A,0,1
OECD.ELS.SAE:DSD_EARNINGS@GENDER_WAGE_GAP(1.1),MLT,GWP,PT_WG_SAL_M_D,_Z,_Z,MEAN,_T,2022-01-01,8.7473679571,,A,0,1
OECD.ELS.SAE:DSD_EARNINGS@GENDER_WAGE_GAP(1.1),PER,GWP,PT_WG_SAL_M_D,_Z,_Z,MEAN,_T,2022-01-01,15.653487898,,A,0,1
OECD.ELS.SAE:DSD_EARNINGS@GENDER_WAGE_GAP(1.1),ROU,GWP,PT_WG_SAL_M_D,_Z,_Z,MEAN,_T,2022-01-01,2.3338697879,,A,0,1
OECD.ELS.SAE:DSD_EARNINGS@GENDER_WAGE_GAP(1.1),EST,GWP,PT_WG_SAL_M_D,_Z,_Z,MEAN,_T,2022-01-01,23.08254919,,A,0,1
OECD.ELS.SAE:DSD_EARNINGS@GENDER_WAGE_GAP(1.1),FRA,GWP,PT_WG_SAL_M_D,_Z,_Z,MEAN,_T,2022-01-01,13.02726273,,A,0,1
OECD.ELS.SAE:DSD_EARNINGS@GENDER_WAGE_GAP(1.1),GRC,GWP,PT_WG_SAL_M_D,_Z,_Z,MEAN,_T,2022-01-01,14.74222892,,A,0,1
OECD.ELS.SAE:DSD_EARNINGS@GENDER_WAGE_GAP(1.1),ISR,GWP,PT_WG_SAL_M_D,_Z,_Z,MEAN,_T,2022-01-01,25.83703571,,A,0,1
OECD.ELS.SAE:DSD_EARNINGS@GENDER_WAGE_GAP(1.1),NLD,GWP,PT_WG_SAL_M_D,_Z,_Z,MEAN,_T,2022-01-01,9.200373171,,A,0,1
OECD.ELS.SAE:DSD_EARNINGS@GENDER_WAGE_GAP(1.1),USA,GWP,PT_WG_SAL_M_D,_Z,_Z,MEAN,_T,2022-01-01,21.6152019,,A,0,1
OECD.ELS.SAE:DSD_EARNINGS@GENDER_WAGE_GAP(1.1),ARG,GWP,PT_WG_SAL_M_D,_Z,_Z,MEAN,_T,2022-01-01,9.346530528,,A,0,1
OECD.ELS.SAE:DSD_EARNINGS@GENDER_WAGE_GAP(1.1),BGR,GWP,PT_WG_SAL_M_D,_Z,_Z,MEAN,_T,2022-01-01,14.52622702,,A,0,1
OECD.ELS.SAE:DSD_EARNINGS@GENDER_WAGE_GAP(1.1),HRV,GWP,PT_WG_SAL_M_D,_Z,_Z,MEAN,_T,2022-01-01,7.646547241,,A,0,1
OECD.ELS.SAE:DSD_EARNINGS@GENDER_WAGE_GAP(1.1),LUX,GWP,PT_WG_SAL_M_D,_Z,_Z,MEAN,_T,2022-01-01,-0.297029197,,A,0,1
OECD.ELS.SAE:DSD_EARNINGS@GENDER_WAGE_GAP(1.1),AUS,GWP,PT_WG_SAL_M_D,_Z,_Z,MEAN,_T,2023-01-01,13.000024948,,A,0,1
OECD.ELS.SAE:DSD_EARNINGS@GENDER_WAGE_GAP(1.1),AUT,GWP,PT_WG_SAL_M_D,_Z,_Z,MEAN,_T,2023-01-01,16.166140829,,A,0,1
OECD.ELS.SAE:DSD_EARNINGS@GENDER_WAGE_GAP(1.1),BEL,GWP,PT_WG_SAL_M_D,_Z,_Z,MEAN,_T,2023-01-01,1.1896913507,,A,0,1
OECD.ELS.SAE:DSD_EARNINGS@GENDER_WAGE_GAP(1.1),CAN,GWP,PT_WG_SAL_M_D,_Z,_Z,MEAN,_T,2023-01-01,16.203685331,,A,0,1
OECD.ELS.SAE:DSD_EARNINGS@GENDER_WAGE_GAP(1.1),CHL,GWP,PT_WG_SAL_M_D,_Z,_Z,MEAN,_T,2023-01-01,18.859382698,,A,0,1
OECD.ELS.SAE:DSD_EARNINGS@GENDER_WAGE_GAP(1.1),COL,GWP,PT_WG_SAL_M_D,_Z,_Z,MEAN,_T,2023-01-01,1.6567949575,,A,0,1
OECD.ELS.SAE:DSD_EARNINGS@GENDER_WAGE_GAP(1.1),CRI,GWP,PT_WG_SAL_M_D,_Z,_Z,MEAN,_T,2023-01-01,4.1064460228,,A,0,1
OECD.ELS.SAE:DSD_EARNINGS@GENDER_WAGE_GAP(1.1),DNK,GWP,PT_WG_SAL_M_D,_Z,_Z,MEAN,_T,2023-01-01,8.4238316498,,A,0,1
OECD.ELS.SAE:DSD_EARNINGS@GENDER_WAGE_GAP(1.1),EST,GWP,PT_WG_SAL_M_D,_Z,_Z,MEAN,_T,2023-01-01,25.607110117,,A,0,1
OECD.ELS.SAE:DSD_EARNINGS@GENDER_WAGE_GAP(1.1),FIN,GWP,PT_WG_SAL_M_D,_Z,_Z,MEAN,_T,2023-01-01,17.082577132,,A,0,1
OECD.ELS.SAE:DSD_EARNINGS@GENDER_WAGE_GAP(1.1),FRA,GWP,PT_WG_SAL_M_D,_Z,_Z,MEAN,_T,2023-01-01,10.218837229,,A,0,1
OECD.ELS.SAE:DSD_EARNINGS@GENDER_WAGE_GAP(1.1),DEU,GWP,PT_WG_SAL_M_D,_Z,_Z,MEAN,_T,2023-01-01,17.336144055,,A,0,1
OECD.ELS.SAE:DSD_EARNINGS@GENDER_WAGE_GAP(1.1),GRC,GWP,PT_WG_SAL_M_D,_Z,_Z,MEAN,_T,2023-01-01,15.019919974,,A,0,1
OECD.ELS.SAE:DSD_EARNINGS@GENDER_WAGE_GAP(1.1),HUN,GWP,PT_WG_SAL_M_D,_Z,_Z,MEAN,_T,2023-01-01,19.032700085,,A,0,1
OECD.ELS.SAE:DSD_EARNINGS@GENDER_WAGE_GAP(1.1),IRL,GWP,PT_WG_SAL_M_D,_Z,_Z,MEAN,_T,2023-01-01,16.800418433,,A,0,1
OECD.ELS.SAE:DSD_EARNINGS@GENDER_WAGE_GAP(1.1),ITA,GWP,PT_WG_SAL_M_D,_Z,_Z,MEAN,_T,2023-01-01,7.1268641767,,A,0,1
OECD.ELS.SAE:DSD_EARNINGS@GENDER_WAGE_GAP(1.1),JPN,GWP,PT_WG_SAL_M_D,_Z,_Z,MEAN,_T,2023-01-01,25.163864349,,A,0,1
OECD.ELS.SAE:DSD_EARNINGS@GENDER_WAGE_GAP(1.1),KOR,GWP,PT_WG_SAL_M_D,_Z,_Z,MEAN,_T,2023-01-01,29.333553744,,A,0,1
OECD.ELS.SAE:DSD_EARNINGS@GENDER_WAGE_GAP(1.1),LVA,GWP,PT_WG_SAL_M_D,_Z,_Z,MEAN,_T,2023-01-01,23.629536668,,A,0,1
OECD.ELS.SAE:DSD_EARNINGS@GENDER_WAGE_GAP(1.1),LTU,GWP,PT_WG_SAL_M_D,_Z,_Z,MEAN,_T,2023-01-01,14.524019811,,A,0,1
OECD.ELS.SAE:DSD_EARNINGS@GENDER_WAGE_GAP(1.1),LUX,GWP,PT_WG_SAL_M_D,_Z,_Z,MEAN,_T,2023-01-01,3.7037576673,,A,0,1
OECD.ELS.SAE:DSD_EARNINGS@GENDER_WAGE_GAP(1.1),NLD,GWP,PT_WG_SAL_M_D,_Z,_Z,MEAN,_T,2023-01-01,8.487127312,,A,0,1
OECD.ELS.SAE:DSD_EARNINGS@GENDER_WAGE_GAP(1.1),NZL,GWP,PT_WG_SAL_M_D,_Z,_Z,MEAN,_T,2023-01-01,7.3362875431,,A,0,1
OECD.ELS.SAE:DSD_EARNINGS@GENDER_WAGE_GAP(1.1),NOR,GWP,PT_WG_SAL_M_D,_Z,_Z,MEAN,_T,2023-01-01,9.7724668522,,A,0,1
OECD.ELS.SAE:DSD_EARNINGS@GENDER_WAGE_GAP(1.1),PRT,GWP,PT_WG_SAL_M_D,_Z,_Z,MEAN,_T,2023-01-01,9.3471915516,,A,0,1
OECD.ELS.SAE:DSD_EARNINGS@GENDER_WAGE_GAP(1.1),SVN,GWP,PT_WG_SAL_M_D,_Z,_Z,MEAN,_T,2023-01-01,9.3392931459,,A,0,1
OECD.ELS.SAE:DSD_EARNINGS@GENDER_WAGE_GAP(1.1),ESP,GWP,PT_WG_SAL_M_D,_Z,_Z,MEAN,_T,2023-01-01,6.7188662635,,A,0,1
OECD.ELS.SAE:DSD_EARNINGS@GENDER_WAGE_GAP(1.1),TUR,GWP,PT_WG_SAL_M_D,_Z,_Z,MEAN,_T,2023-01-01,1.7897560432,,A,0,1
OECD.ELS.SAE:DSD_EARNINGS@GENDER_WAGE_GAP(1.1),GBR,GWP,PT_WG_SAL_M_D,_Z,_Z,MEAN,_T,2023-01-01,15.054881571,,A,0,1
OECD.ELS.SAE:DSD_EARNINGS@GENDER_WAGE_GAP(1.1),USA,GWP,PT_WG_SAL_M_D,_Z,_Z,MEAN,_T,2023-01-01,17.906976744,,A,0,1
OECD.ELS.SAE:DSD_EARNINGS@GENDER_WAGE_GAP(1.1),EU27,GWP,PT_WG_SAL_M_D,_Z,_Z,MEAN,_T,2023-01-01,12.6711299217178,,A,0,1
OECD.ELS.SAE:DSD_EARNINGS@GENDER_WAGE_GAP(1.1),EU19OECD,GWP,PT_WG_SAL_M_D,_Z,_Z,MEAN,_T,2023-01-01,12.9431036995947,,A,0,1
OECD.ELS.SAE:DSD_EARNINGS@GENDER_WAGE_GAP(1.1),OECD,GWP,PT_WG_SAL_M_D,_Z,_Z,MEAN,_T,2023-01-01,13.2907169286292,,A,0,1
OECD.ELS.SAE:DSD_EARNINGS@GENDER_WAGE_GAP(1.1),ARG,GWP,PT_WG_SAL_M_D,_Z,_Z,MEAN,_T,2023-01-01,7.8979725933,,A,0,1
OECD.ELS.SAE:DSD_EARNINGS@GENDER_WAGE_GAP(1.1),BRA,GWP,PT_WG_SAL_M_D,_Z,_Z,MEAN,_T,2023-01-01,8.7884492464,,A,0,1
OECD.ELS.SAE:DSD_EARNINGS@GENDER_WAGE_GAP(1.1),HRV,GWP,PT_WG_SAL_M_D,_Z,_Z,MEAN,_T,2023-01-01,11.276243863,,A,0,1
OECD.ELS.SAE:DSD_EARNINGS@GENDER_WAGE_GAP(1.1),CYP,GWP,PT_WG_SAL_M_D,_Z,_Z,MEAN,_T,2023-01-01,17.663958054,,A,0,1
OECD.ELS.SAE:DSD_EARNINGS@GENDER_WAGE_GAP(1.1),IND,GWP,PT_WG_SAL_M_D,_Z,_Z,MEAN,_T,2023-01-01,19.684416373,,A,0,1
OECD.ELS.SAE:DSD_EARNINGS@GENDER_WAGE_GAP(1.1),MLT,GWP,PT_WG_SAL_M_D,_Z,_Z,MEAN,_T,2023-01-01,14.651462295,,A,0,1
OECD.ELS.SAE:DSD_EARNINGS@GENDER_WAGE_GAP(1.1),ROU,GWP,PT_WG_SAL_M_D,_Z,_Z,MEAN,_T,2023-01-01,3.9522734069,,A,0,1
OECD.ELS.SAE:DSD_EARNINGS@GENDER_WAGE_GAP(1.1),CZE,GWP,PT_WG_SAL_M_D,_Z,_Z,MEAN,_T,2023-01-01,17.73845231,,A,0,1
OECD.ELS.SAE:DSD_EARNINGS@GENDER_WAGE_GAP(1.1),MEX,GWP,PT_WG_SAL_M_D,_Z,_Z,MEAN,_T,2023-01-01,11.89279029,,A,0,1
OECD.ELS.SAE:DSD_EARNINGS@GENDER_WAGE_GAP(1.1),POL,GWP,PT_WG_SAL_M_D,_Z,_Z,MEAN,_T,2023-01-01,17.3603569,,A,0,1
OECD.ELS.SAE:DSD_EARNINGS@GENDER_WAGE_GAP(1.1),SVK,GWP,PT_WG_SAL_M_D,_Z,_Z,MEAN,_T,2023-01-01,15.99106148,,A,0,1
OECD.ELS.SAE:DSD_EARNINGS@GENDER_WAGE_GAP(1.1),SWE,GWP,PT_WG_SAL_M_D,_Z,_Z,MEAN,_T,2023-01-01,10.0,,A,0,1
OECD.ELS.SAE:DSD_EARNINGS@GENDER_WAGE_GAP(1.1),BGR,GWP,PT_WG_SAL_M_D,_Z,_Z,MEAN,_T,2023-01-01,14.88625789,,A,0,1
OECD.ELS.SAE:DSD_EARNINGS@GENDER_WAGE_GAP(1.1),CHE,GWP,PT_WG_SAL_M_D,_Z,_Z,MEAN,_T,2023-01-01,0.0,,A,0,1
OECD.ELS.SAE:DSD_EARNINGS@GENDER_WAGE_GAP(1.1),AUS,GWP,PT_WG_SAL_M_D,_Z,_Z,MEAN,_T,2024-01-01,11.357031283,,A,0,1
OECD.ELS.SAE:DSD_EARNINGS@GENDER_WAGE_GAP(1.1),AUT,GWP,PT_WG_SAL_M_D,_Z,_Z,MEAN,_T,2024-01-01,14.981398334,,A,0,1
OECD.ELS.SAE:DSD_EARNINGS@GENDER_WAGE_GAP(1.1),BEL,GWP,PT_WG_SAL_M_D,_Z,_Z,MEAN,_T,2024-01-01,0.7633478624,,A,0,1
OECD.ELS.SAE:DSD_EARNINGS@GENDER_WAGE_GAP(1.1),CAN,GWP,PT_WG_SAL_M_D,_Z,_Z,MEAN,_T,2024-01-01,15.656959035,,A,0,1
OECD.ELS.SAE:DSD_EARNINGS@GENDER_WAGE_GAP(1.1),COL,GWP,PT_WG_SAL_M_D,_Z,_Z,MEAN,_T,2024-01-01,0.3258658193,,A,0,1
OECD.ELS.SAE:DSD_EARNINGS@GENDER_WAGE_GAP(1.1),CRI,GWP,PT_WG_SAL_M_D,_Z,_Z,MEAN,_T,2024-01-01,6.9289885965,,A,0,1
OECD.ELS.SAE:DSD_EARNINGS@GENDER_WAGE_GAP(1.1),CZE,GWP,PT_WG_SAL_M_D,_Z,_Z,MEAN,_T,2024-01-01,18.123280235,,A,0,1
OECD.ELS.SAE:DSD_EARNINGS@GENDER_WAGE_GAP(1.1),DNK,GWP,PT_WG_SAL_M_D,_Z,_Z,MEAN,_T,2024-01-01,7.9279305671,,A,0,1
OECD.ELS.SAE:DSD_EARNINGS@GENDER_WAGE_GAP(1.1),EST,GWP,PT_WG_SAL_M_D,_Z,_Z,MEAN,_T,2024-01-01,19.831780833,,A,0,1
OECD.ELS.SAE:DSD_EARNINGS@GENDER_WAGE_GAP(1.1),FIN,GWP,PT_WG_SAL_M_D,_Z,_Z,MEAN,_T,2024-01-01,14.388156373,,A,0,1
OECD.ELS.SAE:DSD_EARNINGS@GENDER_WAGE_GAP(1.1),FRA,GWP,PT_WG_SAL_M_D,_Z,_Z,MEAN,_T,2024-01-01,12.041028373,,A,0,1
OECD.ELS.SAE:DSD_EARNINGS@GENDER_WAGE_GAP(1.1),DEU,GWP,PT_WG_SAL_M_D,_Z,_Z,MEAN,_T,2024-01-01,17.203841237,,A,0,1
OECD.ELS.SAE:DSD_EARNINGS@GENDER_WAGE_GAP(1.1),GRC,GWP,PT_WG_SAL_M_D,_Z,_Z,MEAN,_T,2024-01-01,15.193002645,,A,0,1
OECD.ELS.SAE:DSD_EARNINGS@GENDER_WAGE_GAP(1.1),IRL,GWP,PT_WG_SAL_M_D,_Z,_Z,MEAN,_T,2024-01-01,16.135927082,,A,0,1
OECD.ELS.SAE:DSD_EARNINGS@GENDER_WAGE_GAP(1.1),ITA,GWP,PT_WG_SAL_M_D,_Z,_Z,MEAN,_T,2024-01-01,10.06744581,,A,0,1
OECD.ELS.SAE:DSD_EARNINGS@GENDER_WAGE_GAP(1.1),JPN,GWP,PT_WG_SAL_M_D,_Z,_Z,MEAN,_T,2024-01-01,24.180666483,,A,0,1
OECD.ELS.SAE:DSD_EARNINGS@GENDER_WAGE_GAP(1.1),LVA,GWP,PT_WG_SAL_M_D,_Z,_Z,MEAN,_T,2024-01-01,20.706240509,,A,0,1
OECD.ELS.SAE:DSD_EARNINGS@GENDER_WAGE_GAP(1.1),LTU,GWP,PT_WG_SAL_M_D,_Z,_Z,MEAN,_T,2024-01-01,14.140307526,,A,0,1
OECD.ELS.SAE:DSD_EARNINGS@GENDER_WAGE_GAP(1.1),LUX,GWP,PT_WG_SAL_M_D,_Z,_Z,MEAN,_T,2024-01-01,6.0854636182,,A,0,1
OECD.ELS.SAE:DSD_EARNINGS@GENDER_WAGE_GAP(1.1),MEX,GWP,PT_WG_SAL_M_D,_Z,_Z,MEAN,_T,2024-01-01,12.494194767,,A,0,1
OECD.ELS.SAE:DSD_EARNINGS@GENDER_WAGE_GAP(1.1),NLD,GWP,PT_WG_SAL_M_D,_Z,_Z,MEAN,_T,2024-01-01,7.5956045556,,A,0,1
OECD.ELS.SAE:DSD_EARNINGS@GENDER_WAGE_GAP(1.1),NZL,GWP,PT_WG_SAL_M_D,_Z,_Z,MEAN,_T,2024-01-01,8.9090023541,,A,0,1
OECD.ELS.SAE:DSD_EARNINGS@GENDER_WAGE_GAP(1.1),NOR,GWP,PT_WG_SAL_M_D,_Z,_Z,MEAN,_T,2024-01-01,9.9596022374,,A,0,1
OECD.ELS.SAE:DSD_EARNINGS@GENDER_WAGE_GAP(1.1),POL,GWP,PT_WG_SAL_M_D,_Z,_Z,MEAN,_T,2024-01-01,7.9458734121,,A,0,1
OECD.ELS.SAE:DSD_EARNINGS@GENDER_WAGE_GAP(1.1),PRT,GWP,PT_WG_SAL_M_D,_Z,_Z,MEAN,_T,2024-01-01,16.613025584,,A,0,1
OECD.ELS.SAE:DSD_EARNINGS@GENDER_WAGE_GAP(1.1),SVK,GWP,PT_WG_SAL_M_D,_Z,_Z,MEAN,_T,2024-01-01,15.965563417,,A,0,1
OECD.ELS.SAE:DSD_EARNINGS@GENDER_WAGE_GAP(1.1),SVN,GWP,PT_WG_SAL_M_D,_Z,_Z,MEAN,_T,2024-01-01,8.4133286799,,A,0,1
OECD.ELS.SAE:DSD_EARNINGS@GENDER_WAGE_GAP(1.1),ESP,GWP,PT_WG_SAL_M_D,_Z,_Z,MEAN,_T,2024-01-01,4.84013935,,A,0,1
OECD.ELS.SAE:DSD_EARNINGS@GENDER_WAGE_GAP(1.1),SWE,GWP,PT_WG_SAL_M_D,_Z,_Z,MEAN,_T,2024-01-01,10.273972603,,A,0,1
OECD.ELS.SAE:DSD_EARNINGS@GENDER_WAGE_GAP(1.1),GBR,GWP,PT_WG_SAL_M_D,_Z,_Z,MEAN,_T,2024-01-01,16.104063642,,A,0,1
OECD.ELS.SAE:DSD_EARNINGS@GENDER_WAGE_GAP(1.1),USA,GWP,PT_WG_SAL_M_D,_Z,_Z,MEAN,_T,2024-01-01,19.444444444,,A,0,1
OECD.ELS.SAE:DSD_EARNINGS@GENDER_WAGE_GAP(1.1),EU27,GWP,PT_WG_SAL_M_D,_Z,_Z,MEAN,_T,2024-01-01,11.9789036072222,,A,0,1
OECD.ELS.SAE:DSD_EARNINGS@GENDER_WAGE_GAP(1.1),EU19OECD,GWP,PT_WG_SAL_M_D,_Z,_Z,MEAN,_T,2024-01-01,12.1947797822105,,A,0,1
OECD.ELS.SAE:DSD_EARNINGS@GENDER_WAGE_GAP(1.1),OECD,GWP,PT_WG_SAL_M_D,_Z,_Z,MEAN,_T,2024-01-01,13.1465315471838,,A,0,1
OECD.ELS.SAE:DSD_EARNINGS@GENDER_WAGE_GAP(1.1),ARG,GWP,PT_WG_SAL_M_D,_Z,_Z,MEAN,_T,2024-01-01,11.559107324,,A,0,1
OECD.ELS.SAE:DSD_EARNINGS@GENDER_WAGE_GAP(1.1),BRA,GWP,PT_WG_SAL_M_D,_Z,_Z,MEAN,_T,2024-01-01,5.3143734335,,A,0,1
OECD.ELS.SAE:DSD_EARNINGS@GENDER_WAGE_GAP(1.1),BGR,GWP,PT_WG_SAL_M_D,_Z,_Z,MEAN,_T,2024-01-01,15.228503871,,A,0,1
OECD.ELS.SAE:DSD_EARNINGS@GENDER_WAGE_GAP(1.1),HRV,GWP,PT_WG_SAL_M_D,_Z,_Z,MEAN,_T,2024-01-01,8.0327543649,,A,0,1
OECD.ELS.SAE:DSD_EARNINGS@GENDER_WAGE_GAP(1.1),CYP,GWP,PT_WG_SAL_M_D,_Z,_Z,MEAN,_T,2024-01-01,15.263202293,,A,0,1
OECD.ELS.SAE:DSD_EARNINGS@GENDER_WAGE_GAP(1.1),IND,GWP,PT_WG_SAL_M_D,_Z,_Z,MEAN,_T,2024-01-01,20.344396745,,A,0,1
OECD.ELS.SAE:DSD_EARNINGS@GENDER_WAGE_GAP(1.1),MLT,GWP,PT_WG_SAL_M_D,_Z,_Z,MEAN,_T,2024-01-01,8.2854641659,,A,0,1
OECD.ELS.SAE:DSD_EARNINGS@GENDER_WAGE_GAP(1.1),ROU,GWP,PT_WG_SAL_M_D,_Z,_Z,MEAN,_T,2024-01-01,5.1645663949,,A,0,1
OECD.ELS.SAE:DSD_EARNINGS@GENDER_WAGE_GAP(1.1),KOR,GWP,PT_WG_SAL_M_D,_Z,_Z,MEAN,_T,2024-01-01,28.96650065,,A,0,1
