DATAFLOW,FREQ,REF_AREA,DATA_TYPE,ADJUSTMENT,SEX,AGE,EDITION,TIME_PERIOD,OBS_VALUE,OBS_STATUS,NOTE_DS,NOTE_REF_AREA,NOTE_DATA_TYPE,NOTE_ADJUSTMENT,NOTE_SEX,NOTE_AGE,NOTE_EDITION,NOTE_TIME_PERIOD,BASE_PER,UNIT_MEAS,UNIT_MULT
IT1:151_874(1.0),M,IT,UNEM_R,N,9,Y15-74,2022M12G1,2022-10-01,8.145921,p,,,,,,,,,,,
IT1:151_874(1.0),M,IT,UNEM_R,N,9,Y15-74,2023M10G2,2022-10-01,8.109231,,,,,,,,,,,,
IT1:151_874(1.0),M,IT,UNEM_R,N,9,Y15-74,2023M11G3,2022-10-01,8.109231,,,,,,,,,,,,
IT1:151_874(1.0),M,IT,UNEM_R,N,9,Y15-74,2023M11G30,2022-10-01,8.109231,,,,,,,,,,,,
IT1:151_874(1.0),M,IT,UNEM_R,N,9,Y15-74,2023M1G31,2022-10-01,8.145921,p,,,,,,,,,,,
IT1:151_874(1.0),M,IT,UNEM_R,N,9,Y15-74,2023M1G9,2022-10-01,8.145921,p,,,,,,,,,,,
IT1:151_874(1.0),M,IT,UNEM_R,N,9,Y15-74,2023M3G2,2022-10-01,8.109231,,,,,,,,,,,,
IT1:151_874(1.0),M,IT,UNEM_R,N,9,Y15-74,2023M3G30,2022-10-01,8.109231,,,,,,,,,,,,
IT1:151_874(1.0),M,IT,UNEM_R,N,9,Y15-74,2023M5G3,2022-10-01,8.109231,,,,,,,,,,,,
IT1:151_874(1.0),M,IT,UNEM_R,N,9,Y15-74,2023M6G1,2022-10-01,8.109231,,,,,,,,,,,,
IT1:151_874(1.0),M,IT,UNEM_R,N,9,Y15-74,2023M6G30,2022-10-01,8.109231,,,,,,,,,,,,
IT1:151_874(1.0),M,IT,UNEM_R,N,9,Y15-74,2023M8G1,2022-10-01,8.109231,,,,,,,,,,,,
IT1:151_874(1.0),M,IT,UNEM_R,N,9,Y15-74,2023M8G31,2022-10-01,8.109231,,,,,,,,,,,,
IT1:151_874(1.0),M,IT,UNEM_R,N,9,Y15-74,2024M10G2,2022-10-01,8.109231,,,,,,,,,,,,
IT1:151_874(1.0),M,IT,UNEM_R,N,9,Y15-74,2024M10G31,2022-10-01,8.109231,,,,,,,,,,,,
IT1:151_874(1.0),M,IT,UNEM_R,N,9,Y15-74,2024M12G2,2022-10-01,8.109231,,,,,,,,,,,,
IT1:151_874(1.0),M,IT,UNEM_R,N,9,Y15-74,2024M1G31,2022-10-01,8.109231,,,,,,,,,,,,
IT1:151_874(1.0),M,IT,UNEM_R,N,9,Y15-74,2024M1G9,2022-10-01,8.109231,,,,,,,,,,,,
IT1:151_874(1.0),M,IT,UNEM_R,N,9,Y15-74,2024M3G1,2022-10-01,8.109231,,,,,,,,,,,,
IT1:151_874(1.0),M,IT,UNEM_R,N,9,Y15-74,2024M4G3,2022-10-01,8.109231,,,,,,,,,,,,
IT1:151_874(1.0),M,IT,UNEM_R,N,9,Y15-74,2024M5G3,2022-10-01,8.109231,,,,,,,,,,,,
IT1:151_874(1.0),M,IT,UNEM_R,N,9,Y15-74,2024M5G30,2022-10-01,8.109231,,,,,,,,,,,,
IT1:151_874(1.0),M,IT,UNEM_R,N,9,Y15-74,2024M7G2,2022-10-01,8.109231,,,,,,,,,,,,
IT1:151_874(1.0),M,IT,UNEM_R,N,9,Y15-74,2024M8G1,2022-10-01,8.109231,,,,,,,,,,,,
IT1:151_874(1.0),M,IT,UNEM_R,N,9,Y15-74,2024M8G30,2022-10-01,8.109231,,,,,,,,,,,,
IT1:151_874(1.0),M,IT,UNEM_R,N,9,Y15-74,2025M10G2,2022-10-01,8.109231,,,,,,,,,,,,
IT1:151_874(1.0),M,IT,UNEM_R,N,9,Y15-74,2025M10G30,2022-10-01,8.109231,,,,,,,,,,,,
IT1:151_874(1.0),M,IT,UNEM_R,N,9,Y15-74,2025M12G2,2022-10-01,8.109231,,,,,,,,,,,,
IT1:151_874(1.0),M,IT,UNEM_R,N,9,Y15-74,2025M1G30,2022-10-01,8.109231,,,,,,,,,,,,
IT1:151_874(1.0),M,IT,UNEM_R,N,9,Y15-74,2025M1G7,2022-10-01,8.109231,,,,,,,,,,,,
IT1:151_874(1.0),M,IT,UNEM_R,N,9,Y15-74,2025M3G4,2022-10-01,8.109231,,,,,,,,,,,,
IT1:151_874(1.0),M,IT,UNEM_R,N,9,Y15-74,2025M4G1,2022-10-01,8.109231,,,,,,,,,,,,
IT1:151_874(1.0),M,IT,UNEM_R,N,9,Y15-74,2025M5G2,2022-10-01,8.109231,,,,,,,,,,,,
IT1:151_874(1.0),M,IT,UNEM_R,N,9,Y15-74,2025M6G3,2022-10-01,8.109231,,,,,,,,,,,,
IT1:151_874(1.0),M,IT,UNEM_R,N,9,Y15-74,2025M7G2,2022-10-01,8.109231,,,,,,,,,,,,
IT1:151_874(1.0),M,IT,UNEM_R,N,9,Y15-74,2025M7G31,2022-10-01,8.109231,,,,,,,,,,,,
IT1:151_874(1.0),M,IT,UNEM_R,N,9,Y15-74,2025M9G1,2022-10-01,8.109231,,,,,,,,,,,,
IT1:151_874(1.0),M,IT,UNEM_R,N,9,Y15-74,2026M1G30,2022-10-01,8.109231,,,,,,,,,,,,
IT1:151_874(1.0),M,IT,UNEM_R,N,9,Y15-74,2026M1G8,2022-10-01,8.109231,,,,,,,,,,,,
IT1:151_874(1.0),M,IT,UNEM_R,N,9,Y15-74,2026M3G4,2022-10-01,8.109231,,,,,,,,,,,,
IT1:151_874(1.0),M,IT,UNEM_R,N,9,Y15-74,2026M4G1,2022-10-01,8.109231,,,,,,,,,,,,
IT1:151_874(1.0),M,IT,UNEM_R,N,9,Y15-74,2026M4G30,2022-10-01,8.109231,,,,,,,,,,,,
IT1:151_874(1.0),M,IT,UNEM_R,N,9,Y15-74,2023M10G2,2022-11-01,7.802368,,,,,,,,,,,,
IT1:151_874(1.0),M,IT,UNEM_R,N,9,Y15-74,2023M11G3,2022-11-01,7.802368,,,,,,,,,,,,
IT1:151_874(1.0),M,IT,UNEM_R,N,9,Y15-74,2023M11G30,2022-11-01,7.802368,,,,,,,,,,,,
IT1:151_874(1.0),M,IT,UNEM_R,N,9,Y15-74,2023M1G31,2022-11-01,7.807639,p,,,,,,,,,,,
IT1:151_874(1.0),M,IT,UNEM_R,N,9,Y15-74,2023M1G9,2022-11-01,7.807639,p,,,,,,,,,,,
IT1:151_874(1.0),M,IT,UNEM_R,N,9,Y15-74,2023M3G2,2022-11-01,7.802368,,,,,,,,,,,,
IT1:151_874(1.0),M,IT,UNEM_R,N,9,Y15-74,2023M3G30,2022-11-01,7.802368,,,,,,,,,,,,
IT1:151_874(1.0),M,IT,UNEM_R,N,9,Y15-74,2023M5G3,2022-11-01,7.802368,,,,,,,,,,,,
IT1:151_874(1.0),M,IT,UNEM_R,N,9,Y15-74,2023M6G1,2022-11-01,7.802368,,,,,,,,,,,,
IT1:151_874(1.0),M,IT,UNEM_R,N,9,Y15-74,2023M6G30,2022-11-01,7.802368,,,,,,,,,,,,
IT1:151_874(1.0),M,IT,UNEM_R,N,9,Y15-74,2023M8G1,2022-11-01,7.802368,,,,,,,,,,,,
IT1:151_874(1.0),M,IT,UNEM_R,N,9,Y15-74,2023M8G31,2022-11-01,7.802368,,,,,,,,,,,,
IT1:151_874(1.0),M,IT,UNEM_R,N,9,Y15-74,2024M10G2,2022-11-01,7.802368,,,,,,,,,,,,
IT1:151_874(1.0),M,IT,UNEM_R,N,9,Y15-74,2024M10G31,2022-11-01,7.802368,,,,,,,,,,,,
IT1:151_874(1.0),M,IT,UNEM_R,N,9,Y15-74,2024M12G2,2022-11-01,7.802368,,,,,,,,,,,,
IT1:151_874(1.0),M,IT,UNEM_R,N,9,Y15-74,2024M1G31,2022-11-01,7.802368,,,,,,,,,,,,
IT1:151_874(1.0),M,IT,UNEM_R,N,9,Y15-74,2024M1G9,2022-11-01,7.802368,,,,,,,,,,,,
IT1:151_874(1.0),M,IT,UNEM_R,N,9,Y15-74,2024M3G1,2022-11-01,7.802368,,,,,,,,,,,,
IT1:151_874(1.0),M,IT,UNEM_R,N,9,Y15-74,2024M4G3,2022-11-01,7.802368,,,,,,,,,,,,
IT1:151_874(1.0),M,IT,UNEM_R,N,9,Y15-74,2024M5G3,2022-11-01,7.802368,,,,,,,,,,,,
IT1:151_874(1.0),M,IT,UNEM_R,N,9,Y15-74,2024M5G30,2022-11-01,7.802368,,,,,,,,,,,,
IT1:151_874(1.0),M,IT,UNEM_R,N,9,Y15-74,2024M7G2,2022-11-01,7.802368,,,,,,,,,,,,
IT1:151_874(1.0),M,IT,UNEM_R,N,9,Y15-74,2024M8G1,2022-11-01,7.802368,,,,,,,,,,,,
IT1:151_874(1.0),M,IT,UNEM_R,N,9,Y15-74,2024M8G30,2022-11-01,7.802368,,,,,,,,,,,,
IT1:151_874(1.0),M,IT,UNEM_R,N,9,Y15-74,2025M10G2,2022-11-01,7.802368,,,,,,,,,,,,
IT1:151_874(1.0),M,IT,UNEM_R,N,9,Y15-74,2025M10G30,2022-11-01,7.802368,,,,,,,,,,,,
IT1:151_874(1.0),M,IT,UNEM_R,N,9,Y15-74,2025M12G2,2022-11-01,7.802368,,,,,,,,,,,,
IT1:151_874(1.0),M,IT,UNEM_R,N,9,Y15-74,2025M1G30,2022-11-01,7.802368,,,,,,,,,,,,
IT1:151_874(1.0),M,IT,UNEM_R,N,9,Y15-74,2025M1G7,2022-11-01,7.802368,,,,,,,,,,,,
IT1:151_874(1.0),M,IT,UNEM_R,N,9,Y15-74,2025M3G4,2022-11-01,7.802368,,,,,,,,,,,,
IT1:151_874(1.0),M,IT,UNEM_R,N,9,Y15-74,2025M4G1,2022-11-01,7.802368,,,,,,,,,,,,
IT1:151_874(1.0),M,IT,UNEM_R,N,9,Y15-74,2025M5G2,2022-11-01,7.802368,,,,,,,,,,,,
IT1:151_874(1.0),M,IT,UNEM_R,N,9,Y15-74,2025M6G3,2022-11-01,7.802368,,,,,,,,,,,,
IT1:151_874(1.0),M,IT,UNEM_R,N,9,Y15-74,2025M7G2,2022-11-01,7.802368,,,,,,,,,,,,
IT1:151_874(1.0),M,IT,UNEM_R,N,9,Y15-74,2025M7G31,2022-11-01,7.802368,,,,,,,,,,,,
IT1:151_874(1.0),M,IT,UNEM_R,N,9,Y15-74,2025M9G1,2022-11-01,7.802368,,,,,,,,,,,,
IT1:151_874(1.0),M,IT,UNEM_R,N,9,Y15-74,2026M1G30,2022-11-01,7.802368,,,,,,,,,,,,
IT1:151_874(1.0),M,IT,UNEM_R,N,9,Y15-74,2026M1G8,2022-11-01,7.802368,,,,,,,,,,,,
IT1:151_874(1.0),M,IT,UNEM_R,N,9,Y15-74,2026M3G4,2022-11-01,7.802368,,,,,,,,,,,,
IT1:151_874(1.0),M,IT,UNEM_R,N,9,Y15-74,2026M4G1,2022-11-01,7.802368,,,,,,,,,,,,
IT1:151_874(1.0),M,IT,UNEM_R,N,9,Y15-74,2026M4G30,2022-11-01,7.802368,,,,,,,,,,,,
IT1:151_874(1.0),M,IT,UNEM_R,N,9,Y15-74,2023M10G2,2022-12-01,7.934666,,,,,,,,,,,,
IT1:151_874(1.0),M,IT,UNEM_R,N,9,Y15-74,2023M11G3,2022-12-01,7.934666,,,,,,,,,,,,
IT1:151_874(1.0),M,IT,UNEM_R,N,9,Y15-74,2023M11G30,2022-12-01,7.934666,,,,,,,,,,,,
IT1:151_874(1.0),M,IT,UNEM_R,N,9,Y15-74,2023M1G31,2022-12-01,7.986508,p,,,,,,,,,,,
IT1:151_874(1.0),M,IT,UNEM_R,N,9,Y15-74,2023M3G2,2022-12-01,7.934666,,,,,,,,,,,,
IT1:151_874(1.0),M,IT,UNEM_R,N,9,Y15-74,2023M3G30,2022-12-01,7.934666,,,,,,,,,,,,
IT1:151_874(1.0),M,IT,UNEM_R,N,9,Y15-74,2023M5G3,2022-12-01,7.934666,,,,,,,,,,,,
IT1:151_874(1.0),M,IT,UNEM_R,N,9,Y15-74,2023M6G1,2022-12-01,7.934666,,,,,,,,,,,,
IT1:151_874(1.0),M,IT,UNEM_R,N,9,Y15-74,2023M6G30,2022-12-01,7.934666,,,,,,,,,,,,
IT1:151_874(1.0),M,IT,UNEM_R,N,9,Y15-74,2023M8G1,2022-12-01,7.934666,,,,,,,,,,,,
IT1:151_874(1.0),M,IT,UNEM_R,N,9,Y15-74,2023M8G31,2022-12-01,7.934666,,,,,,,,,,,,
IT1:151_874(1.0),M,IT,UNEM_R,N,9,Y15-74,2024M10G2,2022-12-01,7.934666,,,,,,,,,,,,
IT1:151_874(1.0),M,IT,UNEM_R,N,9,Y15-74,2024M10G31,2022-12-01,7.934666,,,,,,,,,,,,
IT1:151_874(1.0),M,IT,UNEM_R,N,9,Y15-74,2024M12G2,2022-12-01,7.934666,,,,,,,,,,,,
IT1:151_874(1.0),M,IT,UNEM_R,N,9,Y15-74,2024M1G31,2022-12-01,7.934666,,,,,,,,,,,,
IT1:151_874(1.0),M,IT,UNEM_R,N,9,Y15-74,2024M1G9,2022-12-01,7.934666,,,,,,,,,,,,
IT1:151_874(1.0),M,IT,UNEM_R,N,9,Y15-74,2024M3G1,2022-12-01,7.934666,,,,,,,,,,,,
IT1:151_874(1.0),M,IT,UNEM_R,N,9,Y15-74,2024M4G3,2022-12-01,7.934666,,,,,,,,,,,,
IT1:151_874(1.0),M,IT,UNEM_R,N,9,Y15-74,2024M5G3,2022-12-01,7.934666,,,,,,,,,,,,
IT1:151_874(1.0),M,IT,UNEM_R,N,9,Y15-74,2024M5G30,2022-12-01,7.934666,,,,,,,,,,,,
IT1:151_874(1.0),M,IT,UNEM_R,N,9,Y15-74,2024M7G2,2022-12-01,7.934666,,,,,,,,,,,,
IT1:151_874(1.0),M,IT,UNEM_R,N,9,Y15-74,2024M8G1,2022-12-01,7.934666,,,,,,,,,,,,
IT1:151_874(1.0),M,IT,UNEM_R,N,9,Y15-74,2024M8G30,2022-12-01,7.934666,,,,,,,,,,,,
IT1:151_874(1.0),M,IT,UNEM_R,N,9,Y15-74,2025M10G2,2022-12-01,7.934666,,,,,,,,,,,,
IT1:151_874(1.0),M,IT,UNEM_R,N,9,Y15-74,2025M10G30,2022-12-01,7.934666,,,,,,,,,,,,
IT1:151_874(1.0),M,IT,UNEM_R,N,9,Y15-74,2025M12G2,2022-12-01,7.934666,,,,,,,,,,,,
IT1:151_874(1.0),M,IT,UNEM_R,N,9,Y15-74,2025M1G30,2022-12-01,7.934666,,,,,,,,,,,,
IT1:151_874(1.0),M,IT,UNEM_R,N,9,Y15-74,2025M1G7,2022-12-01,7.934666,,,,,,,,,,,,
IT1:151_874(1.0),M,IT,UNEM_R,N,9,Y15-74,2025M3G4,2022-12-01,7.934666,,,,,,,,,,,,
IT1:151_874(1.0),M,IT,UNEM_R,N,9,Y15-74,2025M4G1,2022-12-01,7.934666,,,,,,,,,,,,
IT1:151_874(1.0),M,IT,UNEM_R,N,9,Y15-74,2025M5G2,2022-12-01,7.934666,,,,,,,,,,,,
IT1:151_874(1.0),M,IT,UNEM_R,N,9,Y15-74,2025M6G3,2022-12-01,7.934666,,,,,,,,,,,,
IT1:151_874(1.0),M,IT,UNEM_R,N,9,Y15-74,2025M7G2,2022-12-01,7.934666,,,,,,,,,,,,
IT1:151_874(1.0),M,IT,UNEM_R,N,9,Y15-74,2025M7G31,2022-12-01,7.934666,,,,,,,,,,,,
IT1:151_874(1.0),M,IT,UNEM_R,N,9,Y15-74,2025M9G1,2022-12-01,7.934666,,,,,,,,,,,,
IT1:151_874(1.0),M,IT,UNEM_R,N,9,Y15-74,2026M1G30,2022-12-01,7.934666,,,,,,,,,,,,
IT1:151_874(1.0),M,IT,UNEM_R,N,9,Y15-74,2026M1G8,2022-12-01,7.934666,,,,,,,,,,,,
IT1:151_874(1.0),M,IT,UNEM_R,N,9,Y15-74,2026M3G4,2022-12-01,7.934666,,,,,,,,,,,,
IT1:151_874(1.0),M,IT,UNEM_R,N,9,Y15-74,2026M4G1,2022-12-01,7.934666,,,,,,,,,,,,
IT1:151_874(1.0),M,IT,UNEM_R,N,9,Y15-74,2026M4G30,2022-12-01,7.934666,,,,,,,,,,,,
IT1:151_874(1.0),M,IT,UNEM_R,N,9,Y15-74,2023M10G2,2023-01-01,8.414696,,,,,,,,,,,,
IT1:151_874(1.0),M,IT,UNEM_R,N,9,Y15-74,2023M11G3,2023-01-01,8.414696,,,,,,,,,,,,
IT1:151_874(1.0),M,IT,UNEM_R,N,9,Y15-74,2023M11G30,2023-01-01,8.414696,,,,,,,,,,,,
IT1:151_874(1.0),M,IT,UNEM_R,N,9,Y15-74,2023M3G2,2023-01-01,8.417031,p,,,,,,,,,,,
IT1:151_874(1.0),M,IT,UNEM_R,N,9,Y15-74,2023M3G30,2023-01-01,8.417031,p,,,,,,,,,,,
IT1:151_874(1.0),M,IT,UNEM_R,N,9,Y15-74,2023M5G3,2023-01-01,8.417031,p,,,,,,,,,,,
IT1:151_874(1.0),M,IT,UNEM_R,N,9,Y15-74,2023M6G1,2023-01-01,8.414696,,,,,,,,,,,,
IT1:151_874(1.0),M,IT,UNEM_R,N,9,Y15-74,2023M6G30,2023-01-01,8.414696,,,,,,,,,,,,
IT1:151_874(1.0),M,IT,UNEM_R,N,9,Y15-74,2023M8G1,2023-01-01,8.414696,,,,,,,,,,,,
IT1:151_874(1.0),M,IT,UNEM_R,N,9,Y15-74,2023M8G31,2023-01-01,8.414696,,,,,,,,,,,,
IT1:151_874(1.0),M,IT,UNEM_R,N,9,Y15-74,2024M10G2,2023-01-01,8.414696,,,,,,,,,,,,
IT1:151_874(1.0),M,IT,UNEM_R,N,9,Y15-74,2024M10G31,2023-01-01,8.414696,,,,,,,,,,,,
IT1:151_874(1.0),M,IT,UNEM_R,N,9,Y15-74,2024M12G2,2023-01-01,8.414696,,,,,,,,,,,,
IT1:151_874(1.0),M,IT,UNEM_R,N,9,Y15-74,2024M1G31,2023-01-01,8.414696,,,,,,,,,,,,
IT1:151_874(1.0),M,IT,UNEM_R,N,9,Y15-74,2024M1G9,2023-01-01,8.414696,,,,,,,,,,,,
IT1:151_874(1.0),M,IT,UNEM_R,N,9,Y15-74,2024M3G1,2023-01-01,8.414696,,,,,,,,,,,,
IT1:151_874(1.0),M,IT,UNEM_R,N,9,Y15-74,2024M4G3,2023-01-01,8.414696,,,,,,,,,,,,
IT1:151_874(1.0),M,IT,UNEM_R,N,9,Y15-74,2024M5G3,2023-01-01,8.414696,,,,,,,,,,,,
IT1:151_874(1.0),M,IT,UNEM_R,N,9,Y15-74,2024M5G30,2023-01-01,8.414696,,,,,,,,,,,,
IT1:151_874(1.0),M,IT,UNEM_R,N,9,Y15-74,2024M7G2,2023-01-01,8.414696,,,,,,,,,,,,
IT1:151_874(1.0),M,IT,UNEM_R,N,9,Y15-74,2024M8G1,2023-01-01,8.414696,,,,,,,,,,,,
IT1:151_874(1.0),M,IT,UNEM_R,N,9,Y15-74,2024M8G30,2023-01-01,8.414696,,,,,,,,,,,,
IT1:151_874(1.0),M,IT,UNEM_R,N,9,Y15-74,2025M10G2,2023-01-01,8.414696,,,,,,,,,,,,
IT1:151_874(1.0),M,IT,UNEM_R,N,9,Y15-74,2025M10G30,2023-01-01,8.414696,,,,,,,,,,,,
IT1:151_874(1.0),M,IT,UNEM_R,N,9,Y15-74,2025M12G2,2023-01-01,8.414696,,,,,,,,,,,,
IT1:151_874(1.0),M,IT,UNEM_R,N,9,Y15-74,2025M1G30,2023-01-01,8.414696,,,,,,,,,,,,
IT1:151_874(1.0),M,IT,UNEM_R,N,9,Y15-74,2025M1G7,2023-01-01,8.414696,,,,,,,,,,,,
IT1:151_874(1.0),M,IT,UNEM_R,N,9,Y15-74,2025M3G4,2023-01-01,8.414696,,,,,,,,,,,,
IT1:151_874(1.0),M,IT,UNEM_R,N,9,Y15-74,2025M4G1,2023-01-01,8.414696,,,,,,,,,,,,
IT1:151_874(1.0),M,IT,UNEM_R,N,9,Y15-74,2025M5G2,2023-01-01,8.414696,,,,,,,,,,,,
IT1:151_874(1.0),M,IT,UNEM_R,N,9,Y15-74,2025M6G3,2023-01-01,8.414696,,,,,,,,,,,,
IT1:151_874(1.0),M,IT,UNEM_R,N,9,Y15-74,2025M7G2,2023-01-01,8.414696,,,,,,,,,,,,
IT1:151_874(1.0),M,IT,UNEM_R,N,9,Y15-74,2025M7G31,2023-01-01,8.414696,,,,,,,,,,,,
IT1:151_874(1.0),M,IT,UNEM_R,N,9,Y15-74,2025M9G1,2023-01-01,8.414696,,,,,,,,,,,,
IT1:151_874(1.0),M,IT,UNEM_R,N,9,Y15-74,2026M1G30,2023-01-01,8.414696,,,,,,,,,,,,
IT1:151_874(1.0),M,IT,UNEM_R,N,9,Y15-74,2026M1G8,2023-01-01,8.414696,,,,,,,,,,,,
IT1:151_874(1.0),M,IT,UNEM_R,N,9,Y15-74,2026M3G4,2023-01-01,8.414696,,,,,,,,,,,,
IT1:151_874(1.0),M,IT,UNEM_R,N,9,Y15-74,2026M4G1,2023-01-01,8.414696,,,,,,,,,,,,
IT1:151_874(1.0),M,IT,UNEM_R,N,9,Y15-74,2026M4G30,2023-01-01,8.414696,,,,,,,,,,,,
IT1:151_874(1.0),M,IT,UNEM_R,N,9,Y15-74,2023M10G2,2023-02-01,8.308338,,,,,,,,,,,,
IT1:151_874(1.0),M,IT,UNEM_R,N,9,Y15-74,2023M11G3,2023-02-01,8.308338,,,,,,,,,,,,
IT1:151_874(1.0),M,IT,UNEM_R,N,9,Y15-74,2023M11G30,2023-02-01,8.308338,,,,,,,,,,,,
IT1:151_874(1.0),M,IT,UNEM_R,N,9,Y15-74,2023M3G30,2023-02-01,8.272467,p,,,,,,,,,,,
IT1:151_874(1.0),M,IT,UNEM_R,N,9,Y15-74,2023M5G3,2023-02-01,8.272467,p,,,,,,,,,,,
IT1:151_874(1.0),M,IT,UNEM_R,N,9,Y15-74,2023M6G1,2023-02-01,8.308338,,,,,,,,,,,,
IT1:151_874(1.0),M,IT,UNEM_R,N,9,Y15-74,2023M6G30,2023-02-01,8.308338,,,,,,,,,,,,
IT1:151_874(1.0),M,IT,UNEM_R,N,9,Y15-74,2023M8G1,2023-02-01,8.308338,,,,,,,,,,,,
IT1:151_874(1.0),M,IT,UNEM_R,N,9,Y15-74,2023M8G31,2023-02-01,8.308338,,,,,,,,,,,,
IT1:151_874(1.0),M,IT,UNEM_R,N,9,Y15-74,2024M10G2,2023-02-01,8.308338,,,,,,,,,,,,
IT1:151_874(1.0),M,IT,UNEM_R,N,9,Y15-74,2024M10G31,2023-02-01,8.308338,,,,,,,,,,,,
IT1:151_874(1.0),M,IT,UNEM_R,N,9,Y15-74,2024M12G2,2023-02-01,8.308338,,,,,,,,,,,,
IT1:151_874(1.0),M,IT,UNEM_R,N,9,Y15-74,2024M1G31,2023-02-01,8.308338,,,,,,,,,,,,
IT1:151_874(1.0),M,IT,UNEM_R,N,9,Y15-74,2024M1G9,2023-02-01,8.308338,,,,,,,,,,,,
IT1:151_874(1.0),M,IT,UNEM_R,N,9,Y15-74,2024M3G1,2023-02-01,8.308338,,,,,,,,,,,,
IT1:151_874(1.0),M,IT,UNEM_R,N,9,Y15-74,2024M4G3,2023-02-01,8.308338,,,,,,,,,,,,
IT1:151_874(1.0),M,IT,UNEM_R,N,9,Y15-74,2024M5G3,2023-02-01,8.308338,,,,,,,,,,,,
IT1:151_874(1.0),M,IT,UNEM_R,N,9,Y15-74,2024M5G30,2023-02-01,8.308338,,,,,,,,,,,,
IT1:151_874(1.0),M,IT,UNEM_R,N,9,Y15-74,2024M7G2,2023-02-01,8.308338,,,,,,,,,,,,
IT1:151_874(1.0),M,IT,UNEM_R,N,9,Y15-74,2024M8G1,2023-02-01,8.308338,,,,,,,,,,,,
IT1:151_874(1.0),M,IT,UNEM_R,N,9,Y15-74,2024M8G30,2023-02-01,8.308338,,,,,,,,,,,,
IT1:151_874(1.0),M,IT,UNEM_R,N,9,Y15-74,2025M10G2,2023-02-01,8.308338,,,,,,,,,,,,
IT1:151_874(1.0),M,IT,UNEM_R,N,9,Y15-74,2025M10G30,2023-02-01,8.308338,,,,,,,,,,,,
IT1:151_874(1.0),M,IT,UNEM_R,N,9,Y15-74,2025M12G2,2023-02-01,8.308338,,,,,,,,,,,,
IT1:151_874(1.0),M,IT,UNEM_R,N,9,Y15-74,2025M1G30,2023-02-01,8.308338,,,,,,,,,,,,
IT1:151_874(1.0),M,IT,UNEM_R,N,9,Y15-74,2025M1G7,2023-02-01,8.308338,,,,,,,,,,,,
IT1:151_874(1.0),M,IT,UNEM_R,N,9,Y15-74,2025M3G4,2023-02-01,8.308338,,,,,,,,,,,,
IT1:151_874(1.0),M,IT,UNEM_R,N,9,Y15-74,2025M4G1,2023-02-01,8.308338,,,,,,,,,,,,
IT1:151_874(1.0),M,IT,UNEM_R,N,9,Y15-74,2025M5G2,2023-02-01,8.308338,,,,,,,,,,,,
IT1:151_874(1.0),M,IT,UNEM_R,N,9,Y15-74,2025M6G3,2023-02-01,8.308338,,,,,,,,,,,,
IT1:151_874(1.0),M,IT,UNEM_R,N,9,Y15-74,2025M7G2,2023-02-01,8.308338,,,,,,,,,,,,
IT1:151_874(1.0),M,IT,UNEM_R,N,9,Y15-74,2025M7G31,2023-02-01,8.308338,,,,,,,,,,,,
IT1:151_874(1.0),M,IT,UNEM_R,N,9,Y15-74,2025M9G1,2023-02-01,8.308338,,,,,,,,,,,,
IT1:151_874(1.0),M,IT,UNEM_R,N,9,Y15-74,2026M1G30,2023-02-01,8.308338,,,,,,,,,,,,
IT1:151_874(1.0),M,IT,UNEM_R,N,9,Y15-74,2026M1G8,2023-02-01,8.308338,,,,,,,,,,,,
IT1:151_874(1.0),M,IT,UNEM_R,N,9,Y15-74,2026M3G4,2023-02-01,8.308338,,,,,,,,,,,,
IT1:151_874(1.0),M,IT,UNEM_R,N,9,Y15-74,2026M4G1,2023-02-01,8.308338,,,,,,,,,,,,
IT1:151_874(1.0),M,IT,UNEM_R,N,9,Y15-74,2026M4G30,2023-02-01,8.308338,,,,,,,,,,,,
IT1:151_874(1.0),M,IT,UNEM_R,N,9,Y15-74,2023M10G2,2023-03-01,8.202073,,,,,,,,,,,,
IT1:151_874(1.0),M,IT,UNEM_R,N,9,Y15-74,2023M11G3,2023-03-01,8.202073,,,,,,,,,,,,
IT1:151_874(1.0),M,IT,UNEM_R,N,9,Y15-74,2023M11G30,2023-03-01,8.202073,,,,,,,,,,,,
IT1:151_874(1.0),M,IT,UNEM_R,N,9,Y15-74,2023M5G3,2023-03-01,8.051793,p,,,,,,,,,,,
IT1:151_874(1.0),M,IT,UNEM_R,N,9,Y15-74,2023M6G1,2023-03-01,8.202073,,,,,,,,,,,,
IT1:151_874(1.0),M,IT,UNEM_R,N,9,Y15-74,2023M6G30,2023-03-01,8.202073,,,,,,,,,,,,
IT1:151_874(1.0),M,IT,UNEM_R,N,9,Y15-74,2023M8G1,2023-03-01,8.202073,,,,,,,,,,,,
IT1:151_874(1.0),M,IT,UNEM_R,N,9,Y15-74,2023M8G31,2023-03-01,8.202073,,,,,,,,,,,,
IT1:151_874(1.0),M,IT,UNEM_R,N,9,Y15-74,2024M10G2,2023-03-01,8.202073,,,,,,,,,,,,
IT1:151_874(1.0),M,IT,UNEM_R,N,9,Y15-74,2024M10G31,2023-03-01,8.202073,,,,,,,,,,,,
IT1:151_874(1.0),M,IT,UNEM_R,N,9,Y15-74,2024M12G2,2023-03-01,8.202073,,,,,,,,,,,,
IT1:151_874(1.0),M,IT,UNEM_R,N,9,Y15-74,2024M1G31,2023-03-01,8.202073,,,,,,,,,,,,
IT1:151_874(1.0),M,IT,UNEM_R,N,9,Y15-74,2024M1G9,2023-03-01,8.202073,,,,,,,,,,,,
IT1:151_874(1.0),M,IT,UNEM_R,N,9,Y15-74,2024M3G1,2023-03-01,8.202073,,,,,,,,,,,,
IT1:151_874(1.0),M,IT,UNEM_R,N,9,Y15-74,2024M4G3,2023-03-01,8.202073,,,,,,,,,,,,
IT1:151_874(1.0),M,IT,UNEM_R,N,9,Y15-74,2024M5G3,2023-03-01,8.202073,,,,,,,,,,,,
IT1:151_874(1.0),M,IT,UNEM_R,N,9,Y15-74,2024M5G30,2023-03-01,8.202073,,,,,,,,,,,,
IT1:151_874(1.0),M,IT,UNEM_R,N,9,Y15-74,2024M7G2,2023-03-01,8.202073,,,,,,,,,,,,
IT1:151_874(1.0),M,IT,UNEM_R,N,9,Y15-74,2024M8G1,2023-03-01,8.202073,,,,,,,,,,,,
IT1:151_874(1.0),M,IT,UNEM_R,N,9,Y15-74,2024M8G30,2023-03-01,8.202073,,,,,,,,,,,,
IT1:151_874(1.0),M,IT,UNEM_R,N,9,Y15-74,2025M10G2,2023-03-01,8.202073,,,,,,,,,,,,
IT1:151_874(1.0),M,IT,UNEM_R,N,9,Y15-74,2025M10G30,2023-03-01,8.202073,,,,,,,,,,,,
IT1:151_874(1.0),M,IT,UNEM_R,N,9,Y15-74,2025M12G2,2023-03-01,8.202073,,,,,,,,,,,,
IT1:151_874(1.0),M,IT,UNEM_R,N,9,Y15-74,2025M1G30,2023-03-01,8.202073,,,,,,,,,,,,
IT1:151_874(1.0),M,IT,UNEM_R,N,9,Y15-74,2025M1G7,2023-03-01,8.202073,,,,,,,,,,,,
IT1:151_874(1.0),M,IT,UNEM_R,N,9,Y15-74,2025M3G4,2023-03-01,8.202073,,,,,,,,,,,,
IT1:151_874(1.0),M,IT,UNEM_R,N,9,Y15-74,2025M4G1,2023-03-01,8.202073,,,,,,,,,,,,
IT1:151_874(1.0),M,IT,UNEM_R,N,9,Y15-74,2025M5G2,2023-03-01,8.202073,,,,,,,,,,,,
IT1:151_874(1.0),M,IT,UNEM_R,N,9,Y15-74,2025M6G3,2023-03-01,8.202073,,,,,,,,,,,,
IT1:151_874(1.0),M,IT,UNEM_R,N,9,Y15-74,2025M7G2,2023-03-01,8.202073,,,,,,,,,,,,
IT1:151_874(1.0),M,IT,UNEM_R,N,9,Y15-74,2025M7G31,2023-03-01,8.202073,,,,,,,,,,,,
IT1:151_874(1.0),M,IT,UNEM_R,N,9,Y15-74,2025M9G1,2023-03-01,8.202073,,,,,,,,,,,,
IT1:151_874(1.0),M,IT,UNEM_R,N,9,Y15-74,2026M1G30,2023-03-01,8.202073,,,,,,,,,,,,
IT1:151_874(1.0),M,IT,UNEM_R,N,9,Y15-74,2026M1G8,2023-03-01,8.202073,,,,,,,,,,,,
IT1:151_874(1.0),M,IT,UNEM_R,N,9,Y15-74,2026M3G4,2023-03-01,8.202073,,,,,,,,,,,,
IT1:151_874(1.0),M,IT,UNEM_R,N,9,Y15-74,2026M4G1,2023-03-01,8.202073,,,,,,,,,,,,
IT1:151_874(1.0),M,IT,UNEM_R,N,9,Y15-74,2026M4G30,2023-03-01,8.202073,,,,,,,,,,,,
IT1:151_874(1.0),M,IT,UNEM_R,N,9,Y15-74,2023M10G2,2023-04-01,7.974771,,,,,,,,,,,,
IT1:151_874(1.0),M,IT,UNEM_R,N,9,Y15-74,2023M11G3,2023-04-01,7.974771,,,,,,,,,,,,
IT1:151_874(1.0),M,IT,UNEM_R,N,9,Y15-74,2023M11G30,2023-04-01,7.974771,,,,,,,,,,,,
IT1:151_874(1.0),M,IT,UNEM_R,N,9,Y15-74,2023M6G1,2023-04-01,7.909534,p,,,,,,,,,,,
IT1:151_874(1.0),M,IT,UNEM_R,N,9,Y15-74,2023M6G30,2023-04-01,7.909534,p,,,,,,,,,,,
IT1:151_874(1.0),M,IT,UNEM_R,N,9,Y15-74,2023M8G1,2023-04-01,7.909534,p,,,,,,,,,,,
IT1:151_874(1.0),M,IT,UNEM_R,N,9,Y15-74,2023M8G31,2023-04-01,7.974771,,,,,,,,,,,,
IT1:151_874(1.0),M,IT,UNEM_R,N,9,Y15-74,2024M10G2,2023-04-01,7.974771,,,,,,,,,,,,
IT1:151_874(1.0),M,IT,UNEM_R,N,9,Y15-74,2024M10G31,2023-04-01,7.974771,,,,,,,,,,,,
IT1:151_874(1.0),M,IT,UNEM_R,N,9,Y15-74,2024M12G2,2023-04-01,7.974771,,,,,,,,,,,,
IT1:151_874(1.0),M,IT,UNEM_R,N,9,Y15-74,2024M1G31,2023-04-01,7.974771,,,,,,,,,,,,
IT1:151_874(1.0),M,IT,UNEM_R,N,9,Y15-74,2024M1G9,2023-04-01,7.974771,,,,,,,,,,,,
IT1:151_874(1.0),M,IT,UNEM_R,N,9,Y15-74,2024M3G1,2023-04-01,7.974771,,,,,,,,,,,,
IT1:151_874(1.0),M,IT,UNEM_R,N,9,Y15-74,2024M4G3,2023-04-01,7.974771,,,,,,,,,,,,
IT1:151_874(1.0),M,IT,UNEM_R,N,9,Y15-74,2024M5G3,2023-04-01,7.974771,,,,,,,,,,,,
IT1:151_874(1.0),M,IT,UNEM_R,N,9,Y15-74,2024M5G30,2023-04-01,7.974771,,,,,,,,,,,,
IT1:151_874(1.0),M,IT,UNEM_R,N,9,Y15-74,2024M7G2,2023-04-01,7.974771,,,,,,,,,,,,
IT1:151_874(1.0),M,IT,UNEM_R,N,9,Y15-74,2024M8G1,2023-04-01,7.974771,,,,,,,,,,,,
IT1:151_874(1.0),M,IT,UNEM_R,N,9,Y15-74,2024M8G30,2023-04-01,7.974771,,,,,,,,,,,,
IT1:151_874(1.0),M,IT,UNEM_R,N,9,Y15-74,2025M10G2,2023-04-01,7.974771,,,,,,,,,,,,
IT1:151_874(1.0),M,IT,UNEM_R,N,9,Y15-74,2025M10G30,2023-04-01,7.974771,,,,,,,,,,,,
IT1:151_874(1.0),M,IT,UNEM_R,N,9,Y15-74,2025M12G2,2023-04-01,7.974771,,,,,,,,,,,,
IT1:151_874(1.0),M,IT,UNEM_R,N,9,Y15-74,2025M1G30,2023-04-01,7.974771,,,,,,,,,,,,
IT1:151_874(1.0),M,IT,UNEM_R,N,9,Y15-74,2025M1G7,2023-04-01,7.974771,,,,,,,,,,,,
IT1:151_874(1.0),M,IT,UNEM_R,N,9,Y15-74,2025M3G4,2023-04-01,7.974771,,,,,,,,,,,,
IT1:151_874(1.0),M,IT,UNEM_R,N,9,Y15-74,2025M4G1,2023-04-01,7.974771,,,,,,,,,,,,
IT1:151_874(1.0),M,IT,UNEM_R,N,9,Y15-74,2025M5G2,2023-04-01,7.974771,,,,,,,,,,,,
IT1:151_874(1.0),M,IT,UNEM_R,N,9,Y15-74,2025M6G3,2023-04-01,7.974771,,,,,,,,,,,,
IT1:151_874(1.0),M,IT,UNEM_R,N,9,Y15-74,2025M7G2,2023-04-01,7.974771,,,,,,,,,,,,
IT1:151_874(1.0),M,IT,UNEM_R,N,9,Y15-74,2025M7G31,2023-04-01,7.974771,,,,,,,,,,,,
IT1:151_874(1.0),M,IT,UNEM_R,N,9,Y15-74,2025M9G1,2023-04-01,7.974771,,,,,,,,,,,,
IT1:151_874(1.0),M,IT,UNEM_R,N,9,Y15-74,2026M1G30,2023-04-01,7.974771,,,,,,,,,,,,
IT1:151_874(1.0),M,IT,UNEM_R,N,9,Y15-74,2026M1G8,2023-04-01,7.974771,,,,,,,,,,,,
IT1:151_874(1.0),M,IT,UNEM_R,N,9,Y15-74,2026M3G4,2023-04-01,7.974771,,,,,,,,,,,,
IT1:151_874(1.0),M,IT,UNEM_R,N,9,Y15-74,2026M4G1,2023-04-01,7.974771,,,,,,,,,,,,
IT1:151_874(1.0),M,IT,UNEM_R,N,9,Y15-74,2026M4G30,2023-04-01,7.974771,,,,,,,,,,,,
IT1:151_874(1.0),M,IT,UNEM_R,N,9,Y15-74,2023M10G2,2023-05-01,7.529182,,,,,,,,,,,,
IT1:151_874(1.0),M,IT,UNEM_R,N,9,Y15-74,2023M11G3,2023-05-01,7.529182,,,,,,,,,,,,
IT1:151_874(1.0),M,IT,UNEM_R,N,9,Y15-74,2023M11G30,2023-05-01,7.529182,,,,,,,,,,,,
IT1:151_874(1.0),M,IT,UNEM_R,N,9,Y15-74,2023M6G30,2023-05-01,7.387997,p,,,,,,,,,,,
IT1:151_874(1.0),M,IT,UNEM_R,N,9,Y15-74,2023M8G1,2023-05-01,7.387997,p,,,,,,,,,,,
IT1:151_874(1.0),M,IT,UNEM_R,N,9,Y15-74,2023M8G31,2023-05-01,7.529182,,,,,,,,,,,,
IT1:151_874(1.0),M,IT,UNEM_R,N,9,Y15-74,2024M10G2,2023-05-01,7.529182,,,,,,,,,,,,
IT1:151_874(1.0),M,IT,UNEM_R,N,9,Y15-74,2024M10G31,2023-05-01,7.529182,,,,,,,,,,,,
IT1:151_874(1.0),M,IT,UNEM_R,N,9,Y15-74,2024M12G2,2023-05-01,7.529182,,,,,,,,,,,,
IT1:151_874(1.0),M,IT,UNEM_R,N,9,Y15-74,2024M1G31,2023-05-01,7.529182,,,,,,,,,,,,
IT1:151_874(1.0),M,IT,UNEM_R,N,9,Y15-74,2024M1G9,2023-05-01,7.529182,,,,,,,,,,,,
IT1:151_874(1.0),M,IT,UNEM_R,N,9,Y15-74,2024M3G1,2023-05-01,7.529182,,,,,,,,,,,,
IT1:151_874(1.0),M,IT,UNEM_R,N,9,Y15-74,2024M4G3,2023-05-01,7.529182,,,,,,,,,,,,
IT1:151_874(1.0),M,IT,UNEM_R,N,9,Y15-74,2024M5G3,2023-05-01,7.529182,,,,,,,,,,,,
IT1:151_874(1.0),M,IT,UNEM_R,N,9,Y15-74,2024M5G30,2023-05-01,7.529182,,,,,,,,,,,,
IT1:151_874(1.0),M,IT,UNEM_R,N,9,Y15-74,2024M7G2,2023-05-01,7.529182,,,,,,,,,,,,
IT1:151_874(1.0),M,IT,UNEM_R,N,9,Y15-74,2024M8G1,2023-05-01,7.529182,,,,,,,,,,,,
IT1:151_874(1.0),M,IT,UNEM_R,N,9,Y15-74,2024M8G30,2023-05-01,7.529182,,,,,,,,,,,,
IT1:151_874(1.0),M,IT,UNEM_R,N,9,Y15-74,2025M10G2,2023-05-01,7.529182,,,,,,,,,,,,
IT1:151_874(1.0),M,IT,UNEM_R,N,9,Y15-74,2025M10G30,2023-05-01,7.529182,,,,,,,,,,,,
IT1:151_874(1.0),M,IT,UNEM_R,N,9,Y15-74,2025M12G2,2023-05-01,7.529182,,,,,,,,,,,,
IT1:151_874(1.0),M,IT,UNEM_R,N,9,Y15-74,2025M1G30,2023-05-01,7.529182,,,,,,,,,,,,
IT1:151_874(1.0),M,IT,UNEM_R,N,9,Y15-74,2025M1G7,2023-05-01,7.529182,,,,,,,,,,,,
IT1:151_874(1.0),M,IT,UNEM_R,N,9,Y15-74,2025M3G4,2023-05-01,7.529182,,,,,,,,,,,,
IT1:151_874(1.0),M,IT,UNEM_R,N,9,Y15-74,2025M4G1,2023-05-01,7.529182,,,,,,,,,,,,
IT1:151_874(1.0),M,IT,UNEM_R,N,9,Y15-74,2025M5G2,2023-05-01,7.529182,,,,,,,,,,,,
IT1:151_874(1.0),M,IT,UNEM_R,N,9,Y15-74,2025M6G3,2023-05-01,7.529182,,,,,,,,,,,,
IT1:151_874(1.0),M,IT,UNEM_R,N,9,Y15-74,2025M7G2,2023-05-01,7.529182,,,,,,,,,,,,
IT1:151_874(1.0),M,IT,UNEM_R,N,9,Y15-74,2025M7G31,2023-05-01,7.529182,,,,,,,,,,,,
IT1:151_874(1.0),M,IT,UNEM_R,N,9,Y15-74,2025M9G1,2023-05-01,7.529182,,,,,,,,,,,,
IT1:151_874(1.0),M,IT,UNEM_R,N,9,Y15-74,2026M1G30,2023-05-01,7.529182,,,,,,,,,,,,
IT1:151_874(1.0),M,IT,UNEM_R,N,9,Y15-74,2026M1G8,2023-05-01,7.529182,,,,,,,,,,,,
IT1:151_874(1.0),M,IT,UNEM_R,N,9,Y15-74,2026M3G4,2023-05-01,7.529182,,,,,,,,,,,,
IT1:151_874(1.0),M,IT,UNEM_R,N,9,Y15-74,2026M4G1,2023-05-01,7.529182,,,,,,,,,,,,
IT1:151_874(1.0),M,IT,UNEM_R,N,9,Y15-74,2026M4G30,2023-05-01,7.529182,,,,,,,,,,,,
IT1:151_874(1.0),M,IT,UNEM_R,N,9,Y15-74,2023M10G2,2023-06-01,7.044282,,,,,,,,,,,,
IT1:151_874(1.0),M,IT,UNEM_R,N,9,Y15-74,2023M11G3,2023-06-01,7.044282,,,,,,,,,,,,
IT1:151_874(1.0),M,IT,UNEM_R,N,9,Y15-74,2023M11G30,2023-06-01,7.044282,,,,,,,,,,,,
IT1:151_874(1.0),M,IT,UNEM_R,N,9,Y15-74,2023M8G1,2023-06-01,7.017527,p,,,,,,,,,,,
IT1:151_874(1.0),M,IT,UNEM_R,N,9,Y15-74,2023M8G31,2023-06-01,7.044282,,,,,,,,,,,,
IT1:151_874(1.0),M,IT,UNEM_R,N,9,Y15-74,2024M10G2,2023-06-01,7.044282,,,,,,,,,,,,
IT1:151_874(1.0),M,IT,UNEM_R,N,9,Y15-74,2024M10G31,2023-06-01,7.044282,,,,,,,,,,,,
IT1:151_874(1.0),M,IT,UNEM_R,N,9,Y15-74,2024M12G2,2023-06-01,7.044282,,,,,,,,,,,,
IT1:151_874(1.0),M,IT,UNEM_R,N,9,Y15-74,2024M1G31,2023-06-01,7.044282,,,,,,,,,,,,
IT1:151_874(1.0),M,IT,UNEM_R,N,9,Y15-74,2024M1G9,2023-06-01,7.044282,,,,,,,,,,,,
IT1:151_874(1.0),M,IT,UNEM_R,N,9,Y15-74,2024M3G1,2023-06-01,7.044282,,,,,,,,,,,,
IT1:151_874(1.0),M,IT,UNEM_R,N,9,Y15-74,2024M4G3,2023-06-01,7.044282,,,,,,,,,,,,
IT1:151_874(1.0),M,IT,UNEM_R,N,9,Y15-74,2024M5G3,2023-06-01,7.044282,,,,,,,,,,,,
IT1:151_874(1.0),M,IT,UNEM_R,N,9,Y15-74,2024M5G30,2023-06-01,7.044282,,,,,,,,,,,,
IT1:151_874(1.0),M,IT,UNEM_R,N,9,Y15-74,2024M7G2,2023-06-01,7.044282,,,,,,,,,,,,
IT1:151_874(1.0),M,IT,UNEM_R,N,9,Y15-74,2024M8G1,2023-06-01,7.044282,,,,,,,,,,,,
IT1:151_874(1.0),M,IT,UNEM_R,N,9,Y15-74,2024M8G30,2023-06-01,7.044282,,,,,,,,,,,,
IT1:151_874(1.0),M,IT,UNEM_R,N,9,Y15-74,2025M10G2,2023-06-01,7.044282,,,,,,,,,,,,
IT1:151_874(1.0),M,IT,UNEM_R,N,9,Y15-74,2025M10G30,2023-06-01,7.044282,,,,,,,,,,,,
IT1:151_874(1.0),M,IT,UNEM_R,N,9,Y15-74,2025M12G2,2023-06-01,7.044282,,,,,,,,,,,,
IT1:151_874(1.0),M,IT,UNEM_R,N,9,Y15-74,2025M1G30,2023-06-01,7.044282,,,,,,,,,,,,
IT1:151_874(1.0),M,IT,UNEM_R,N,9,Y15-74,2025M1G7,2023-06-01,7.044282,,,,,,,,,,,,
IT1:151_874(1.0),M,IT,UNEM_R,N,9,Y15-74,2025M3G4,2023-06-01,7.044282,,,,,,,,,,,,
IT1:151_874(1.0),M,IT,UNEM_R,N,9,Y15-74,2025M4G1,2023-06-01,7.044282,,,,,,,,,,,,
IT1:151_874(1.0),M,IT,UNEM_R,N,9,Y15-74,2025M5G2,2023-06-01,7.044282,,,,,,,,,,,,
IT1:151_874(1.0),M,IT,UNEM_R,N,9,Y15-74,2025M6G3,2023-06-01,7.044282,,,,,,,,,,,,
IT1:151_874(1.0),M,IT,UNEM_R,N,9,Y15-74,2025M7G2,2023-06-01,7.044282,,,,,,,,,,,,
IT1:151_874(1.0),M,IT,UNEM_R,N,9,Y15-74,2025M7G31,2023-06-01,7.044282,,,,,,,,,,,,
IT1:151_874(1.0),M,IT,UNEM_R,N,9,Y15-74,2025M9G1,2023-06-01,7.044282,,,,,,,,,,,,
IT1:151_874(1.0),M,IT,UNEM_R,N,9,Y15-74,2026M1G30,2023-06-01,7.044282,,,,,,,,,,,,
IT1:151_874(1.0),M,IT,UNEM_R,N,9,Y15-74,2026M1G8,2023-06-01,7.044282,,,,,,,,,,,,
IT1:151_874(1.0),M,IT,UNEM_R,N,9,Y15-74,2026M3G4,2023-06-01,7.044282,,,,,,,,,,,,
IT1:151_874(1.0),M,IT,UNEM_R,N,9,Y15-74,2026M4G1,2023-06-01,7.044282,,,,,,,,,,,,
IT1:151_874(1.0),M,IT,UNEM_R,N,9,Y15-74,2026M4G30,2023-06-01,7.044282,,,,,,,,,,,,
IT1:151_874(1.0),M,IT,UNEM_R,N,9,Y15-74,2023M10G2,2023-07-01,7.189036,p,,,,,,,,,,,
IT1:151_874(1.0),M,IT,UNEM_R,N,9,Y15-74,2023M11G3,2023-07-01,7.189036,p,,,,,,,,,,,
IT1:151_874(1.0),M,IT,UNEM_R,N,9,Y15-74,2023M11G30,2023-07-01,7.499157,,,,,,,,,,,,
IT1:151_874(1.0),M,IT,UNEM_R,N,9,Y15-74,2023M8G31,2023-07-01,7.189036,p,,,,,,,,,,,
IT1:151_874(1.0),M,IT,UNEM_R,N,9,Y15-74,2024M10G2,2023-07-01,7.499157,,,,,,,,,,,,
IT1:151_874(1.0),M,IT,UNEM_R,N,9,Y15-74,2024M10G31,2023-07-01,7.499157,,,,,,,,,,,,
IT1:151_874(1.0),M,IT,UNEM_R,N,9,Y15-74,2024M12G2,2023-07-01,7.499157,,,,,,,,,,,,
IT1:151_874(1.0),M,IT,UNEM_R,N,9,Y15-74,2024M1G31,2023-07-01,7.499157,,,,,,,,,,,,
IT1:151_874(1.0),M,IT,UNEM_R,N,9,Y15-74,2024M1G9,2023-07-01,7.499157,,,,,,,,,,,,
IT1:151_874(1.0),M,IT,UNEM_R,N,9,Y15-74,2024M3G1,2023-07-01,7.499157,,,,,,,,,,,,
IT1:151_874(1.0),M,IT,UNEM_R,N,9,Y15-74,2024M4G3,2023-07-01,7.499157,,,,,,,,,,,,
IT1:151_874(1.0),M,IT,UNEM_R,N,9,Y15-74,2024M5G3,2023-07-01,7.499157,,,,,,,,,,,,
IT1:151_874(1.0),M,IT,UNEM_R,N,9,Y15-74,2024M5G30,2023-07-01,7.499157,,,,,,,,,,,,
IT1:151_874(1.0),M,IT,UNEM_R,N,9,Y15-74,2024M7G2,2023-07-01,7.499157,,,,,,,,,,,,
IT1:151_874(1.0),M,IT,UNEM_R,N,9,Y15-74,2024M8G1,2023-07-01,7.499157,,,,,,,,,,,,
IT1:151_874(1.0),M,IT,UNEM_R,N,9,Y15-74,2024M8G30,2023-07-01,7.499157,,,,,,,,,,,,
IT1:151_874(1.0),M,IT,UNEM_R,N,9,Y15-74,2025M10G2,2023-07-01,7.499157,,,,,,,,,,,,
IT1:151_874(1.0),M,IT,UNEM_R,N,9,Y15-74,2025M10G30,2023-07-01,7.499157,,,,,,,,,,,,
IT1:151_874(1.0),M,IT,UNEM_R,N,9,Y15-74,2025M12G2,2023-07-01,7.499157,,,,,,,,,,,,
IT1:151_874(1.0),M,IT,UNEM_R,N,9,Y15-74,2025M1G30,2023-07-01,7.499157,,,,,,,,,,,,
IT1:151_874(1.0),M,IT,UNEM_R,N,9,Y15-74,2025M1G7,2023-07-01,7.499157,,,,,,,,,,,,
IT1:151_874(1.0),M,IT,UNEM_R,N,9,Y15-74,2025M3G4,2023-07-01,7.499157,,,,,,,,,,,,
IT1:151_874(1.0),M,IT,UNEM_R,N,9,Y15-74,2025M4G1,2023-07-01,7.499157,,,,,,,,,,,,
IT1:151_874(1.0),M,IT,UNEM_R,N,9,Y15-74,2025M5G2,2023-07-01,7.499157,,,,,,,,,,,,
IT1:151_874(1.0),M,IT,UNEM_R,N,9,Y15-74,2025M6G3,2023-07-01,7.499157,,,,,,,,,,,,
IT1:151_874(1.0),M,IT,UNEM_R,N,9,Y15-74,2025M7G2,2023-07-01,7.499157,,,,,,,,,,,,
IT1:151_874(1.0),M,IT,UNEM_R,N,9,Y15-74,2025M7G31,2023-07-01,7.499157,,,,,,,,,,,,
IT1:151_874(1.0),M,IT,UNEM_R,N,9,Y15-74,2025M9G1,2023-07-01,7.499157,,,,,,,,,,,,
IT1:151_874(1.0),M,IT,UNEM_R,N,9,Y15-74,2026M1G30,2023-07-01,7.499157,,,,,,,,,,,,
IT1:151_874(1.0),M,IT,UNEM_R,N,9,Y15-74,2026M1G8,2023-07-01,7.499157,,,,,,,,,,,,
IT1:151_874(1.0),M,IT,UNEM_R,N,9,Y15-74,2026M3G4,2023-07-01,7.499157,,,,,,,,,,,,
IT1:151_874(1.0),M,IT,UNEM_R,N,9,Y15-74,2026M4G1,2023-07-01,7.499157,,,,,,,,,,,,
IT1:151_874(1.0),M,IT,UNEM_R,N,9,Y15-74,2026M4G30,2023-07-01,7.499157,,,,,,,,,,,,
IT1:151_874(1.0),M,IT,UNEM_R,N,9,Y15-74,2023M10G2,2023-08-01,6.793517,p,,,,,,,,,,,
IT1:151_874(1.0),M,IT,UNEM_R,N,9,Y15-74,2023M11G3,2023-08-01,6.793517,p,,,,,,,,,,,
IT1:151_874(1.0),M,IT,UNEM_R,N,9,Y15-74,2023M11G30,2023-08-01,6.918281,,,,,,,,,,,,
IT1:151_874(1.0),M,IT,UNEM_R,N,9,Y15-74,2024M10G2,2023-08-01,6.918281,,,,,,,,,,,,
IT1:151_874(1.0),M,IT,UNEM_R,N,9,Y15-74,2024M10G31,2023-08-01,6.918281,,,,,,,,,,,,
IT1:151_874(1.0),M,IT,UNEM_R,N,9,Y15-74,2024M12G2,2023-08-01,6.918281,,,,,,,,,,,,
IT1:151_874(1.0),M,IT,UNEM_R,N,9,Y15-74,2024M1G31,2023-08-01,6.918281,,,,,,,,,,,,
IT1:151_874(1.0),M,IT,UNEM_R,N,9,Y15-74,2024M1G9,2023-08-01,6.918281,,,,,,,,,,,,
IT1:151_874(1.0),M,IT,UNEM_R,N,9,Y15-74,2024M3G1,2023-08-01,6.918281,,,,,,,,,,,,
IT1:151_874(1.0),M,IT,UNEM_R,N,9,Y15-74,2024M4G3,2023-08-01,6.918281,,,,,,,,,,,,
IT1:151_874(1.0),M,IT,UNEM_R,N,9,Y15-74,2024M5G3,2023-08-01,6.918281,,,,,,,,,,,,
IT1:151_874(1.0),M,IT,UNEM_R,N,9,Y15-74,2024M5G30,2023-08-01,6.918281,,,,,,,,,,,,
IT1:151_874(1.0),M,IT,UNEM_R,N,9,Y15-74,2024M7G2,2023-08-01,6.918281,,,,,,,,,,,,
IT1:151_874(1.0),M,IT,UNEM_R,N,9,Y15-74,2024M8G1,2023-08-01,6.918281,,,,,,,,,,,,
IT1:151_874(1.0),M,IT,UNEM_R,N,9,Y15-74,2024M8G30,2023-08-01,6.918281,,,,,,,,,,,,
IT1:151_874(1.0),M,IT,UNEM_R,N,9,Y15-74,2025M10G2,2023-08-01,6.918281,,,,,,,,,,,,
IT1:151_874(1.0),M,IT,UNEM_R,N,9,Y15-74,2025M10G30,2023-08-01,6.918281,,,,,,,,,,,,
IT1:151_874(1.0),M,IT,UNEM_R,N,9,Y15-74,2025M12G2,2023-08-01,6.918281,,,,,,,,,,,,
IT1:151_874(1.0),M,IT,UNEM_R,N,9,Y15-74,2025M1G30,2023-08-01,6.918281,,,,,,,,,,,,
IT1:151_874(1.0),M,IT,UNEM_R,N,9,Y15-74,2025M1G7,2023-08-01,6.918281,,,,,,,,,,,,
IT1:151_874(1.0),M,IT,UNEM_R,N,9,Y15-74,2025M3G4,2023-08-01,6.918281,,,,,,,,,,,,
IT1:151_874(1.0),M,IT,UNEM_R,N,9,Y15-74,2025M4G1,2023-08-01,6.918281,,,,,,,,,,,,
IT1:151_874(1.0),M,IT,UNEM_R,N,9,Y15-74,2025M5G2,2023-08-01,6.918281,,,,,,,,,,,,
IT1:151_874(1.0),M,IT,UNEM_R,N,9,Y15-74,2025M6G3,2023-08-01,6.918281,,,,,,,,,,,,
IT1:151_874(1.0),M,IT,UNEM_R,N,9,Y15-74,2025M7G2,2023-08-01,6.918281,,,,,,,,,,,,
IT1:151_874(1.0),M,IT,UNEM_R,N,9,Y15-74,2025M7G31,2023-08-01,6.918281,,,,,,,,,,,,
IT1:151_874(1.0),M,IT,UNEM_R,N,9,Y15-74,2025M9G1,2023-08-01,6.918281,,,,,,,,,,,,
IT1:151_874(1.0),M,IT,UNEM_R,N,9,Y15-74,2026M1G30,2023-08-01,6.918281,,,,,,,,,,,,
IT1:151_874(1.0),M,IT,UNEM_R,N,9,Y15-74,2026M1G8,2023-08-01,6.918281,,,,,,,,,,,,
IT1:151_874(1.0),M,IT,UNEM_R,N,9,Y15-74,2026M3G4,2023-08-01,6.918281,,,,,,,,,,,,
IT1:151_874(1.0),M,IT,UNEM_R,N,9,Y15-74,2026M4G1,2023-08-01,6.918281,,,,,,,,,,,,
IT1:151_874(1.0),M,IT,UNEM_R,N,9,Y15-74,2026M4G30,2023-08-01,6.918281,,,,,,,,,,,,
IT1:151_874(1.0),M,IT,UNEM_R,N,9,Y15-74,2023M11G3,2023-09-01,7.403026,p,,,,,,,,,,,
IT1:151_874(1.0),M,IT,UNEM_R,N,9,Y15-74,2023M11G30,2023-09-01,7.497332,,,,,,,,,,,,
IT1:151_874(1.0),M,IT,UNEM_R,N,9,Y15-74,2024M10G2,2023-09-01,7.497332,,,,,,,,,,,,
IT1:151_874(1.0),M,IT,UNEM_R,N,9,Y15-74,2024M10G31,2023-09-01,7.497332,,,,,,,,,,,,
IT1:151_874(1.0),M,IT,UNEM_R,N,9,Y15-74,2024M12G2,2023-09-01,7.497332,,,,,,,,,,,,
IT1:151_874(1.0),M,IT,UNEM_R,N,9,Y15-74,2024M1G31,2023-09-01,7.497332,,,,,,,,,,,,
IT1:151_874(1.0),M,IT,UNEM_R,N,9,Y15-74,2024M1G9,2023-09-01,7.497332,,,,,,,,,,,,
IT1:151_874(1.0),M,IT,UNEM_R,N,9,Y15-74,2024M3G1,2023-09-01,7.497332,,,,,,,,,,,,
IT1:151_874(1.0),M,IT,UNEM_R,N,9,Y15-74,2024M4G3,2023-09-01,7.497332,,,,,,,,,,,,
IT1:151_874(1.0),M,IT,UNEM_R,N,9,Y15-74,2024M5G3,2023-09-01,7.497332,,,,,,,,,,,,
IT1:151_874(1.0),M,IT,UNEM_R,N,9,Y15-74,2024M5G30,2023-09-01,7.497332,,,,,,,,,,,,
IT1:151_874(1.0),M,IT,UNEM_R,N,9,Y15-74,2024M7G2,2023-09-01,7.497332,,,,,,,,,,,,
IT1:151_874(1.0),M,IT,UNEM_R,N,9,Y15-74,2024M8G1,2023-09-01,7.497332,,,,,,,,,,,,
IT1:151_874(1.0),M,IT,UNEM_R,N,9,Y15-74,2024M8G30,2023-09-01,7.497332,,,,,,,,,,,,
IT1:151_874(1.0),M,IT,UNEM_R,N,9,Y15-74,2025M10G2,2023-09-01,7.497332,,,,,,,,,,,,
IT1:151_874(1.0),M,IT,UNEM_R,N,9,Y15-74,2025M10G30,2023-09-01,7.497332,,,,,,,,,,,,
IT1:151_874(1.0),M,IT,UNEM_R,N,9,Y15-74,2025M12G2,2023-09-01,7.497332,,,,,,,,,,,,
IT1:151_874(1.0),M,IT,UNEM_R,N,9,Y15-74,2025M1G30,2023-09-01,7.497332,,,,,,,,,,,,
IT1:151_874(1.0),M,IT,UNEM_R,N,9,Y15-74,2025M1G7,2023-09-01,7.497332,,,,,,,,,,,,
IT1:151_874(1.0),M,IT,UNEM_R,N,9,Y15-74,2025M3G4,2023-09-01,7.497332,,,,,,,,,,,,
IT1:151_874(1.0),M,IT,UNEM_R,N,9,Y15-74,2025M4G1,2023-09-01,7.497332,,,,,,,,,,,,
IT1:151_874(1.0),M,IT,UNEM_R,N,9,Y15-74,2025M5G2,2023-09-01,7.497332,,,,,,,,,,,,
IT1:151_874(1.0),M,IT,UNEM_R,N,9,Y15-74,2025M6G3,2023-09-01,7.497332,,,,,,,,,,,,
IT1:151_874(1.0),M,IT,UNEM_R,N,9,Y15-74,2025M7G2,2023-09-01,7.497332,,,,,,,,,,,,
IT1:151_874(1.0),M,IT,UNEM_R,N,9,Y15-74,2025M7G31,2023-09-01,7.497332,,,,,,,,,,,,
IT1:151_874(1.0),M,IT,UNEM_R,N,9,Y15-74,2025M9G1,2023-09-01,7.497332,,,,,,,,,,,,
IT1:151_874(1.0),M,IT,UNEM_R,N,9,Y15-74,2026M1G30,2023-09-01,7.497332,,,,,,,,,,,,
IT1:151_874(1.0),M,IT,UNEM_R,N,9,Y15-74,2026M1G8,2023-09-01,7.497332,,,,,,,,,,,,
IT1:151_874(1.0),M,IT,UNEM_R,N,9,Y15-74,2026M3G4,2023-09-01,7.497332,,,,,,,,,,,,
IT1:151_874(1.0),M,IT,UNEM_R,N,9,Y15-74,2026M4G1,2023-09-01,7.497332,,,,,,,,,,,,
IT1:151_874(1.0),M,IT,UNEM_R,N,9,Y15-74,2026M4G30,2023-09-01,7.497332,,,,,,,,,,,,
IT1:151_874(1.0),M,IT,UNEM_R,N,9,Y15-74,2023M11G30,2023-10-01,8.049035,p,,,,,,,,,,,
IT1:151_874(1.0),M,IT,UNEM_R,N,9,Y15-74,2024M10G2,2023-10-01,8.073202,,,,,,,,,,,,
IT1:151_874(1.0),M,IT,UNEM_R,N,9,Y15-74,2024M10G31,2023-10-01,8.073202,,,,,,,,,,,,
IT1:151_874(1.0),M,IT,UNEM_R,N,9,Y15-74,2024M12G2,2023-10-01,8.073202,,,,,,,,,,,,
IT1:151_874(1.0),M,IT,UNEM_R,N,9,Y15-74,2024M1G31,2023-10-01,8.049035,p,,,,,,,,,,,
IT1:151_874(1.0),M,IT,UNEM_R,N,9,Y15-74,2024M1G9,2023-10-01,8.049035,p,,,,,,,,,,,
IT1:151_874(1.0),M,IT,UNEM_R,N,9,Y15-74,2024M3G1,2023-10-01,8.073202,,,,,,,,,,,,
IT1:151_874(1.0),M,IT,UNEM_R,N,9,Y15-74,2024M4G3,2023-10-01,8.073202,,,,,,,,,,,,
IT1:151_874(1.0),M,IT,UNEM_R,N,9,Y15-74,2024M5G3,2023-10-01,8.073202,,,,,,,,,,,,
IT1:151_874(1.0),M,IT,UNEM_R,N,9,Y15-74,2024M5G30,2023-10-01,8.073202,,,,,,,,,,,,
IT1:151_874(1.0),M,IT,UNEM_R,N,9,Y15-74,2024M7G2,2023-10-01,8.073202,,,,,,,,,,,,
IT1:151_874(1.0),M,IT,UNEM_R,N,9,Y15-74,2024M8G1,2023-10-01,8.073202,,,,,,,,,,,,
IT1:151_874(1.0),M,IT,UNEM_R,N,9,Y15-74,2024M8G30,2023-10-01,8.073202,,,,,,,,,,,,
IT1:151_874(1.0),M,IT,UNEM_R,N,9,Y15-74,2025M10G2,2023-10-01,8.073202,,,,,,,,,,,,
IT1:151_874(1.0),M,IT,UNEM_R,N,9,Y15-74,2025M10G30,2023-10-01,8.073202,,,,,,,,,,,,
IT1:151_874(1.0),M,IT,UNEM_R,N,9,Y15-74,2025M12G2,2023-10-01,8.073202,,,,,,,,,,,,
IT1:151_874(1.0),M,IT,UNEM_R,N,9,Y15-74,2025M1G30,2023-10-01,8.073202,,,,,,,,,,,,
IT1:151_874(1.0),M,IT,UNEM_R,N,9,Y15-74,2025M1G7,2023-10-01,8.073202,,,,,,,,,,,,
IT1:151_874(1.0),M,IT,UNEM_R,N,9,Y15-74,2025M3G4,2023-10-01,8.073202,,,,,,,,,,,,
IT1:151_874(1.0),M,IT,UNEM_R,N,9,Y15-74,2025M4G1,2023-10-01,8.073202,,,,,,,,,,,,
IT1:151_874(1.0),M,IT,UNEM_R,N,9,Y15-74,2025M5G2,2023-10-01,8.073202,,,,,,,,,,,,
IT1:151_874(1.0),M,IT,UNEM_R,N,9,Y15-74,2025M6G3,2023-10-01,8.073202,,,,,,,,,,,,
IT1:151_874(1.0),M,IT,UNEM_R,N,9,Y15-74,2025M7G2,2023-10-01,8.073202,,,,,,,,,,,,
IT1:151_874(1.0),M,IT,UNEM_R,N,9,Y15-74,2025M7G31,2023-10-01,8.073202,,,,,,,,,,,,
IT1:151_874(1.0),M,IT,UNEM_R,N,9,Y15-74,2025M9G1,2023-10-01,8.073202,,,,,,,,,,,,
IT1:151_874(1.0),M,IT,UNEM_R,N,9,Y15-74,2026M1G30,2023-10-01,8.073202,,,,,,,,,,,,
IT1:151_874(1.0),M,IT,UNEM_R,N,9,Y15-74,2026M1G8,2023-10-01,8.073202,,,,,,,,,,,,
IT1:151_874(1.0),M,IT,UNEM_R,N,9,Y15-74,2026M3G4,2023-10-01,8.073202,,,,,,,,,,,,
IT1:151_874(1.0),M,IT,UNEM_R,N,9,Y15-74,2026M4G1,2023-10-01,8.073202,,,,,,,,,,,,
IT1:151_874(1.0),M,IT,UNEM_R,N,9,Y15-74,2026M4G30,2023-10-01,8.073202,,,,,,,,,,,,
IT1:151_874(1.0),M,IT,UNEM_R,N,9,Y15-74,2024M10G2,2023-11-01,7.552463,,,,,,,,,,,,
IT1:151_874(1.0),M,IT,UNEM_R,N,9,Y15-74,2024M10G31,2023-11-01,7.552463,,,,,,,,,,,,
IT1:151_874(1.0),M,IT,UNEM_R,N,9,Y15-74,2024M12G2,2023-11-01,7.552463,,,,,,,,,,,,
IT1:151_874(1.0),M,IT,UNEM_R,N,9,Y15-74,2024M1G31,2023-11-01,7.307883,p,,,,,,,,,,,
IT1:151_874(1.0),M,IT,UNEM_R,N,9,Y15-74,2024M1G9,2023-11-01,7.307883,p,,,,,,,,,,,
IT1:151_874(1.0),M,IT,UNEM_R,N,9,Y15-74,2024M3G1,2023-11-01,7.552463,,,,,,,,,,,,
IT1:151_874(1.0),M,IT,UNEM_R,N,9,Y15-74,2024M4G3,2023-11-01,7.552463,,,,,,,,,,,,
IT1:151_874(1.0),M,IT,UNEM_R,N,9,Y15-74,2024M5G3,2023-11-01,7.552463,,,,,,,,,,,,
IT1:151_874(1.0),M,IT,UNEM_R,N,9,Y15-74,2024M5G30,2023-11-01,7.552463,,,,,,,,,,,,
IT1:151_874(1.0),M,IT,UNEM_R,N,9,Y15-74,2024M7G2,2023-11-01,7.552463,,,,,,,,,,,,
IT1:151_874(1.0),M,IT,UNEM_R,N,9,Y15-74,2024M8G1,2023-11-01,7.552463,,,,,,,,,,,,
IT1:151_874(1.0),M,IT,UNEM_R,N,9,Y15-74,2024M8G30,2023-11-01,7.552463,,,,,,,,,,,,
IT1:151_874(1.0),M,IT,UNEM_R,N,9,Y15-74,2025M10G2,2023-11-01,7.552463,,,,,,,,,,,,
IT1:151_874(1.0),M,IT,UNEM_R,N,9,Y15-74,2025M10G30,2023-11-01,7.552463,,,,,,,,,,,,
IT1:151_874(1.0),M,IT,UNEM_R,N,9,Y15-74,2025M12G2,2023-11-01,7.552463,,,,,,,,,,,,
IT1:151_874(1.0),M,IT,UNEM_R,N,9,Y15-74,2025M1G30,2023-11-01,7.552463,,,,,,,,,,,,
IT1:151_874(1.0),M,IT,UNEM_R,N,9,Y15-74,2025M1G7,2023-11-01,7.552463,,,,,,,,,,,,
IT1:151_874(1.0),M,IT,UNEM_R,N,9,Y15-74,2025M3G4,2023-11-01,7.552463,,,,,,,,,,,,
IT1:151_874(1.0),M,IT,UNEM_R,N,9,Y15-74,2025M4G1,2023-11-01,7.552463,,,,,,,,,,,,
IT1:151_874(1.0),M,IT,UNEM_R,N,9,Y15-74,2025M5G2,2023-11-01,7.552463,,,,,,,,,,,,
IT1:151_874(1.0),M,IT,UNEM_R,N,9,Y15-74,2025M6G3,2023-11-01,7.552463,,,,,,,,,,,,
IT1:151_874(1.0),M,IT,UNEM_R,N,9,Y15-74,2025M7G2,2023-11-01,7.552463,,,,,,,,,,,,
IT1:151_874(1.0),M,IT,UNEM_R,N,9,Y15-74,2025M7G31,2023-11-01,7.552463,,,,,,,,,,,,
IT1:151_874(1.0),M,IT,UNEM_R,N,9,Y15-74,2025M9G1,2023-11-01,7.552463,,,,,,,,,,,,
IT1:151_874(1.0),M,IT,UNEM_R,N,9,Y15-74,2026M1G30,2023-11-01,7.552463,,,,,,,,,,,,
IT1:151_874(1.0),M,IT,UNEM_R,N,9,Y15-74,2026M1G8,2023-11-01,7.552463,,,,,,,,,,,,
IT1:151_874(1.0),M,IT,UNEM_R,N,9,Y15-74,2026M3G4,2023-11-01,7.552463,,,,,,,,,,,,
IT1:151_874(1.0),M,IT,UNEM_R,N,9,Y15-74,2026M4G1,2023-11-01,7.552463,,,,,,,,,,,,
IT1:151_874(1.0),M,IT,UNEM_R,N,9,Y15-74,2026M4G30,2023-11-01,7.552463,,,,,,,,,,,,
IT1:151_874(1.0),M,IT,UNEM_R,N,9,Y15-74,2024M10G2,2023-12-01,7.01441,,,,,,,,,,,,
IT1:151_874(1.0),M,IT,UNEM_R,N,9,Y15-74,2024M10G31,2023-12-01,7.01441,,,,,,,,,,,,
IT1:151_874(1.0),M,IT,UNEM_R,N,9,Y15-74,2024M12G2,2023-12-01,7.01441,,,,,,,,,,,,
IT1:151_874(1.0),M,IT,UNEM_R,N,9,Y15-74,2024M1G31,2023-12-01,6.858549,p,,,,,,,,,,,
IT1:151_874(1.0),M,IT,UNEM_R,N,9,Y15-74,2024M3G1,2023-12-01,7.01441,,,,,,,,,,,,
IT1:151_874(1.0),M,IT,UNEM_R,N,9,Y15-74,2024M4G3,2023-12-01,7.01441,,,,,,,,,,,,
IT1:151_874(1.0),M,IT,UNEM_R,N,9,Y15-74,2024M5G3,2023-12-01,7.01441,,,,,,,,,,,,
IT1:151_874(1.0),M,IT,UNEM_R,N,9,Y15-74,2024M5G30,2023-12-01,7.01441,,,,,,,,,,,,
IT1:151_874(1.0),M,IT,UNEM_R,N,9,Y15-74,2024M7G2,2023-12-01,7.01441,,,,,,,,,,,,
IT1:151_874(1.0),M,IT,UNEM_R,N,9,Y15-74,2024M8G1,2023-12-01,7.01441,,,,,,,,,,,,
IT1:151_874(1.0),M,IT,UNEM_R,N,9,Y15-74,2024M8G30,2023-12-01,7.01441,,,,,,,,,,,,
IT1:151_874(1.0),M,IT,UNEM_R,N,9,Y15-74,2025M10G2,2023-12-01,7.01441,,,,,,,,,,,,
IT1:151_874(1.0),M,IT,UNEM_R,N,9,Y15-74,2025M10G30,2023-12-01,7.01441,,,,,,,,,,,,
IT1:151_874(1.0),M,IT,UNEM_R,N,9,Y15-74,2025M12G2,2023-12-01,7.01441,,,,,,,,,,,,
IT1:151_874(1.0),M,IT,UNEM_R,N,9,Y15-74,2025M1G30,2023-12-01,7.01441,,,,,,,,,,,,
IT1:151_874(1.0),M,IT,UNEM_R,N,9,Y15-74,2025M1G7,2023-12-01,7.01441,,,,,,,,,,,,
IT1:151_874(1.0),M,IT,UNEM_R,N,9,Y15-74,2025M3G4,2023-12-01,7.01441,,,,,,,,,,,,
IT1:151_874(1.0),M,IT,UNEM_R,N,9,Y15-74,2025M4G1,2023-12-01,7.01441,,,,,,,,,,,,
IT1:151_874(1.0),M,IT,UNEM_R,N,9,Y15-74,2025M5G2,2023-12-01,7.01441,,,,,,,,,,,,
IT1:151_874(1.0),M,IT,UNEM_R,N,9,Y15-74,2025M6G3,2023-12-01,7.01441,,,,,,,,,,,,
IT1:151_874(1.0),M,IT,UNEM_R,N,9,Y15-74,2025M7G2,2023-12-01,7.01441,,,,,,,,,,,,
IT1:151_874(1.0),M,IT,UNEM_R,N,9,Y15-74,2025M7G31,2023-12-01,7.01441,,,,,,,,,,,,
IT1:151_874(1.0),M,IT,UNEM_R,N,9,Y15-74,2025M9G1,2023-12-01,7.01441,,,,,,,,,,,,
IT1:151_874(1.0),M,IT,UNEM_R,N,9,Y15-74,2026M1G30,2023-12-01,7.01441,,,,,,,,,,,,
IT1:151_874(1.0),M,IT,UNEM_R,N,9,Y15-74,2026M1G8,2023-12-01,7.01441,,,,,,,,,,,,
IT1:151_874(1.0),M,IT,UNEM_R,N,9,Y15-74,2026M3G4,2023-12-01,7.01441,,,,,,,,,,,,
IT1:151_874(1.0),M,IT,UNEM_R,N,9,Y15-74,2026M4G1,2023-12-01,7.01441,,,,,,,,,,,,
IT1:151_874(1.0),M,IT,UNEM_R,N,9,Y15-74,2026M4G30,2023-12-01,7.01441,,,,,,,,,,,,
IT1:151_874(1.0),M,IT,UNEM_R,N,9,Y15-74,2024M10G2,2024-01-01,7.633705,,,,,,,,,,,,
IT1:151_874(1.0),M,IT,UNEM_R,N,9,Y15-74,2024M10G31,2024-01-01,7.633705,,,,,,,,,,,,
IT1:151_874(1.0),M,IT,UNEM_R,N,9,Y15-74,2024M12G2,2024-01-01,7.633705,,,,,,,,,,,,
IT1:151_874(1.0),M,IT,UNEM_R,N,9,Y15-74,2024M3G1,2024-01-01,7.648613,p,,,,,,,,,,,
IT1:151_874(1.0),M,IT,UNEM_R,N,9,Y15-74,2024M4G3,2024-01-01,7.648613,p,,,,,,,,,,,
IT1:151_874(1.0),M,IT,UNEM_R,N,9,Y15-74,2024M5G3,2024-01-01,7.648613,p,,,,,,,,,,,
IT1:151_874(1.0),M,IT,UNEM_R,N,9,Y15-74,2024M5G30,2024-01-01,7.633705,,,,,,,,,,,,
IT1:151_874(1.0),M,IT,UNEM_R,N,9,Y15-74,2024M7G2,2024-01-01,7.633705,,,,,,,,,,,,
IT1:151_874(1.0),M,IT,UNEM_R,N,9,Y15-74,2024M8G1,2024-01-01,7.633705,,,,,,,,,,,,
IT1:151_874(1.0),M,IT,UNEM_R,N,9,Y15-74,2024M8G30,2024-01-01,7.633705,,,,,,,,,,,,
IT1:151_874(1.0),M,IT,UNEM_R,N,9,Y15-74,2025M10G2,2024-01-01,7.633705,,,,,,,,,,,,
IT1:151_874(1.0),M,IT,UNEM_R,N,9,Y15-74,2025M10G30,2024-01-01,7.633705,,,,,,,,,,,,
IT1:151_874(1.0),M,IT,UNEM_R,N,9,Y15-74,2025M12G2,2024-01-01,7.633705,,,,,,,,,,,,
IT1:151_874(1.0),M,IT,UNEM_R,N,9,Y15-74,2025M1G30,2024-01-01,7.633705,,,,,,,,,,,,
IT1:151_874(1.0),M,IT,UNEM_R,N,9,Y15-74,2025M1G7,2024-01-01,7.633705,,,,,,,,,,,,
IT1:151_874(1.0),M,IT,UNEM_R,N,9,Y15-74,2025M3G4,2024-01-01,7.633705,,,,,,,,,,,,
IT1:151_874(1.0),M,IT,UNEM_R,N,9,Y15-74,2025M4G1,2024-01-01,7.633705,,,,,,,,,,,,
IT1:151_874(1.0),M,IT,UNEM_R,N,9,Y15-74,2025M5G2,2024-01-01,7.633705,,,,,,,,,,,,
IT1:151_874(1.0),M,IT,UNEM_R,N,9,Y15-74,2025M6G3,2024-01-01,7.633705,,,,,,,,,,,,
IT1:151_874(1.0),M,IT,UNEM_R,N,9,Y15-74,2025M7G2,2024-01-01,7.633705,,,,,,,,,,,,
IT1:151_874(1.0),M,IT,UNEM_R,N,9,Y15-74,2025M7G31,2024-01-01,7.633705,,,,,,,,,,,,
IT1:151_874(1.0),M,IT,UNEM_R,N,9,Y15-74,2025M9G1,2024-01-01,7.633705,,,,,,,,,,,,
IT1:151_874(1.0),M,IT,UNEM_R,N,9,Y15-74,2026M1G30,2024-01-01,7.633705,,,,,,,,,,,,
IT1:151_874(1.0),M,IT,UNEM_R,N,9,Y15-74,2026M1G8,2024-01-01,7.633705,,,,,,,,,,,,
IT1:151_874(1.0),M,IT,UNEM_R,N,9,Y15-74,2026M3G4,2024-01-01,7.633705,,,,,,,,,,,,
IT1:151_874(1.0),M,IT,UNEM_R,N,9,Y15-74,2026M4G1,2024-01-01,7.633705,,,,,,,,,,,,
IT1:151_874(1.0),M,IT,UNEM_R,N,9,Y15-74,2026M4G30,2024-01-01,7.633705,,,,,,,,,,,,
IT1:151_874(1.0),M,IT,UNEM_R,N,9,Y15-74,2024M10G2,2024-02-01,8.060343,,,,,,,,,,,,
IT1:151_874(1.0),M,IT,UNEM_R,N,9,Y15-74,2024M10G31,2024-02-01,8.060343,,,,,,,,,,,,
IT1:151_874(1.0),M,IT,UNEM_R,N,9,Y15-74,2024M12G2,2024-02-01,8.060343,,,,,,,,,,,,
IT1:151_874(1.0),M,IT,UNEM_R,N,9,Y15-74,2024M4G3,2024-02-01,7.99186,p,,,,,,,,,,,
IT1:151_874(1.0),M,IT,UNEM_R,N,9,Y15-74,2024M5G3,2024-02-01,7.99186,p,,,,,,,,,,,
IT1:151_874(1.0),M,IT,UNEM_R,N,9,Y15-74,2024M5G30,2024-02-01,8.060343,,,,,,,,,,,,
IT1:151_874(1.0),M,IT,UNEM_R,N,9,Y15-74,2024M7G2,2024-02-01,8.060343,,,,,,,,,,,,
IT1:151_874(1.0),M,IT,UNEM_R,N,9,Y15-74,2024M8G1,2024-02-01,8.060343,,,,,,,,,,,,
IT1:151_874(1.0),M,IT,UNEM_R,N,9,Y15-74,2024M8G30,2024-02-01,8.060343,,,,,,,,,,,,
IT1:151_874(1.0),M,IT,UNEM_R,N,9,Y15-74,2025M10G2,2024-02-01,8.060343,,,,,,,,,,,,
IT1:151_874(1.0),M,IT,UNEM_R,N,9,Y15-74,2025M10G30,2024-02-01,8.060343,,,,,,,,,,,,
IT1:151_874(1.0),M,IT,UNEM_R,N,9,Y15-74,2025M12G2,2024-02-01,8.060343,,,,,,,,,,,,
IT1:151_874(1.0),M,IT,UNEM_R,N,9,Y15-74,2025M1G30,2024-02-01,8.060343,,,,,,,,,,,,
IT1:151_874(1.0),M,IT,UNEM_R,N,9,Y15-74,2025M1G7,2024-02-01,8.060343,,,,,,,,,,,,
IT1:151_874(1.0),M,IT,UNEM_R,N,9,Y15-74,2025M3G4,2024-02-01,8.060343,,,,,,,,,,,,
IT1:151_874(1.0),M,IT,UNEM_R,N,9,Y15-74,2025M4G1,2024-02-01,8.060343,,,,,,,,,,,,
IT1:151_874(1.0),M,IT,UNEM_R,N,9,Y15-74,2025M5G2,2024-02-01,8.060343,,,,,,,,,,,,
IT1:151_874(1.0),M,IT,UNEM_R,N,9,Y15-74,2025M6G3,2024-02-01,8.060343,,,,,,,,,,,,
IT1:151_874(1.0),M,IT,UNEM_R,N,9,Y15-74,2025M7G2,2024-02-01,8.060343,,,,,,,,,,,,
IT1:151_874(1.0),M,IT,UNEM_R,N,9,Y15-74,2025M7G31,2024-02-01,8.060343,,,,,,,,,,,,
IT1:151_874(1.0),M,IT,UNEM_R,N,9,Y15-74,2025M9G1,2024-02-01,8.060343,,,,,,,,,,,,
IT1:151_874(1.0),M,IT,UNEM_R,N,9,Y15-74,2026M1G30,2024-02-01,8.060343,,,,,,,,,,,,
IT1:151_874(1.0),M,IT,UNEM_R,N,9,Y15-74,2026M1G8,2024-02-01,8.060343,,,,,,,,,,,,
IT1:151_874(1.0),M,IT,UNEM_R,N,9,Y15-74,2026M3G4,2024-02-01,8.060343,,,,,,,,,,,,
IT1:151_874(1.0),M,IT,UNEM_R,N,9,Y15-74,2026M4G1,2024-02-01,8.060343,,,,,,,,,,,,
IT1:151_874(1.0),M,IT,UNEM_R,N,9,Y15-74,2026M4G30,2024-02-01,8.060343,,,,,,,,,,,,
IT1:151_874(1.0),M,IT,UNEM_R,N,9,Y15-74,2024M10G2,2024-03-01,7.408325,,,,,,,,,,,,
IT1:151_874(1.0),M,IT,UNEM_R,N,9,Y15-74,2024M10G31,2024-03-01,7.408325,,,,,,,,,,,,
IT1:151_874(1.0),M,IT,UNEM_R,N,9,Y15-74,2024M12G2,2024-03-01,7.408325,,,,,,,,,,,,
IT1:151_874(1.0),M,IT,UNEM_R,N,9,Y15-74,2024M5G3,2024-03-01,7.401537,p,,,,,,,,,,,
IT1:151_874(1.0),M,IT,UNEM_R,N,9,Y15-74,2024M5G30,2024-03-01,7.408325,,,,,,,,,,,,
IT1:151_874(1.0),M,IT,UNEM_R,N,9,Y15-74,2024M7G2,2024-03-01,7.408325,,,,,,,,,,,,
IT1:151_874(1.0),M,IT,UNEM_R,N,9,Y15-74,2024M8G1,2024-03-01,7.408325,,,,,,,,,,,,
IT1:151_874(1.0),M,IT,UNEM_R,N,9,Y15-74,2024M8G30,2024-03-01,7.408325,,,,,,,,,,,,
IT1:151_874(1.0),M,IT,UNEM_R,N,9,Y15-74,2025M10G2,2024-03-01,7.408325,,,,,,,,,,,,
IT1:151_874(1.0),M,IT,UNEM_R,N,9,Y15-74,2025M10G30,2024-03-01,7.408325,,,,,,,,,,,,
IT1:151_874(1.0),M,IT,UNEM_R,N,9,Y15-74,2025M12G2,2024-03-01,7.408325,,,,,,,,,,,,
IT1:151_874(1.0),M,IT,UNEM_R,N,9,Y15-74,2025M1G30,2024-03-01,7.408325,,,,,,,,,,,,
IT1:151_874(1.0),M,IT,UNEM_R,N,9,Y15-74,2025M1G7,2024-03-01,7.408325,,,,,,,,,,,,
IT1:151_874(1.0),M,IT,UNEM_R,N,9,Y15-74,2025M3G4,2024-03-01,7.408325,,,,,,,,,,,,
IT1:151_874(1.0),M,IT,UNEM_R,N,9,Y15-74,2025M4G1,2024-03-01,7.408325,,,,,,,,,,,,
IT1:151_874(1.0),M,IT,UNEM_R,N,9,Y15-74,2025M5G2,2024-03-01,7.408325,p,,,,,,,,,,,
IT1:151_874(1.0),M,IT,UNEM_R,N,9,Y15-74,2025M6G3,2024-03-01,7.408325,,,,,,,,,,,,
IT1:151_874(1.0),M,IT,UNEM_R,N,9,Y15-74,2025M7G2,2024-03-01,7.408325,,,,,,,,,,,,
IT1:151_874(1.0),M,IT,UNEM_R,N,9,Y15-74,2025M7G31,2024-03-01,7.408325,,,,,,,,,,,,
IT1:151_874(1.0),M,IT,UNEM_R,N,9,Y15-74,2025M9G1,2024-03-01,7.408325,,,,,,,,,,,,
IT1:151_874(1.0),M,IT,UNEM_R,N,9,Y15-74,2026M1G30,2024-03-01,7.408325,,,,,,,,,,,,
IT1:151_874(1.0),M,IT,UNEM_R,N,9,Y15-74,2026M1G8,2024-03-01,7.408325,,,,,,,,,,,,
IT1:151_874(1.0),M,IT,UNEM_R,N,9,Y15-74,2026M3G4,2024-03-01,7.408325,,,,,,,,,,,,
IT1:151_874(1.0),M,IT,UNEM_R,N,9,Y15-74,2026M4G1,2024-03-01,7.408325,,,,,,,,,,,,
IT1:151_874(1.0),M,IT,UNEM_R,N,9,Y15-74,2026M4G30,2024-03-01,7.408325,,,,,,,,,,,,
IT1:151_874(1.0),M,IT,UNEM_R,N,9,Y15-74,2024M10G2,2024-04-01,6.822916,,,,,,,,,,,,
IT1:151_874(1.0),M,IT,UNEM_R,N,9,Y15-74,2024M10G31,2024-04-01,6.822916,,,,,,,,,,,,
IT1:151_874(1.0),M,IT,UNEM_R,N,9,Y15-74,2024M12G2,2024-04-01,6.822916,,,,,,,,,,,,
IT1:151_874(1.0),M,IT,UNEM_R,N,9,Y15-74,2024M5G30,2024-04-01,6.840547,p,,,,,,,,,,,
IT1:151_874(1.0),M,IT,UNEM_R,N,9,Y15-74,2024M7G2,2024-04-01,6.840547,p,,,,,,,,,,,
IT1:151_874(1.0),M,IT,UNEM_R,N,9,Y15-74,2024M8G1,2024-04-01,6.840547,p,,,,,,,,,,,
IT1:151_874(1.0),M,IT,UNEM_R,N,9,Y15-74,2024M8G30,2024-04-01,6.822916,,,,,,,,,,,,
IT1:151_874(1.0),M,IT,UNEM_R,N,9,Y15-74,2025M10G2,2024-04-01,6.822916,,,,,,,,,,,,
IT1:151_874(1.0),M,IT,UNEM_R,N,9,Y15-74,2025M10G30,2024-04-01,6.822916,,,,,,,,,,,,
IT1:151_874(1.0),M,IT,UNEM_R,N,9,Y15-74,2025M12G2,2024-04-01,6.822916,,,,,,,,,,,,
IT1:151_874(1.0),M,IT,UNEM_R,N,9,Y15-74,2025M1G30,2024-04-01,6.822916,,,,,,,,,,,,
IT1:151_874(1.0),M,IT,UNEM_R,N,9,Y15-74,2025M1G7,2024-04-01,6.822916,,,,,,,,,,,,
IT1:151_874(1.0),M,IT,UNEM_R,N,9,Y15-74,2025M3G4,2024-04-01,6.822916,,,,,,,,,,,,
IT1:151_874(1.0),M,IT,UNEM_R,N,9,Y15-74,2025M4G1,2024-04-01,6.822916,,,,,,,,,,,,
IT1:151_874(1.0),M,IT,UNEM_R,N,9,Y15-74,2025M5G2,2024-04-01,6.822916,,,,,,,,,,,,
IT1:151_874(1.0),M,IT,UNEM_R,N,9,Y15-74,2025M6G3,2024-04-01,6.822916,,,,,,,,,,,,
IT1:151_874(1.0),M,IT,UNEM_R,N,9,Y15-74,2025M7G2,2024-04-01,6.822916,,,,,,,,,,,,
IT1:151_874(1.0),M,IT,UNEM_R,N,9,Y15-74,2025M7G31,2024-04-01,6.822916,,,,,,,,,,,,
IT1:151_874(1.0),M,IT,UNEM_R,N,9,Y15-74,2025M9G1,2024-04-01,6.822916,,,,,,,,,,,,
IT1:151_874(1.0),M,IT,UNEM_R,N,9,Y15-74,2026M1G30,2024-04-01,6.822916,,,,,,,,,,,,
IT1:151_874(1.0),M,IT,UNEM_R,N,9,Y15-74,2026M1G8,2024-04-01,6.822916,,,,,,,,,,,,
IT1:151_874(1.0),M,IT,UNEM_R,N,9,Y15-74,2026M3G4,2024-04-01,6.822916,,,,,,,,,,,,
IT1:151_874(1.0),M,IT,UNEM_R,N,9,Y15-74,2026M4G1,2024-04-01,6.822916,,,,,,,,,,,,
IT1:151_874(1.0),M,IT,UNEM_R,N,9,Y15-74,2026M4G30,2024-04-01,6.822916,,,,,,,,,,,,
IT1:151_874(1.0),M,IT,UNEM_R,N,9,Y15-74,2024M10G2,2024-05-01,6.50286,,,,,,,,,,,,
IT1:151_874(1.0),M,IT,UNEM_R,N,9,Y15-74,2024M10G31,2024-05-01,6.50286,,,,,,,,,,,,
IT1:151_874(1.0),M,IT,UNEM_R,N,9,Y15-74,2024M12G2,2024-05-01,6.50286,,,,,,,,,,,,
IT1:151_874(1.0),M,IT,UNEM_R,N,9,Y15-74,2024M7G2,2024-05-01,6.459326,p,,,,,,,,,,,
IT1:151_874(1.0),M,IT,UNEM_R,N,9,Y15-74,2024M8G1,2024-05-01,6.459326,p,,,,,,,,,,,
IT1:151_874(1.0),M,IT,UNEM_R,N,9,Y15-74,2024M8G30,2024-05-01,6.50286,,,,,,,,,,,,
IT1:151_874(1.0),M,IT,UNEM_R,N,9,Y15-74,2025M10G2,2024-05-01,6.50286,,,,,,,,,,,,
IT1:151_874(1.0),M,IT,UNEM_R,N,9,Y15-74,2025M10G30,2024-05-01,6.50286,,,,,,,,,,,,
IT1:151_874(1.0),M,IT,UNEM_R,N,9,Y15-74,2025M12G2,2024-05-01,6.50286,,,,,,,,,,,,
IT1:151_874(1.0),M,IT,UNEM_R,N,9,Y15-74,2025M1G30,2024-05-01,6.50286,,,,,,,,,,,,
IT1:151_874(1.0),M,IT,UNEM_R,N,9,Y15-74,2025M1G7,2024-05-01,6.50286,,,,,,,,,,,,
IT1:151_874(1.0),M,IT,UNEM_R,N,9,Y15-74,2025M3G4,2024-05-01,6.50286,,,,,,,,,,,,
IT1:151_874(1.0),M,IT,UNEM_R,N,9,Y15-74,2025M4G1,2024-05-01,6.50286,,,,,,,,,,,,
IT1:151_874(1.0),M,IT,UNEM_R,N,9,Y15-74,2025M5G2,2024-05-01,6.50286,,,,,,,,,,,,
IT1:151_874(1.0),M,IT,UNEM_R,N,9,Y15-74,2025M6G3,2024-05-01,6.50286,,,,,,,,,,,,
IT1:151_874(1.0),M,IT,UNEM_R,N,9,Y15-74,2025M7G2,2024-05-01,6.50286,,,,,,,,,,,,
IT1:151_874(1.0),M,IT,UNEM_R,N,9,Y15-74,2025M7G31,2024-05-01,6.50286,,,,,,,,,,,,
IT1:151_874(1.0),M,IT,UNEM_R,N,9,Y15-74,2025M9G1,2024-05-01,6.50286,,,,,,,,,,,,
IT1:151_874(1.0),M,IT,UNEM_R,N,9,Y15-74,2026M1G30,2024-05-01,6.50286,,,,,,,,,,,,
IT1:151_874(1.0),M,IT,UNEM_R,N,9,Y15-74,2026M1G8,2024-05-01,6.50286,,,,,,,,,,,,
IT1:151_874(1.0),M,IT,UNEM_R,N,9,Y15-74,2026M3G4,2024-05-01,6.50286,,,,,,,,,,,,
IT1:151_874(1.0),M,IT,UNEM_R,N,9,Y15-74,2026M4G1,2024-05-01,6.50286,,,,,,,,,,,,
IT1:151_874(1.0),M,IT,UNEM_R,N,9,Y15-74,2026M4G30,2024-05-01,6.50286,,,,,,,,,,,,
IT1:151_874(1.0),M,IT,UNEM_R,N,9,Y15-74,2024M10G2,2024-06-01,6.743912,,,,,,,,,,,,
IT1:151_874(1.0),M,IT,UNEM_R,N,9,Y15-74,2024M10G31,2024-06-01,6.743912,,,,,,,,,,,,
IT1:151_874(1.0),M,IT,UNEM_R,N,9,Y15-74,2024M12G2,2024-06-01,6.743912,,,,,,,,,,,,
IT1:151_874(1.0),M,IT,UNEM_R,N,9,Y15-74,2024M8G1,2024-06-01,6.795877,p,,,,,,,,,,,
IT1:151_874(1.0),M,IT,UNEM_R,N,9,Y15-74,2024M8G30,2024-06-01,6.743912,,,,,,,,,,,,
IT1:151_874(1.0),M,IT,UNEM_R,N,9,Y15-74,2025M10G2,2024-06-01,6.743912,,,,,,,,,,,,
IT1:151_874(1.0),M,IT,UNEM_R,N,9,Y15-74,2025M10G30,2024-06-01,6.743912,,,,,,,,,,,,
IT1:151_874(1.0),M,IT,UNEM_R,N,9,Y15-74,2025M12G2,2024-06-01,6.743912,,,,,,,,,,,,
IT1:151_874(1.0),M,IT,UNEM_R,N,9,Y15-74,2025M1G30,2024-06-01,6.743912,,,,,,,,,,,,
IT1:151_874(1.0),M,IT,UNEM_R,N,9,Y15-74,2025M1G7,2024-06-01,6.743912,,,,,,,,,,,,
IT1:151_874(1.0),M,IT,UNEM_R,N,9,Y15-74,2025M3G4,2024-06-01,6.743912,,,,,,,,,,,,
IT1:151_874(1.0),M,IT,UNEM_R,N,9,Y15-74,2025M4G1,2024-06-01,6.743912,,,,,,,,,,,,
IT1:151_874(1.0),M,IT,UNEM_R,N,9,Y15-74,2025M5G2,2024-06-01,6.743912,,,,,,,,,,,,
IT1:151_874(1.0),M,IT,UNEM_R,N,9,Y15-74,2025M6G3,2024-06-01,6.743912,,,,,,,,,,,,
IT1:151_874(1.0),M,IT,UNEM_R,N,9,Y15-74,2025M7G2,2024-06-01,6.743912,,,,,,,,,,,,
IT1:151_874(1.0),M,IT,UNEM_R,N,9,Y15-74,2025M7G31,2024-06-01,6.743912,,,,,,,,,,,,
IT1:151_874(1.0),M,IT,UNEM_R,N,9,Y15-74,2025M9G1,2024-06-01,6.743912,,,,,,,,,,,,
IT1:151_874(1.0),M,IT,UNEM_R,N,9,Y15-74,2026M1G30,2024-06-01,6.743912,,,,,,,,,,,,
IT1:151_874(1.0),M,IT,UNEM_R,N,9,Y15-74,2026M1G8,2024-06-01,6.743912,,,,,,,,,,,,
IT1:151_874(1.0),M,IT,UNEM_R,N,9,Y15-74,2026M3G4,2024-06-01,6.743912,,,,,,,,,,,,
IT1:151_874(1.0),M,IT,UNEM_R,N,9,Y15-74,2026M4G1,2024-06-01,6.743912,,,,,,,,,,,,
IT1:151_874(1.0),M,IT,UNEM_R,N,9,Y15-74,2026M4G30,2024-06-01,6.743912,,,,,,,,,,,,
IT1:151_874(1.0),M,IT,UNEM_R,N,9,Y15-74,2024M10G2,2024-07-01,5.849791,p,,,,,,,,,,,
IT1:151_874(1.0),M,IT,UNEM_R,N,9,Y15-74,2024M10G31,2024-07-01,5.849791,p,,,,,,,,,,,
IT1:151_874(1.0),M,IT,UNEM_R,N,9,Y15-74,2024M12G2,2024-07-01,5.930958,,,,,,,,,,,,
IT1:151_874(1.0),M,IT,UNEM_R,N,9,Y15-74,2024M8G30,2024-07-01,5.849791,p,,,,,,,,,,,
IT1:151_874(1.0),M,IT,UNEM_R,N,9,Y15-74,2025M10G2,2024-07-01,5.930958,,,,,,,,,,,,
IT1:151_874(1.0),M,IT,UNEM_R,N,9,Y15-74,2025M10G30,2024-07-01,5.930958,,,,,,,,,,,,
IT1:151_874(1.0),M,IT,UNEM_R,N,9,Y15-74,2025M12G2,2024-07-01,5.930958,,,,,,,,,,,,
IT1:151_874(1.0),M,IT,UNEM_R,N,9,Y15-74,2025M1G30,2024-07-01,5.930958,,,,,,,,,,,,
IT1:151_874(1.0),M,IT,UNEM_R,N,9,Y15-74,2025M1G7,2024-07-01,5.930958,,,,,,,,,,,,
IT1:151_874(1.0),M,IT,UNEM_R,N,9,Y15-74,2025M3G4,2024-07-01,5.930958,,,,,,,,,,,,
IT1:151_874(1.0),M,IT,UNEM_R,N,9,Y15-74,2025M4G1,2024-07-01,5.930958,,,,,,,,,,,,
IT1:151_874(1.0),M,IT,UNEM_R,N,9,Y15-74,2025M5G2,2024-07-01,5.930958,,,,,,,,,,,,
IT1:151_874(1.0),M,IT,UNEM_R,N,9,Y15-74,2025M6G3,2024-07-01,5.930958,,,,,,,,,,,,
IT1:151_874(1.0),M,IT,UNEM_R,N,9,Y15-74,2025M7G2,2024-07-01,5.930958,,,,,,,,,,,,
IT1:151_874(1.0),M,IT,UNEM_R,N,9,Y15-74,2025M7G31,2024-07-01,5.930958,,,,,,,,,,,,
IT1:151_874(1.0),M,IT,UNEM_R,N,9,Y15-74,2025M9G1,2024-07-01,5.930958,,,,,,,,,,,,
IT1:151_874(1.0),M,IT,UNEM_R,N,9,Y15-74,2026M1G30,2024-07-01,5.930958,,,,,,,,,,,,
IT1:151_874(1.0),M,IT,UNEM_R,N,9,Y15-74,2026M1G8,2024-07-01,5.930958,,,,,,,,,,,,
IT1:151_874(1.0),M,IT,UNEM_R,N,9,Y15-74,2026M3G4,2024-07-01,5.930958,,,,,,,,,,,,
IT1:151_874(1.0),M,IT,UNEM_R,N,9,Y15-74,2026M4G1,2024-07-01,5.930958,,,,,,,,,,,,
IT1:151_874(1.0),M,IT,UNEM_R,N,9,Y15-74,2026M4G30,2024-07-01,5.930958,,,,,,,,,,,,
IT1:151_874(1.0),M,IT,UNEM_R,N,9,Y15-74,2024M10G2,2024-08-01,5.186299,p,,,,,,,,,,,
IT1:151_874(1.0),M,IT,UNEM_R,N,9,Y15-74,2024M10G31,2024-08-01,5.186299,p,,,,,,,,,,,
IT1:151_874(1.0),M,IT,UNEM_R,N,9,Y15-74,2024M12G2,2024-08-01,5.322916,,,,,,,,,,,,
IT1:151_874(1.0),M,IT,UNEM_R,N,9,Y15-74,2025M10G2,2024-08-01,5.322916,,,,,,,,,,,,
IT1:151_874(1.0),M,IT,UNEM_R,N,9,Y15-74,2025M10G30,2024-08-01,5.322916,,,,,,,,,,,,
IT1:151_874(1.0),M,IT,UNEM_R,N,9,Y15-74,2025M12G2,2024-08-01,5.322916,,,,,,,,,,,,
IT1:151_874(1.0),M,IT,UNEM_R,N,9,Y15-74,2025M1G30,2024-08-01,5.322916,,,,,,,,,,,,
IT1:151_874(1.0),M,IT,UNEM_R,N,9,Y15-74,2025M1G7,2024-08-01,5.322916,,,,,,,,,,,,
IT1:151_874(1.0),M,IT,UNEM_R,N,9,Y15-74,2025M3G4,2024-08-01,5.322916,,,,,,,,,,,,
IT1:151_874(1.0),M,IT,UNEM_R,N,9,Y15-74,2025M4G1,2024-08-01,5.322916,,,,,,,,,,,,
IT1:151_874(1.0),M,IT,UNEM_R,N,9,Y15-74,2025M5G2,2024-08-01,5.322916,,,,,,,,,,,,
IT1:151_874(1.0),M,IT,UNEM_R,N,9,Y15-74,2025M6G3,2024-08-01,5.322916,,,,,,,,,,,,
IT1:151_874(1.0),M,IT,UNEM_R,N,9,Y15-74,2025M7G2,2024-08-01,5.322916,,,,,,,,,,,,
IT1:151_874(1.0),M,IT,UNEM_R,N,9,Y15-74,2025M7G31,2024-08-01,5.322916,,,,,,,,,,,,
IT1:151_874(1.0),M,IT,UNEM_R,N,9,Y15-74,2025M9G1,2024-08-01,5.322916,,,,,,,,,,,,
IT1:151_874(1.0),M,IT,UNEM_R,N,9,Y15-74,2026M1G30,2024-08-01,5.322916,,,,,,,,,,,,
IT1:151_874(1.0),M,IT,UNEM_R,N,9,Y15-74,2026M1G8,2024-08-01,5.322916,,,,,,,,,,,,
IT1:151_874(1.0),M,IT,UNEM_R,N,9,Y15-74,2026M3G4,2024-08-01,5.322916,,,,,,,,,,,,
IT1:151_874(1.0),M,IT,UNEM_R,N,9,Y15-74,2026M4G1,2024-08-01,5.322916,,,,,,,,,,,,
IT1:151_874(1.0),M,IT,UNEM_R,N,9,Y15-74,2026M4G30,2024-08-01,5.322916,,,,,,,,,,,,
IT1:151_874(1.0),M,IT,UNEM_R,N,9,Y15-74,2024M10G31,2024-09-01,5.628321,p,,,,,,,,,,,
IT1:151_874(1.0),M,IT,UNEM_R,N,9,Y15-74,2024M12G2,2024-09-01,5.622037,,,,,,,,,,,,
IT1:151_874(1.0),M,IT,UNEM_R,N,9,Y15-74,2025M10G2,2024-09-01,5.622037,,,,,,,,,,,,
IT1:151_874(1.0),M,IT,UNEM_R,N,9,Y15-74,2025M10G30,2024-09-01,5.622037,,,,,,,,,,,,
IT1:151_874(1.0),M,IT,UNEM_R,N,9,Y15-74,2025M12G2,2024-09-01,5.622037,,,,,,,,,,,,
IT1:151_874(1.0),M,IT,UNEM_R,N,9,Y15-74,2025M1G30,2024-09-01,5.622037,,,,,,,,,,,,
IT1:151_874(1.0),M,IT,UNEM_R,N,9,Y15-74,2025M1G7,2024-09-01,5.622037,,,,,,,,,,,,
IT1:151_874(1.0),M,IT,UNEM_R,N,9,Y15-74,2025M3G4,2024-09-01,5.622037,,,,,,,,,,,,
IT1:151_874(1.0),M,IT,UNEM_R,N,9,Y15-74,2025M4G1,2024-09-01,5.622037,,,,,,,,,,,,
IT1:151_874(1.0),M,IT,UNEM_R,N,9,Y15-74,2025M5G2,2024-09-01,5.622037,,,,,,,,,,,,
IT1:151_874(1.0),M,IT,UNEM_R,N,9,Y15-74,2025M6G3,2024-09-01,5.622037,,,,,,,,,,,,
IT1:151_874(1.0),M,IT,UNEM_R,N,9,Y15-74,2025M7G2,2024-09-01,5.622037,,,,,,,,,,,,
IT1:151_874(1.0),M,IT,UNEM_R,N,9,Y15-74,2025M7G31,2024-09-01,5.622037,,,,,,,,,,,,
IT1:151_874(1.0),M,IT,UNEM_R,N,9,Y15-74,2025M9G1,2024-09-01,5.622037,,,,,,,,,,,,
IT1:151_874(1.0),M,IT,UNEM_R,N,9,Y15-74,2026M1G30,2024-09-01,5.622037,,,,,,,,,,,,
IT1:151_874(1.0),M,IT,UNEM_R,N,9,Y15-74,2026M1G8,2024-09-01,5.622037,,,,,,,,,,,,
IT1:151_874(1.0),M,IT,UNEM_R,N,9,Y15-74,2026M3G4,2024-09-01,5.622037,,,,,,,,,,,,
IT1:151_874(1.0),M,IT,UNEM_R,N,9,Y15-74,2026M4G1,2024-09-01,5.622037,,,,,,,,,,,,
IT1:151_874(1.0),M,IT,UNEM_R,N,9,Y15-74,2026M4G30,2024-09-01,5.622037,,,,,,,,,,,,
IT1:151_874(1.0),M,IT,UNEM_R,N,9,Y15-74,2024M12G2,2024-10-01,5.605074,p,,,,,,,,,,,
IT1:151_874(1.0),M,IT,UNEM_R,N,9,Y15-74,2025M10G2,2024-10-01,5.751953,,,,,,,,,,,,
IT1:151_874(1.0),M,IT,UNEM_R,N,9,Y15-74,2025M10G30,2024-10-01,5.751953,,,,,,,,,,,,
IT1:151_874(1.0),M,IT,UNEM_R,N,9,Y15-74,2025M12G2,2024-10-01,5.751953,,,,,,,,,,,,
IT1:151_874(1.0),M,IT,UNEM_R,N,9,Y15-74,2025M1G30,2024-10-01,5.605074,p,,,,,,,,,,,
IT1:151_874(1.0),M,IT,UNEM_R,N,9,Y15-74,2025M1G7,2024-10-01,5.605074,p,,,,,,,,,,,
IT1:151_874(1.0),M,IT,UNEM_R,N,9,Y15-74,2025M3G4,2024-10-01,5.754532,,,,,,,,,,,,
IT1:151_874(1.0),M,IT,UNEM_R,N,9,Y15-74,2025M4G1,2024-10-01,5.754532,,,,,,,,,,,,
IT1:151_874(1.0),M,IT,UNEM_R,N,9,Y15-74,2025M5G2,2024-10-01,5.754532,,,,,,,,,,,,
IT1:151_874(1.0),M,IT,UNEM_R,N,9,Y15-74,2025M6G3,2024-10-01,5.751953,,,,,,,,,,,,
IT1:151_874(1.0),M,IT,UNEM_R,N,9,Y15-74,2025M7G2,2024-10-01,5.751953,,,,,,,,,,,,
IT1:151_874(1.0),M,IT,UNEM_R,N,9,Y15-74,2025M7G31,2024-10-01,5.751953,,,,,,,,,,,,
IT1:151_874(1.0),M,IT,UNEM_R,N,9,Y15-74,2025M9G1,2024-10-01,5.751953,,,,,,,,,,,,
IT1:151_874(1.0),M,IT,UNEM_R,N,9,Y15-74,2026M1G30,2024-10-01,5.751953,,,,,,,,,,,,
IT1:151_874(1.0),M,IT,UNEM_R,N,9,Y15-74,2026M1G8,2024-10-01,5.751953,,,,,,,,,,,,
IT1:151_874(1.0),M,IT,UNEM_R,N,9,Y15-74,2026M3G4,2024-10-01,5.751953,,,,,,,,,,,,
IT1:151_874(1.0),M,IT,UNEM_R,N,9,Y15-74,2026M4G1,2024-10-01,5.751953,,,,,,,,,,,,
IT1:151_874(1.0),M,IT,UNEM_R,N,9,Y15-74,2026M4G30,2024-10-01,5.751953,,,,,,,,,,,,
IT1:151_874(1.0),M,IT,UNEM_R,N,9,Y15-74,2025M10G2,2024-11-01,5.806903,,,,,,,,,,,,
IT1:151_874(1.0),M,IT,UNEM_R,N,9,Y15-74,2025M10G30,2024-11-01,5.806903,,,,,,,,,,,,
IT1:151_874(1.0),M,IT,UNEM_R,N,9,Y15-74,2025M12G2,2024-11-01,5.806903,,,,,,,,,,,,
IT1:151_874(1.0),M,IT,UNEM_R,N,9,Y15-74,2025M1G30,2024-11-01,5.67099,p,,,,,,,,,,,
IT1:151_874(1.0),M,IT,UNEM_R,N,9,Y15-74,2025M1G7,2024-11-01,5.67099,p,,,,,,,,,,,
IT1:151_874(1.0),M,IT,UNEM_R,N,9,Y15-74,2025M3G4,2024-11-01,5.807952,,,,,,,,,,,,
IT1:151_874(1.0),M,IT,UNEM_R,N,9,Y15-74,2025M4G1,2024-11-01,5.807952,,,,,,,,,,,,
IT1:151_874(1.0),M,IT,UNEM_R,N,9,Y15-74,2025M5G2,2024-11-01,5.807952,,,,,,,,,,,,
IT1:151_874(1.0),M,IT,UNEM_R,N,9,Y15-74,2025M6G3,2024-11-01,5.806903,,,,,,,,,,,,
IT1:151_874(1.0),M,IT,UNEM_R,N,9,Y15-74,2025M7G2,2024-11-01,5.806903,,,,,,,,,,,,
IT1:151_874(1.0),M,IT,UNEM_R,N,9,Y15-74,2025M7G31,2024-11-01,5.806903,,,,,,,,,,,,
IT1:151_874(1.0),M,IT,UNEM_R,N,9,Y15-74,2025M9G1,2024-11-01,5.806903,,,,,,,,,,,,
IT1:151_874(1.0),M,IT,UNEM_R,N,9,Y15-74,2026M1G30,2024-11-01,5.806903,,,,,,,,,,,,
IT1:151_874(1.0),M,IT,UNEM_R,N,9,Y15-74,2026M1G8,2024-11-01,5.806903,,,,,,,,,,,,
IT1:151_874(1.0),M,IT,UNEM_R,N,9,Y15-74,2026M3G4,2024-11-01,5.806903,,,,,,,,,,,,
IT1:151_874(1.0),M,IT,UNEM_R,N,9,Y15-74,2026M4G1,2024-11-01,5.806903,,,,,,,,,,,,
IT1:151_874(1.0),M,IT,UNEM_R,N,9,Y15-74,2026M4G30,2024-11-01,5.806903,,,,,,,,,,,,
IT1:151_874(1.0),M,IT,UNEM_R,N,9,Y15-74,2025M10G2,2024-12-01,6.666351,,,,,,,,,,,,
IT1:151_874(1.0),M,IT,UNEM_R,N,9,Y15-74,2025M10G30,2024-12-01,6.666351,,,,,,,,,,,,
IT1:151_874(1.0),M,IT,UNEM_R,N,9,Y15-74,2025M12G2,2024-12-01,6.666351,,,,,,,,,,,,
IT1:151_874(1.0),M,IT,UNEM_R,N,9,Y15-74,2025M1G30,2024-12-01,6.52502,p,,,,,,,,,,,
IT1:151_874(1.0),M,IT,UNEM_R,N,9,Y15-74,2025M3G4,2024-12-01,6.662365,,,,,,,,,,,,
IT1:151_874(1.0),M,IT,UNEM_R,N,9,Y15-74,2025M4G1,2024-12-01,6.662365,,,,,,,,,,,,
IT1:151_874(1.0),M,IT,UNEM_R,N,9,Y15-74,2025M5G2,2024-12-01,6.662365,,,,,,,,,,,,
IT1:151_874(1.0),M,IT,UNEM_R,N,9,Y15-74,2025M6G3,2024-12-01,6.666351,,,,,,,,,,,,
IT1:151_874(1.0),M,IT,UNEM_R,N,9,Y15-74,2025M7G2,2024-12-01,6.666351,,,,,,,,,,,,
IT1:151_874(1.0),M,IT,UNEM_R,N,9,Y15-74,2025M7G31,2024-12-01,6.666351,,,,,,,,,,,,
IT1:151_874(1.0),M,IT,UNEM_R,N,9,Y15-74,2025M9G1,2024-12-01,6.666351,,,,,,,,,,,,
IT1:151_874(1.0),M,IT,UNEM_R,N,9,Y15-74,2026M1G30,2024-12-01,6.666351,,,,,,,,,,,,
IT1:151_874(1.0),M,IT,UNEM_R,N,9,Y15-74,2026M1G8,2024-12-01,6.666351,,,,,,,,,,,,
IT1:151_874(1.0),M,IT,UNEM_R,N,9,Y15-74,2026M3G4,2024-12-01,6.666351,,,,,,,,,,,,
IT1:151_874(1.0),M,IT,UNEM_R,N,9,Y15-74,2026M4G1,2024-12-01,6.666351,,,,,,,,,,,,
IT1:151_874(1.0),M,IT,UNEM_R,N,9,Y15-74,2026M4G30,2024-12-01,6.666351,,,,,,,,,,,,
IT1:151_874(1.0),M,IT,UNEM_R,N,9,Y15-74,2025M10G2,2025-01-01,7.099629,,,,,,,,,,,,
IT1:151_874(1.0),M,IT,UNEM_R,N,9,Y15-74,2025M10G30,2025-01-01,7.099629,,,,,,,,,,,,
IT1:151_874(1.0),M,IT,UNEM_R,N,9,Y15-74,2025M12G2,2025-01-01,7.099629,,,,,,,,,,,,
IT1:151_874(1.0),M,IT,UNEM_R,N,9,Y15-74,2025M3G4,2025-01-01,6.928702,p,,,,,,,,,,,
IT1:151_874(1.0),M,IT,UNEM_R,N,9,Y15-74,2025M4G1,2025-01-01,6.928702,p,,,,,,,,,,,
IT1:151_874(1.0),M,IT,UNEM_R,N,9,Y15-74,2025M5G2,2025-01-01,6.928702,p,,,,,,,,,,,
IT1:151_874(1.0),M,IT,UNEM_R,N,9,Y15-74,2025M6G3,2025-01-01,7.099629,,,,,,,,,,,,
IT1:151_874(1.0),M,IT,UNEM_R,N,9,Y15-74,2025M7G2,2025-01-01,7.099629,,,,,,,,,,,,
IT1:151_874(1.0),M,IT,UNEM_R,N,9,Y15-74,2025M7G31,2025-01-01,7.099629,,,,,,,,,,,,
IT1:151_874(1.0),M,IT,UNEM_R,N,9,Y15-74,2025M9G1,2025-01-01,7.099629,,,,,,,,,,,,
IT1:151_874(1.0),M,IT,UNEM_R,N,9,Y15-74,2026M1G30,2025-01-01,7.099629,,,,,,,,,,,,
IT1:151_874(1.0),M,IT,UNEM_R,N,9,Y15-74,2026M1G8,2025-01-01,7.099629,,,,,,,,,,,,
IT1:151_874(1.0),M,IT,UNEM_R,N,9,Y15-74,2026M3G4,2025-01-01,7.099629,,,,,,,,,,,,
IT1:151_874(1.0),M,IT,UNEM_R,N,9,Y15-74,2026M4G1,2025-01-01,7.099629,,,,,,,,,,,,
IT1:151_874(1.0),M,IT,UNEM_R,N,9,Y15-74,2026M4G30,2025-01-01,7.099629,,,,,,,,,,,,
IT1:151_874(1.0),M,IT,UNEM_R,N,9,Y15-74,2025M10G2,2025-02-01,6.551416,,,,,,,,,,,,
IT1:151_874(1.0),M,IT,UNEM_R,N,9,Y15-74,2025M10G30,2025-02-01,6.551416,,,,,,,,,,,,
IT1:151_874(1.0),M,IT,UNEM_R,N,9,Y15-74,2025M12G2,2025-02-01,6.551416,,,,,,,,,,,,
IT1:151_874(1.0),M,IT,UNEM_R,N,9,Y15-74,2025M4G1,2025-02-01,6.472774,p,,,,,,,,,,,
IT1:151_874(1.0),M,IT,UNEM_R,N,9,Y15-74,2025M5G2,2025-02-01,6.472774,p,,,,,,,,,,,
IT1:151_874(1.0),M,IT,UNEM_R,N,9,Y15-74,2025M6G3,2025-02-01,6.551416,,,,,,,,,,,,
IT1:151_874(1.0),M,IT,UNEM_R,N,9,Y15-74,2025M7G2,2025-02-01,6.551416,,,,,,,,,,,,
IT1:151_874(1.0),M,IT,UNEM_R,N,9,Y15-74,2025M7G31,2025-02-01,6.551416,,,,,,,,,,,,
IT1:151_874(1.0),M,IT,UNEM_R,N,9,Y15-74,2025M9G1,2025-02-01,6.551416,,,,,,,,,,,,
IT1:151_874(1.0),M,IT,UNEM_R,N,9,Y15-74,2026M1G30,2025-02-01,6.551416,,,,,,,,,,,,
IT1:151_874(1.0),M,IT,UNEM_R,N,9,Y15-74,2026M1G8,2025-02-01,6.551416,,,,,,,,,,,,
IT1:151_874(1.0),M,IT,UNEM_R,N,9,Y15-74,2026M3G4,2025-02-01,6.551416,,,,,,,,,,,,
IT1:151_874(1.0),M,IT,UNEM_R,N,9,Y15-74,2026M4G1,2025-02-01,6.551416,,,,,,,,,,,,
IT1:151_874(1.0),M,IT,UNEM_R,N,9,Y15-74,2026M4G30,2025-02-01,6.551416,,,,,,,,,,,,
IT1:151_874(1.0),M,IT,UNEM_R,N,9,Y15-74,2025M10G2,2025-03-01,6.741629,,,,,,,,,,,,
IT1:151_874(1.0),M,IT,UNEM_R,N,9,Y15-74,2025M10G30,2025-03-01,6.741629,,,,,,,,,,,,
IT1:151_874(1.0),M,IT,UNEM_R,N,9,Y15-74,2025M12G2,2025-03-01,6.741629,,,,,,,,,,,,
IT1:151_874(1.0),M,IT,UNEM_R,N,9,Y15-74,2025M5G2,2025-03-01,6.661519,,,,,,,,,,,,
IT1:151_874(1.0),M,IT,UNEM_R,N,9,Y15-74,2025M6G3,2025-03-01,6.741629,,,,,,,,,,,,
IT1:151_874(1.0),M,IT,UNEM_R,N,9,Y15-74,2025M7G2,2025-03-01,6.741629,,,,,,,,,,,,
IT1:151_874(1.0),M,IT,UNEM_R,N,9,Y15-74,2025M7G31,2025-03-01,6.741629,,,,,,,,,,,,
IT1:151_874(1.0),M,IT,UNEM_R,N,9,Y15-74,2025M9G1,2025-03-01,6.741629,,,,,,,,,,,,
IT1:151_874(1.0),M,IT,UNEM_R,N,9,Y15-74,2026M1G30,2025-03-01,6.741629,,,,,,,,,,,,
IT1:151_874(1.0),M,IT,UNEM_R,N,9,Y15-74,2026M1G8,2025-03-01,6.741629,,,,,,,,,,,,
IT1:151_874(1.0),M,IT,UNEM_R,N,9,Y15-74,2026M3G4,2025-03-01,6.741629,,,,,,,,,,,,
IT1:151_874(1.0),M,IT,UNEM_R,N,9,Y15-74,2026M4G1,2025-03-01,6.741629,,,,,,,,,,,,
IT1:151_874(1.0),M,IT,UNEM_R,N,9,Y15-74,2026M4G30,2025-03-01,6.741629,,,,,,,,,,,,
IT1:151_874(1.0),M,IT,UNEM_R,N,9,Y15-74,2025M10G2,2025-04-01,6.121084,,,,,,,,,,,,
IT1:151_874(1.0),M,IT,UNEM_R,N,9,Y15-74,2025M10G30,2025-04-01,6.121084,,,,,,,,,,,,
IT1:151_874(1.0),M,IT,UNEM_R,N,9,Y15-74,2025M12G2,2025-04-01,6.121084,,,,,,,,,,,,
IT1:151_874(1.0),M,IT,UNEM_R,N,9,Y15-74,2025M6G3,2025-04-01,6.088835,p,,,,,,,,,,,
IT1:151_874(1.0),M,IT,UNEM_R,N,9,Y15-74,2025M7G2,2025-04-01,6.088835,p,,,,,,,,,,,
IT1:151_874(1.0),M,IT,UNEM_R,N,9,Y15-74,2025M7G31,2025-04-01,6.088835,p,,,,,,,,,,,
IT1:151_874(1.0),M,IT,UNEM_R,N,9,Y15-74,2025M9G1,2025-04-01,6.121084,,,,,,,,,,,,
IT1:151_874(1.0),M,IT,UNEM_R,N,9,Y15-74,2026M1G30,2025-04-01,6.121084,,,,,,,,,,,,
IT1:151_874(1.0),M,IT,UNEM_R,N,9,Y15-74,2026M1G8,2025-04-01,6.121084,,,,,,,,,,,,
IT1:151_874(1.0),M,IT,UNEM_R,N,9,Y15-74,2026M3G4,2025-04-01,6.121084,,,,,,,,,,,,
IT1:151_874(1.0),M,IT,UNEM_R,N,9,Y15-74,2026M4G1,2025-04-01,6.121084,,,,,,,,,,,,
IT1:151_874(1.0),M,IT,UNEM_R,N,9,Y15-74,2026M4G30,2025-04-01,6.121084,,,,,,,,,,,,
IT1:151_874(1.0),M,IT,UNEM_R,N,9,Y15-74,2025M10G2,2025-05-01,6.932072,,,,,,,,,,,,
IT1:151_874(1.0),M,IT,UNEM_R,N,9,Y15-74,2025M10G30,2025-05-01,6.932072,,,,,,,,,,,,
IT1:151_874(1.0),M,IT,UNEM_R,N,9,Y15-74,2025M12G2,2025-05-01,6.932072,,,,,,,,,,,,
IT1:151_874(1.0),M,IT,UNEM_R,N,9,Y15-74,2025M7G2,2025-05-01,6.82382,p,,,,,,,,,,,
IT1:151_874(1.0),M,IT,UNEM_R,N,9,Y15-74,2025M7G31,2025-05-01,6.82382,p,,,,,,,,,,,
IT1:151_874(1.0),M,IT,UNEM_R,N,9,Y15-74,2025M9G1,2025-05-01,6.932072,,,,,,,,,,,,
IT1:151_874(1.0),M,IT,UNEM_R,N,9,Y15-74,2026M1G30,2025-05-01,6.932072,,,,,,,,,,,,
IT1:151_874(1.0),M,IT,UNEM_R,N,9,Y15-74,2026M1G8,2025-05-01,6.932072,,,,,,,,,,,,
IT1:151_874(1.0),M,IT,UNEM_R,N,9,Y15-74,2026M3G4,2025-05-01,6.932072,,,,,,,,,,,,
IT1:151_874(1.0),M,IT,UNEM_R,N,9,Y15-74,2026M4G1,2025-05-01,6.932072,,,,,,,,,,,,
IT1:151_874(1.0),M,IT,UNEM_R,N,9,Y15-74,2026M4G30,2025-05-01,6.932072,,,,,,,,,,,,
IT1:151_874(1.0),M,IT,UNEM_R,N,9,Y15-74,2025M10G2,2025-06-01,6.607908,,,,,,,,,,,,
IT1:151_874(1.0),M,IT,UNEM_R,N,9,Y15-74,2025M10G30,2025-06-01,6.607908,,,,,,,,,,,,
IT1:151_874(1.0),M,IT,UNEM_R,N,9,Y15-74,2025M12G2,2025-06-01,6.607908,,,,,,,,,,,,
IT1:151_874(1.0),M,IT,UNEM_R,N,9,Y15-74,2025M7G31,2025-06-01,6.579126,p,,,,,,,,,,,
IT1:151_874(1.0),M,IT,UNEM_R,N,9,Y15-74,2025M9G1,2025-06-01,6.607908,,,,,,,,,,,,
IT1:151_874(1.0),M,IT,UNEM_R,N,9,Y15-74,2026M1G30,2025-06-01,6.607908,,,,,,,,,,,,
IT1:151_874(1.0),M,IT,UNEM_R,N,9,Y15-74,2026M1G8,2025-06-01,6.607908,,,,,,,,,,,,
IT1:151_874(1.0),M,IT,UNEM_R,N,9,Y15-74,2026M3G4,2025-06-01,6.607908,,,,,,,,,,,,
IT1:151_874(1.0),M,IT,UNEM_R,N,9,Y15-74,2026M4G1,2025-06-01,6.607908,,,,,,,,,,,,
IT1:151_874(1.0),M,IT,UNEM_R,N,9,Y15-74,2026M4G30,2025-06-01,6.607908,,,,,,,,,,,,
IT1:151_874(1.0),M,IT,UNEM_R,N,9,Y15-74,2025M10G2,2025-07-01,5.477897,p,,,,,,,,,,,
IT1:151_874(1.0),M,IT,UNEM_R,N,9,Y15-74,2025M10G30,2025-07-01,5.477897,p,,,,,,,,,,,
IT1:151_874(1.0),M,IT,UNEM_R,N,9,Y15-74,2025M12G2,2025-07-01,5.797134,,,,,,,,,,,,
IT1:151_874(1.0),M,IT,UNEM_R,N,9,Y15-74,2025M9G1,2025-07-01,5.477897,p,,,,,,,,,,,
IT1:151_874(1.0),M,IT,UNEM_R,N,9,Y15-74,2026M1G30,2025-07-01,5.797134,,,,,,,,,,,,
IT1:151_874(1.0),M,IT,UNEM_R,N,9,Y15-74,2026M1G8,2025-07-01,5.797134,,,,,,,,,,,,
IT1:151_874(1.0),M,IT,UNEM_R,N,9,Y15-74,2026M3G4,2025-07-01,5.797134,,,,,,,,,,,,
IT1:151_874(1.0),M,IT,UNEM_R,N,9,Y15-74,2026M4G1,2025-07-01,5.797134,,,,,,,,,,,,
IT1:151_874(1.0),M,IT,UNEM_R,N,9,Y15-74,2026M4G30,2025-07-01,5.797134,,,,,,,,,,,,
IT1:151_874(1.0),M,IT,UNEM_R,N,9,Y15-74,2025M10G2,2025-08-01,5.208536,p,,,,,,,,,,,
IT1:151_874(1.0),M,IT,UNEM_R,N,9,Y15-74,2025M10G30,2025-08-01,5.208536,p,,,,,,,,,,,
IT1:151_874(1.0),M,IT,UNEM_R,N,9,Y15-74,2025M12G2,2025-08-01,5.190615,,,,,,,,,,,,
IT1:151_874(1.0),M,IT,UNEM_R,N,9,Y15-74,2026M1G30,2025-08-01,5.190615,,,,,,,,,,,,
IT1:151_874(1.0),M,IT,UNEM_R,N,9,Y15-74,2026M1G8,2025-08-01,5.190615,,,,,,,,,,,,
IT1:151_874(1.0),M,IT,UNEM_R,N,9,Y15-74,2026M3G4,2025-08-01,5.190615,,,,,,,,,,,,
IT1:151_874(1.0),M,IT,UNEM_R,N,9,Y15-74,2026M4G1,2025-08-01,5.190615,,,,,,,,,,,,
IT1:151_874(1.0),M,IT,UNEM_R,N,9,Y15-74,2026M4G30,2025-08-01,5.190615,,,,,,,,,,,,
IT1:151_874(1.0),M,IT,UNEM_R,N,9,Y15-74,2025M10G30,2025-09-01,5.762096,p,,,,,,,,,,,
IT1:151_874(1.0),M,IT,UNEM_R,N,9,Y15-74,2025M12G2,2025-09-01,5.922274,,,,,,,,,,,,
IT1:151_874(1.0),M,IT,UNEM_R,N,9,Y15-74,2026M1G30,2025-09-01,5.922274,,,,,,,,,,,,
IT1:151_874(1.0),M,IT,UNEM_R,N,9,Y15-74,2026M1G8,2025-09-01,5.922274,,,,,,,,,,,,
IT1:151_874(1.0),M,IT,UNEM_R,N,9,Y15-74,2026M3G4,2025-09-01,5.922274,,,,,,,,,,,,
IT1:151_874(1.0),M,IT,UNEM_R,N,9,Y15-74,2026M4G1,2025-09-01,5.922274,,,,,,,,,,,,
IT1:151_874(1.0),M,IT,UNEM_R,N,9,Y15-74,2026M4G30,2025-09-01,5.922274,,,,,,,,,,,,
IT1:151_874(1.0),M,IT,UNEM_R,N,9,Y15-74,2025M12G2,2025-10-01,5.304362,p,,,,,,,,,,,
IT1:151_874(1.0),M,IT,UNEM_R,N,9,Y15-74,2026M1G30,2025-10-01,5.304362,p,,,,,,,,,,,
IT1:151_874(1.0),M,IT,UNEM_R,N,9,Y15-74,2026M1G8,2025-10-01,5.304362,p,,,,,,,,,,,
IT1:151_874(1.0),M,IT,UNEM_R,N,9,Y15-74,2026M3G4,2025-10-01,5.494743,,,,,,,,,,,,
IT1:151_874(1.0),M,IT,UNEM_R,N,9,Y15-74,2026M4G1,2025-10-01,5.494743,,,,,,,,,,,,
IT1:151_874(1.0),M,IT,UNEM_R,N,9,Y15-74,2026M4G30,2025-10-01,5.494743,,,,,,,,,,,,
IT1:151_874(1.0),M,IT,UNEM_R,N,9,Y15-74,2026M1G30,2025-11-01,5.2181,p,,,,,,,,,,,
IT1:151_874(1.0),M,IT,UNEM_R,N,9,Y15-74,2026M1G8,2025-11-01,5.2181,p,,,,,,,,,,,
IT1:151_874(1.0),M,IT,UNEM_R,N,9,Y15-74,2026M3G4,2025-11-01,5.394458,,,,,,,,,,,,
IT1:151_874(1.0),M,IT,UNEM_R,N,9,Y15-74,2026M4G1,2025-11-01,5.394458,,,,,,,,,,,,
IT1:151_874(1.0),M,IT,UNEM_R,N,9,Y15-74,2026M4G30,2025-11-01,5.394458,,,,,,,,,,,,
IT1:151_874(1.0),M,IT,UNEM_R,N,9,Y15-74,2026M1G30,2025-12-01,5.579416,p,,,,,,,,,,,
IT1:151_874(1.0),M,IT,UNEM_R,N,9,Y15-74,2026M3G4,2025-12-01,5.679868,,,,,,,,,,,,
IT1:151_874(1.0),M,IT,UNEM_R,N,9,Y15-74,2026M4G1,2025-12-01,5.679868,,,,,,,,,,,,
IT1:151_874(1.0),M,IT,UNEM_R,N,9,Y15-74,2026M4G30,2025-12-01,5.679868,,,,,,,,,,,,
IT1:151_874(1.0),M,IT,UNEM_R,N,9,Y15-74,2026M3G4,2026-01-01,4.949719,p,,,,,,,,,,,
IT1:151_874(1.0),M,IT,UNEM_R,N,9,Y15-74,2026M4G1,2026-01-01,4.949719,p,,,,,,,,,,,
IT1:151_874(1.0),M,IT,UNEM_R,N,9,Y15-74,2026M4G30,2026-01-01,4.949719,p,,,,,,,,,,,
IT1:151_874(1.0),M,IT,UNEM_R,N,9,Y15-74,2026M4G1,2026-02-01,5.448017,p,,,,,,,,,,,
IT1:151_874(1.0),M,IT,UNEM_R,N,9,Y15-74,2026M4G30,2026-02-01,5.448017,p,,,,,,,,,,,
IT1:151_874(1.0),M,IT,UNEM_R,N,9,Y15-74,2026M4G30,2026-03-01,5.478384,p,,,,,,,,,,,
