DATAFLOW,FREQ,REF_AREA,DATA_TYPE,SEX,AGE,EDITION,TIME_PERIOD,OBS_VALUE,OBS_STATUS,NOTE_DS,NOTE_REF_AREA,NOTE_DATA_TYPE,NOTE_SEX,NOTE_AGE,NOTE_EDITION,NOTE_TIME_PERIOD,BASE_PER,UNIT_MEAS,UNIT_MULT
IT1:151_884(1.0),Q,IT,UNEM_R,9,Y15-74,2022M12G14,2013-01-01,12.128515,,,,,,,,,,,
IT1:151_884(1.0),Q,IT,UNEM_R,9,Y15-74,2022M3G11,2013-01-01,12.130711,,,,,,,,,,,
IT1:151_884(1.0),Q,IT,UNEM_R,9,Y15-74,2022M6G13,2013-01-01,12.130405,,,,,,,,,,,
IT1:151_884(1.0),Q,IT,UNEM_R,9,Y15-74,2022M9G13,2013-01-01,12.129225,,,,,,,,,,,
IT1:151_884(1.0),Q,IT,UNEM_R,9,Y15-74,2023M12G13,2013-01-01,12.09799,,,,,,,,,,,
IT1:151_884(1.0),Q,IT,UNEM_R,9,Y15-74,2023M3G15,2013-01-01,12.095255,,,,,,,,,,,
IT1:151_884(1.0),Q,IT,UNEM_R,9,Y15-74,2023M6G13,2013-01-01,12.096098,,,,,,,,,,,
IT1:151_884(1.0),Q,IT,UNEM_R,9,Y15-74,2023M9G13,2013-01-01,12.097441,,,,,,,,,,,
IT1:151_884(1.0),Q,IT,UNEM_R,9,Y15-74,2024M12G12,2013-01-01,12.044556,,,,,,,,,,,
IT1:151_884(1.0),Q,IT,UNEM_R,9,Y15-74,2024M3G13,2013-01-01,12.040706,,,,,,,,,,,
IT1:151_884(1.0),Q,IT,UNEM_R,9,Y15-74,2024M6G13,2013-01-01,12.039927,,,,,,,,,,,
IT1:151_884(1.0),Q,IT,UNEM_R,9,Y15-74,2024M9G12,2013-01-01,12.044323,,,,,,,,,,,
IT1:151_884(1.0),Q,IT,UNEM_R,9,Y15-74,2025M12G11,2013-01-01,12.079945,,,,,,,,,,,
IT1:151_884(1.0),Q,IT,UNEM_R,9,Y15-74,2025M3G13,2013-01-01,12.081952,,,,,,,,,,,
IT1:151_884(1.0),Q,IT,UNEM_R,9,Y15-74,2025M6G12,2013-01-01,12.082068,,,,,,,,,,,
IT1:151_884(1.0),Q,IT,UNEM_R,9,Y15-74,2025M9G12,2013-01-01,12.07871,,,,,,,,,,,
IT1:151_884(1.0),Q,IT,UNEM_R,9,Y15-74,2026M3G12,2013-01-01,12.085431,,,,,,,,,,,
IT1:151_884(1.0),Q,IT,UNEM_R,9,Y15-74,2022M12G14,2013-04-01,12.34514,,,,,,,,,,,
IT1:151_884(1.0),Q,IT,UNEM_R,9,Y15-74,2022M3G11,2013-04-01,12.343291,,,,,,,,,,,
IT1:151_884(1.0),Q,IT,UNEM_R,9,Y15-74,2022M6G13,2013-04-01,12.343465,,,,,,,,,,,
IT1:151_884(1.0),Q,IT,UNEM_R,9,Y15-74,2022M9G13,2013-04-01,12.344368,,,,,,,,,,,
IT1:151_884(1.0),Q,IT,UNEM_R,9,Y15-74,2023M12G13,2013-04-01,12.342071,,,,,,,,,,,
IT1:151_884(1.0),Q,IT,UNEM_R,9,Y15-74,2023M3G15,2013-04-01,12.342997,,,,,,,,,,,
IT1:151_884(1.0),Q,IT,UNEM_R,9,Y15-74,2023M6G13,2013-04-01,12.34202,,,,,,,,,,,
IT1:151_884(1.0),Q,IT,UNEM_R,9,Y15-74,2023M9G13,2013-04-01,12.340921,,,,,,,,,,,
IT1:151_884(1.0),Q,IT,UNEM_R,9,Y15-74,2024M12G12,2013-04-01,12.347887,,,,,,,,,,,
IT1:151_884(1.0),Q,IT,UNEM_R,9,Y15-74,2024M3G13,2013-04-01,12.350563,,,,,,,,,,,
IT1:151_884(1.0),Q,IT,UNEM_R,9,Y15-74,2024M6G13,2013-04-01,12.34994,,,,,,,,,,,
IT1:151_884(1.0),Q,IT,UNEM_R,9,Y15-74,2024M9G12,2013-04-01,12.350481,,,,,,,,,,,
IT1:151_884(1.0),Q,IT,UNEM_R,9,Y15-74,2025M12G11,2013-04-01,12.334905,,,,,,,,,,,
IT1:151_884(1.0),Q,IT,UNEM_R,9,Y15-74,2025M3G13,2013-04-01,12.334235,,,,,,,,,,,
IT1:151_884(1.0),Q,IT,UNEM_R,9,Y15-74,2025M6G12,2013-04-01,12.332856,,,,,,,,,,,
IT1:151_884(1.0),Q,IT,UNEM_R,9,Y15-74,2025M9G12,2013-04-01,12.334739,,,,,,,,,,,
IT1:151_884(1.0),Q,IT,UNEM_R,9,Y15-74,2026M3G12,2013-04-01,12.327733,,,,,,,,,,,
IT1:151_884(1.0),Q,IT,UNEM_R,9,Y15-74,2022M12G14,2013-07-01,12.362766,,,,,,,,,,,
IT1:151_884(1.0),Q,IT,UNEM_R,9,Y15-74,2022M3G11,2013-07-01,12.361906,,,,,,,,,,,
IT1:151_884(1.0),Q,IT,UNEM_R,9,Y15-74,2022M6G13,2013-07-01,12.36266,,,,,,,,,,,
IT1:151_884(1.0),Q,IT,UNEM_R,9,Y15-74,2022M9G13,2013-07-01,12.363246,,,,,,,,,,,
IT1:151_884(1.0),Q,IT,UNEM_R,9,Y15-74,2023M12G13,2013-07-01,12.392591,,,,,,,,,,,
IT1:151_884(1.0),Q,IT,UNEM_R,9,Y15-74,2023M3G15,2013-07-01,12.395945,,,,,,,,,,,
IT1:151_884(1.0),Q,IT,UNEM_R,9,Y15-74,2023M6G13,2013-07-01,12.393982,,,,,,,,,,,
IT1:151_884(1.0),Q,IT,UNEM_R,9,Y15-74,2023M9G13,2013-07-01,12.393724,,,,,,,,,,,
IT1:151_884(1.0),Q,IT,UNEM_R,9,Y15-74,2024M12G12,2013-07-01,12.455492,,,,,,,,,,,
IT1:151_884(1.0),Q,IT,UNEM_R,9,Y15-74,2024M3G13,2013-07-01,12.460808,,,,,,,,,,,
IT1:151_884(1.0),Q,IT,UNEM_R,9,Y15-74,2024M6G13,2013-07-01,12.460193,,,,,,,,,,,
IT1:151_884(1.0),Q,IT,UNEM_R,9,Y15-74,2024M9G12,2013-07-01,12.457112,,,,,,,,,,,
IT1:151_884(1.0),Q,IT,UNEM_R,9,Y15-74,2025M12G11,2013-07-01,12.431706,,,,,,,,,,,
IT1:151_884(1.0),Q,IT,UNEM_R,9,Y15-74,2025M3G13,2013-07-01,12.421728,,,,,,,,,,,
IT1:151_884(1.0),Q,IT,UNEM_R,9,Y15-74,2025M6G12,2013-07-01,12.422843,,,,,,,,,,,
IT1:151_884(1.0),Q,IT,UNEM_R,9,Y15-74,2025M9G12,2013-07-01,12.430586,,,,,,,,,,,
IT1:151_884(1.0),Q,IT,UNEM_R,9,Y15-74,2026M3G12,2013-07-01,12.433579,,,,,,,,,,,
IT1:151_884(1.0),Q,IT,UNEM_R,9,Y15-74,2022M12G14,2013-10-01,12.571048,,,,,,,,,,,
IT1:151_884(1.0),Q,IT,UNEM_R,9,Y15-74,2022M3G11,2013-10-01,12.572347,,,,,,,,,,,
IT1:151_884(1.0),Q,IT,UNEM_R,9,Y15-74,2022M6G13,2013-10-01,12.572575,,,,,,,,,,,
IT1:151_884(1.0),Q,IT,UNEM_R,9,Y15-74,2022M9G13,2013-10-01,12.571696,,,,,,,,,,,
IT1:151_884(1.0),Q,IT,UNEM_R,9,Y15-74,2023M12G13,2013-10-01,12.571472,,,,,,,,,,,
IT1:151_884(1.0),Q,IT,UNEM_R,9,Y15-74,2023M3G15,2013-10-01,12.569154,,,,,,,,,,,
IT1:151_884(1.0),Q,IT,UNEM_R,9,Y15-74,2023M6G13,2013-10-01,12.572256,,,,,,,,,,,
IT1:151_884(1.0),Q,IT,UNEM_R,9,Y15-74,2023M9G13,2013-10-01,12.573332,,,,,,,,,,,
IT1:151_884(1.0),Q,IT,UNEM_R,9,Y15-74,2024M12G12,2013-10-01,12.589428,,,,,,,,,,,
IT1:151_884(1.0),Q,IT,UNEM_R,9,Y15-74,2024M3G13,2013-10-01,12.585519,,,,,,,,,,,
IT1:151_884(1.0),Q,IT,UNEM_R,9,Y15-74,2024M6G13,2013-10-01,12.587492,,,,,,,,,,,
IT1:151_884(1.0),Q,IT,UNEM_R,9,Y15-74,2024M9G12,2013-10-01,12.586343,,,,,,,,,,,
IT1:151_884(1.0),Q,IT,UNEM_R,9,Y15-74,2025M12G11,2013-10-01,12.595851,,,,,,,,,,,
IT1:151_884(1.0),Q,IT,UNEM_R,9,Y15-74,2025M3G13,2013-10-01,12.604505,,,,,,,,,,,
IT1:151_884(1.0),Q,IT,UNEM_R,9,Y15-74,2025M6G12,2013-10-01,12.60418,,,,,,,,,,,
IT1:151_884(1.0),Q,IT,UNEM_R,9,Y15-74,2025M9G12,2013-10-01,12.597671,,,,,,,,,,,
IT1:151_884(1.0),Q,IT,UNEM_R,9,Y15-74,2026M3G12,2013-10-01,12.59166,,,,,,,,,,,
IT1:151_884(1.0),Q,IT,UNEM_R,9,Y15-74,2022M12G14,2014-01-01,12.92647,,,,,,,,,,,
IT1:151_884(1.0),Q,IT,UNEM_R,9,Y15-74,2022M3G11,2014-01-01,12.928297,,,,,,,,,,,
IT1:151_884(1.0),Q,IT,UNEM_R,9,Y15-74,2022M6G13,2014-01-01,12.926191,,,,,,,,,,,
IT1:151_884(1.0),Q,IT,UNEM_R,9,Y15-74,2022M9G13,2014-01-01,12.926008,,,,,,,,,,,
IT1:151_884(1.0),Q,IT,UNEM_R,9,Y15-74,2023M12G13,2014-01-01,12.920273,,,,,,,,,,,
IT1:151_884(1.0),Q,IT,UNEM_R,9,Y15-74,2023M3G15,2014-01-01,12.919024,,,,,,,,,,,
IT1:151_884(1.0),Q,IT,UNEM_R,9,Y15-74,2023M6G13,2014-01-01,12.919048,,,,,,,,,,,
IT1:151_884(1.0),Q,IT,UNEM_R,9,Y15-74,2023M9G13,2014-01-01,12.91902,,,,,,,,,,,
IT1:151_884(1.0),Q,IT,UNEM_R,9,Y15-74,2024M12G12,2014-01-01,12.881661,,,,,,,,,,,
IT1:151_884(1.0),Q,IT,UNEM_R,9,Y15-74,2024M3G13,2014-01-01,12.87898,,,,,,,,,,,
IT1:151_884(1.0),Q,IT,UNEM_R,9,Y15-74,2024M6G13,2014-01-01,12.878404,,,,,,,,,,,
IT1:151_884(1.0),Q,IT,UNEM_R,9,Y15-74,2024M9G12,2014-01-01,12.87754,,,,,,,,,,,
IT1:151_884(1.0),Q,IT,UNEM_R,9,Y15-74,2025M12G11,2014-01-01,12.896228,,,,,,,,,,,
IT1:151_884(1.0),Q,IT,UNEM_R,9,Y15-74,2025M3G13,2014-01-01,12.899193,,,,,,,,,,,
IT1:151_884(1.0),Q,IT,UNEM_R,9,Y15-74,2025M6G12,2014-01-01,12.89917,,,,,,,,,,,
IT1:151_884(1.0),Q,IT,UNEM_R,9,Y15-74,2025M9G12,2014-01-01,12.896501,,,,,,,,,,,
IT1:151_884(1.0),Q,IT,UNEM_R,9,Y15-74,2026M3G12,2014-01-01,12.902575,,,,,,,,,,,
IT1:151_884(1.0),Q,IT,UNEM_R,9,Y15-74,2022M12G14,2014-04-01,12.645033,,,,,,,,,,,
IT1:151_884(1.0),Q,IT,UNEM_R,9,Y15-74,2022M3G11,2014-04-01,12.641092,,,,,,,,,,,
IT1:151_884(1.0),Q,IT,UNEM_R,9,Y15-74,2022M6G13,2014-04-01,12.642454,,,,,,,,,,,
IT1:151_884(1.0),Q,IT,UNEM_R,9,Y15-74,2022M9G13,2014-04-01,12.64346,,,,,,,,,,,
IT1:151_884(1.0),Q,IT,UNEM_R,9,Y15-74,2023M12G13,2014-04-01,12.619776,,,,,,,,,,,
IT1:151_884(1.0),Q,IT,UNEM_R,9,Y15-74,2023M3G15,2014-04-01,12.620339,,,,,,,,,,,
IT1:151_884(1.0),Q,IT,UNEM_R,9,Y15-74,2023M6G13,2014-04-01,12.619578,,,,,,,,,,,
IT1:151_884(1.0),Q,IT,UNEM_R,9,Y15-74,2023M9G13,2014-04-01,12.618622,,,,,,,,,,,
IT1:151_884(1.0),Q,IT,UNEM_R,9,Y15-74,2024M12G12,2014-04-01,12.588095,,,,,,,,,,,
IT1:151_884(1.0),Q,IT,UNEM_R,9,Y15-74,2024M3G13,2014-04-01,12.592055,,,,,,,,,,,
IT1:151_884(1.0),Q,IT,UNEM_R,9,Y15-74,2024M6G13,2014-04-01,12.590976,,,,,,,,,,,
IT1:151_884(1.0),Q,IT,UNEM_R,9,Y15-74,2024M9G12,2014-04-01,12.593495,,,,,,,,,,,
IT1:151_884(1.0),Q,IT,UNEM_R,9,Y15-74,2025M12G11,2014-04-01,12.57735,,,,,,,,,,,
IT1:151_884(1.0),Q,IT,UNEM_R,9,Y15-74,2025M3G13,2014-04-01,12.579156,,,,,,,,,,,
IT1:151_884(1.0),Q,IT,UNEM_R,9,Y15-74,2025M6G12,2014-04-01,12.578483,,,,,,,,,,,
IT1:151_884(1.0),Q,IT,UNEM_R,9,Y15-74,2025M9G12,2014-04-01,12.57794,,,,,,,,,,,
IT1:151_884(1.0),Q,IT,UNEM_R,9,Y15-74,2026M3G12,2014-04-01,12.566199,,,,,,,,,,,
IT1:151_884(1.0),Q,IT,UNEM_R,9,Y15-74,2022M12G14,2014-07-01,12.736534,,,,,,,,,,,
IT1:151_884(1.0),Q,IT,UNEM_R,9,Y15-74,2022M3G11,2014-07-01,12.735439,,,,,,,,,,,
IT1:151_884(1.0),Q,IT,UNEM_R,9,Y15-74,2022M6G13,2014-07-01,12.737561,,,,,,,,,,,
IT1:151_884(1.0),Q,IT,UNEM_R,9,Y15-74,2022M9G13,2014-07-01,12.73805,,,,,,,,,,,
IT1:151_884(1.0),Q,IT,UNEM_R,9,Y15-74,2023M12G13,2014-07-01,12.767605,,,,,,,,,,,
IT1:151_884(1.0),Q,IT,UNEM_R,9,Y15-74,2023M3G15,2014-07-01,12.769482,,,,,,,,,,,
IT1:151_884(1.0),Q,IT,UNEM_R,9,Y15-74,2023M6G13,2014-07-01,12.768377,,,,,,,,,,,
IT1:151_884(1.0),Q,IT,UNEM_R,9,Y15-74,2023M9G13,2014-07-01,12.768985,,,,,,,,,,,
IT1:151_884(1.0),Q,IT,UNEM_R,9,Y15-74,2024M12G12,2014-07-01,12.799412,,,,,,,,,,,
IT1:151_884(1.0),Q,IT,UNEM_R,9,Y15-74,2024M3G13,2014-07-01,12.800073,,,,,,,,,,,
IT1:151_884(1.0),Q,IT,UNEM_R,9,Y15-74,2024M6G13,2014-07-01,12.800441,,,,,,,,,,,
IT1:151_884(1.0),Q,IT,UNEM_R,9,Y15-74,2024M9G12,2014-07-01,12.802467,,,,,,,,,,,
IT1:151_884(1.0),Q,IT,UNEM_R,9,Y15-74,2025M12G11,2014-07-01,12.781262,,,,,,,,,,,
IT1:151_884(1.0),Q,IT,UNEM_R,9,Y15-74,2025M3G13,2014-07-01,12.770357,,,,,,,,,,,
IT1:151_884(1.0),Q,IT,UNEM_R,9,Y15-74,2025M6G12,2014-07-01,12.77144,,,,,,,,,,,
IT1:151_884(1.0),Q,IT,UNEM_R,9,Y15-74,2025M9G12,2014-07-01,12.781134,,,,,,,,,,,
IT1:151_884(1.0),Q,IT,UNEM_R,9,Y15-74,2026M3G12,2014-07-01,12.797005,,,,,,,,,,,
IT1:151_884(1.0),Q,IT,UNEM_R,9,Y15-74,2022M12G14,2014-10-01,12.855438,,,,,,,,,,,
IT1:151_884(1.0),Q,IT,UNEM_R,9,Y15-74,2022M3G11,2014-10-01,12.858771,,,,,,,,,,,
IT1:151_884(1.0),Q,IT,UNEM_R,9,Y15-74,2022M6G13,2014-10-01,12.85699,,,,,,,,,,,
IT1:151_884(1.0),Q,IT,UNEM_R,9,Y15-74,2022M9G13,2014-10-01,12.855572,,,,,,,,,,,
IT1:151_884(1.0),Q,IT,UNEM_R,9,Y15-74,2023M12G13,2014-10-01,12.870493,,,,,,,,,,,
IT1:151_884(1.0),Q,IT,UNEM_R,9,Y15-74,2023M3G15,2014-10-01,12.869012,,,,,,,,,,,
IT1:151_884(1.0),Q,IT,UNEM_R,9,Y15-74,2023M6G13,2014-10-01,12.867151,,,,,,,,,,,
IT1:151_884(1.0),Q,IT,UNEM_R,9,Y15-74,2023M9G13,2014-10-01,12.868287,,,,,,,,,,,
IT1:151_884(1.0),Q,IT,UNEM_R,9,Y15-74,2024M12G12,2014-10-01,12.889984,,,,,,,,,,,
IT1:151_884(1.0),Q,IT,UNEM_R,9,Y15-74,2024M3G13,2014-10-01,12.886226,,,,,,,,,,,
IT1:151_884(1.0),Q,IT,UNEM_R,9,Y15-74,2024M6G13,2014-10-01,12.8869,,,,,,,,,,,
IT1:151_884(1.0),Q,IT,UNEM_R,9,Y15-74,2024M9G12,2014-10-01,12.887835,,,,,,,,,,,
IT1:151_884(1.0),Q,IT,UNEM_R,9,Y15-74,2025M12G11,2014-10-01,12.904477,,,,,,,,,,,
IT1:151_884(1.0),Q,IT,UNEM_R,9,Y15-74,2025M3G13,2014-10-01,12.908447,,,,,,,,,,,
IT1:151_884(1.0),Q,IT,UNEM_R,9,Y15-74,2025M6G12,2014-10-01,12.90964,,,,,,,,,,,
IT1:151_884(1.0),Q,IT,UNEM_R,9,Y15-74,2025M9G12,2014-10-01,12.902794,,,,,,,,,,,
IT1:151_884(1.0),Q,IT,UNEM_R,9,Y15-74,2026M3G12,2014-10-01,12.896193,,,,,,,,,,,
IT1:151_884(1.0),Q,IT,UNEM_R,9,Y15-74,2022M12G14,2015-01-01,12.529021,,,,,,,,,,,
IT1:151_884(1.0),Q,IT,UNEM_R,9,Y15-74,2022M3G11,2015-01-01,12.530904,,,,,,,,,,,
IT1:151_884(1.0),Q,IT,UNEM_R,9,Y15-74,2022M6G13,2015-01-01,12.529076,,,,,,,,,,,
IT1:151_884(1.0),Q,IT,UNEM_R,9,Y15-74,2022M9G13,2015-01-01,12.529484,,,,,,,,,,,
IT1:151_884(1.0),Q,IT,UNEM_R,9,Y15-74,2023M12G13,2015-01-01,12.497247,,,,,,,,,,,
IT1:151_884(1.0),Q,IT,UNEM_R,9,Y15-74,2023M3G15,2015-01-01,12.496832,,,,,,,,,,,
IT1:151_884(1.0),Q,IT,UNEM_R,9,Y15-74,2023M6G13,2015-01-01,12.499567,,,,,,,,,,,
IT1:151_884(1.0),Q,IT,UNEM_R,9,Y15-74,2023M9G13,2015-01-01,12.498517,,,,,,,,,,,
IT1:151_884(1.0),Q,IT,UNEM_R,9,Y15-74,2024M12G12,2015-01-01,12.456602,,,,,,,,,,,
IT1:151_884(1.0),Q,IT,UNEM_R,9,Y15-74,2024M3G13,2015-01-01,12.455643,,,,,,,,,,,
IT1:151_884(1.0),Q,IT,UNEM_R,9,Y15-74,2024M6G13,2015-01-01,12.455372,,,,,,,,,,,
IT1:151_884(1.0),Q,IT,UNEM_R,9,Y15-74,2024M9G12,2015-01-01,12.455883,,,,,,,,,,,
IT1:151_884(1.0),Q,IT,UNEM_R,9,Y15-74,2025M12G11,2015-01-01,12.474565,,,,,,,,,,,
IT1:151_884(1.0),Q,IT,UNEM_R,9,Y15-74,2025M3G13,2015-01-01,12.475553,,,,,,,,,,,
IT1:151_884(1.0),Q,IT,UNEM_R,9,Y15-74,2025M6G12,2015-01-01,12.475895,,,,,,,,,,,
IT1:151_884(1.0),Q,IT,UNEM_R,9,Y15-74,2025M9G12,2015-01-01,12.473521,,,,,,,,,,,
IT1:151_884(1.0),Q,IT,UNEM_R,9,Y15-74,2026M3G12,2015-01-01,12.485692,,,,,,,,,,,
IT1:151_884(1.0),Q,IT,UNEM_R,9,Y15-74,2022M12G14,2015-04-01,12.252528,,,,,,,,,,,
IT1:151_884(1.0),Q,IT,UNEM_R,9,Y15-74,2022M3G11,2015-04-01,12.249127,,,,,,,,,,,
IT1:151_884(1.0),Q,IT,UNEM_R,9,Y15-74,2022M6G13,2015-04-01,12.24972,,,,,,,,,,,
IT1:151_884(1.0),Q,IT,UNEM_R,9,Y15-74,2022M9G13,2015-04-01,12.250151,,,,,,,,,,,
IT1:151_884(1.0),Q,IT,UNEM_R,9,Y15-74,2023M12G13,2015-04-01,12.255122,,,,,,,,,,,
IT1:151_884(1.0),Q,IT,UNEM_R,9,Y15-74,2023M3G15,2015-04-01,12.255039,,,,,,,,,,,
IT1:151_884(1.0),Q,IT,UNEM_R,9,Y15-74,2023M6G13,2015-04-01,12.25496,,,,,,,,,,,
IT1:151_884(1.0),Q,IT,UNEM_R,9,Y15-74,2023M9G13,2015-04-01,12.255252,,,,,,,,,,,
IT1:151_884(1.0),Q,IT,UNEM_R,9,Y15-74,2024M12G12,2015-04-01,12.300678,,,,,,,,,,,
IT1:151_884(1.0),Q,IT,UNEM_R,9,Y15-74,2024M3G13,2015-04-01,12.300234,,,,,,,,,,,
IT1:151_884(1.0),Q,IT,UNEM_R,9,Y15-74,2024M6G13,2015-04-01,12.299609,,,,,,,,,,,
IT1:151_884(1.0),Q,IT,UNEM_R,9,Y15-74,2024M9G12,2015-04-01,12.299159,,,,,,,,,,,
IT1:151_884(1.0),Q,IT,UNEM_R,9,Y15-74,2025M12G11,2015-04-01,12.303154,,,,,,,,,,,
IT1:151_884(1.0),Q,IT,UNEM_R,9,Y15-74,2025M3G13,2015-04-01,12.302822,,,,,,,,,,,
IT1:151_884(1.0),Q,IT,UNEM_R,9,Y15-74,2025M6G12,2015-04-01,12.301766,,,,,,,,,,,
IT1:151_884(1.0),Q,IT,UNEM_R,9,Y15-74,2025M9G12,2015-04-01,12.303557,,,,,,,,,,,
IT1:151_884(1.0),Q,IT,UNEM_R,9,Y15-74,2026M3G12,2015-04-01,12.302911,,,,,,,,,,,
IT1:151_884(1.0),Q,IT,UNEM_R,9,Y15-74,2022M12G14,2015-07-01,11.633658,,,,,,,,,,,
IT1:151_884(1.0),Q,IT,UNEM_R,9,Y15-74,2022M3G11,2015-07-01,11.632844,,,,,,,,,,,
IT1:151_884(1.0),Q,IT,UNEM_R,9,Y15-74,2022M6G13,2015-07-01,11.634685,,,,,,,,,,,
IT1:151_884(1.0),Q,IT,UNEM_R,9,Y15-74,2022M9G13,2015-07-01,11.634836,,,,,,,,,,,
IT1:151_884(1.0),Q,IT,UNEM_R,9,Y15-74,2023M12G13,2015-07-01,11.655835,,,,,,,,,,,
IT1:151_884(1.0),Q,IT,UNEM_R,9,Y15-74,2023M3G15,2015-07-01,11.658212,,,,,,,,,,,
IT1:151_884(1.0),Q,IT,UNEM_R,9,Y15-74,2023M6G13,2015-07-01,11.656323,,,,,,,,,,,
IT1:151_884(1.0),Q,IT,UNEM_R,9,Y15-74,2023M9G13,2015-07-01,11.656176,,,,,,,,,,,
IT1:151_884(1.0),Q,IT,UNEM_R,9,Y15-74,2024M12G12,2015-07-01,11.66091,,,,,,,,,,,
IT1:151_884(1.0),Q,IT,UNEM_R,9,Y15-74,2024M3G13,2015-07-01,11.667514,,,,,,,,,,,
IT1:151_884(1.0),Q,IT,UNEM_R,9,Y15-74,2024M6G13,2015-07-01,11.66705,,,,,,,,,,,
IT1:151_884(1.0),Q,IT,UNEM_R,9,Y15-74,2024M9G12,2015-07-01,11.662578,,,,,,,,,,,
IT1:151_884(1.0),Q,IT,UNEM_R,9,Y15-74,2025M12G11,2015-07-01,11.626932,,,,,,,,,,,
IT1:151_884(1.0),Q,IT,UNEM_R,9,Y15-74,2025M3G13,2015-07-01,11.624213,,,,,,,,,,,
IT1:151_884(1.0),Q,IT,UNEM_R,9,Y15-74,2025M6G12,2015-07-01,11.622478,,,,,,,,,,,
IT1:151_884(1.0),Q,IT,UNEM_R,9,Y15-74,2025M9G12,2015-07-01,11.62808,,,,,,,,,,,
IT1:151_884(1.0),Q,IT,UNEM_R,9,Y15-74,2026M3G12,2015-07-01,11.620916,,,,,,,,,,,
IT1:151_884(1.0),Q,IT,UNEM_R,9,Y15-74,2022M12G14,2015-10-01,11.68564,,,,,,,,,,,
IT1:151_884(1.0),Q,IT,UNEM_R,9,Y15-74,2022M3G11,2015-10-01,11.687618,,,,,,,,,,,
IT1:151_884(1.0),Q,IT,UNEM_R,9,Y15-74,2022M6G13,2015-10-01,11.687436,,,,,,,,,,,
IT1:151_884(1.0),Q,IT,UNEM_R,9,Y15-74,2022M9G13,2015-10-01,11.687008,,,,,,,,,,,
IT1:151_884(1.0),Q,IT,UNEM_R,9,Y15-74,2023M12G13,2015-10-01,11.675489,,,,,,,,,,,
IT1:151_884(1.0),Q,IT,UNEM_R,9,Y15-74,2023M3G15,2015-10-01,11.673294,,,,,,,,,,,
IT1:151_884(1.0),Q,IT,UNEM_R,9,Y15-74,2023M6G13,2015-10-01,11.675618,,,,,,,,,,,
IT1:151_884(1.0),Q,IT,UNEM_R,9,Y15-74,2023M9G13,2015-10-01,11.676034,,,,,,,,,,,
IT1:151_884(1.0),Q,IT,UNEM_R,9,Y15-74,2024M12G12,2015-10-01,11.639424,,,,,,,,,,,
IT1:151_884(1.0),Q,IT,UNEM_R,9,Y15-74,2024M3G13,2015-10-01,11.634636,,,,,,,,,,,
IT1:151_884(1.0),Q,IT,UNEM_R,9,Y15-74,2024M6G13,2015-10-01,11.63657,,,,,,,,,,,
IT1:151_884(1.0),Q,IT,UNEM_R,9,Y15-74,2024M9G12,2015-10-01,11.640506,,,,,,,,,,,
IT1:151_884(1.0),Q,IT,UNEM_R,9,Y15-74,2025M12G11,2015-10-01,11.658351,,,,,,,,,,,
IT1:151_884(1.0),Q,IT,UNEM_R,9,Y15-74,2025M3G13,2015-10-01,11.658808,,,,,,,,,,,
IT1:151_884(1.0),Q,IT,UNEM_R,9,Y15-74,2025M6G12,2015-10-01,11.661031,,,,,,,,,,,
IT1:151_884(1.0),Q,IT,UNEM_R,9,Y15-74,2025M9G12,2015-10-01,11.657149,,,,,,,,,,,
IT1:151_884(1.0),Q,IT,UNEM_R,9,Y15-74,2026M3G12,2015-10-01,11.659389,,,,,,,,,,,
IT1:151_884(1.0),Q,IT,UNEM_R,9,Y15-74,2022M12G14,2016-01-01,11.669868,,,,,,,,,,,
IT1:151_884(1.0),Q,IT,UNEM_R,9,Y15-74,2022M3G11,2016-01-01,11.67109,,,,,,,,,,,
IT1:151_884(1.0),Q,IT,UNEM_R,9,Y15-74,2022M6G13,2016-01-01,11.66974,,,,,,,,,,,
IT1:151_884(1.0),Q,IT,UNEM_R,9,Y15-74,2022M9G13,2016-01-01,11.669425,,,,,,,,,,,
IT1:151_884(1.0),Q,IT,UNEM_R,9,Y15-74,2023M12G13,2016-01-01,11.653149,,,,,,,,,,,
IT1:151_884(1.0),Q,IT,UNEM_R,9,Y15-74,2023M3G15,2016-01-01,11.652827,,,,,,,,,,,
IT1:151_884(1.0),Q,IT,UNEM_R,9,Y15-74,2023M6G13,2016-01-01,11.654384,,,,,,,,,,,
IT1:151_884(1.0),Q,IT,UNEM_R,9,Y15-74,2023M9G13,2016-01-01,11.653913,,,,,,,,,,,
IT1:151_884(1.0),Q,IT,UNEM_R,9,Y15-74,2024M12G12,2016-01-01,11.624958,,,,,,,,,,,
IT1:151_884(1.0),Q,IT,UNEM_R,9,Y15-74,2024M3G13,2016-01-01,11.624127,,,,,,,,,,,
IT1:151_884(1.0),Q,IT,UNEM_R,9,Y15-74,2024M6G13,2016-01-01,11.624503,,,,,,,,,,,
IT1:151_884(1.0),Q,IT,UNEM_R,9,Y15-74,2024M9G12,2016-01-01,11.625221,,,,,,,,,,,
IT1:151_884(1.0),Q,IT,UNEM_R,9,Y15-74,2025M12G11,2016-01-01,11.64219,,,,,,,,,,,
IT1:151_884(1.0),Q,IT,UNEM_R,9,Y15-74,2025M3G13,2016-01-01,11.642344,,,,,,,,,,,
IT1:151_884(1.0),Q,IT,UNEM_R,9,Y15-74,2025M6G12,2016-01-01,11.643179,,,,,,,,,,,
IT1:151_884(1.0),Q,IT,UNEM_R,9,Y15-74,2025M9G12,2016-01-01,11.640624,,,,,,,,,,,
IT1:151_884(1.0),Q,IT,UNEM_R,9,Y15-74,2026M3G12,2016-01-01,11.644208,,,,,,,,,,,
IT1:151_884(1.0),Q,IT,UNEM_R,9,Y15-74,2022M12G14,2016-04-01,11.706275,,,,,,,,,,,
IT1:151_884(1.0),Q,IT,UNEM_R,9,Y15-74,2022M3G11,2016-04-01,11.70196,,,,,,,,,,,
IT1:151_884(1.0),Q,IT,UNEM_R,9,Y15-74,2022M6G13,2016-04-01,11.70316,,,,,,,,,,,
IT1:151_884(1.0),Q,IT,UNEM_R,9,Y15-74,2022M9G13,2016-04-01,11.704321,,,,,,,,,,,
IT1:151_884(1.0),Q,IT,UNEM_R,9,Y15-74,2023M12G13,2016-04-01,11.698957,,,,,,,,,,,
IT1:151_884(1.0),Q,IT,UNEM_R,9,Y15-74,2023M3G15,2016-04-01,11.699083,,,,,,,,,,,
IT1:151_884(1.0),Q,IT,UNEM_R,9,Y15-74,2023M6G13,2016-04-01,11.696507,,,,,,,,,,,
IT1:151_884(1.0),Q,IT,UNEM_R,9,Y15-74,2023M9G13,2016-04-01,11.696136,,,,,,,,,,,
IT1:151_884(1.0),Q,IT,UNEM_R,9,Y15-74,2024M12G12,2016-04-01,11.701784,,,,,,,,,,,
IT1:151_884(1.0),Q,IT,UNEM_R,9,Y15-74,2024M3G13,2016-04-01,11.702514,,,,,,,,,,,
IT1:151_884(1.0),Q,IT,UNEM_R,9,Y15-74,2024M6G13,2016-04-01,11.701115,,,,,,,,,,,
IT1:151_884(1.0),Q,IT,UNEM_R,9,Y15-74,2024M9G12,2016-04-01,11.700026,,,,,,,,,,,
IT1:151_884(1.0),Q,IT,UNEM_R,9,Y15-74,2025M12G11,2016-04-01,11.691996,,,,,,,,,,,
IT1:151_884(1.0),Q,IT,UNEM_R,9,Y15-74,2025M3G13,2016-04-01,11.696728,,,,,,,,,,,
IT1:151_884(1.0),Q,IT,UNEM_R,9,Y15-74,2025M6G12,2016-04-01,11.694648,,,,,,,,,,,
IT1:151_884(1.0),Q,IT,UNEM_R,9,Y15-74,2025M9G12,2016-04-01,11.693813,,,,,,,,,,,
IT1:151_884(1.0),Q,IT,UNEM_R,9,Y15-74,2026M3G12,2016-04-01,11.685431,,,,,,,,,,,
IT1:151_884(1.0),Q,IT,UNEM_R,9,Y15-74,2022M12G14,2016-07-01,11.658972,,,,,,,,,,,
IT1:151_884(1.0),Q,IT,UNEM_R,9,Y15-74,2022M3G11,2016-07-01,11.660541,,,,,,,,,,,
IT1:151_884(1.0),Q,IT,UNEM_R,9,Y15-74,2022M6G13,2016-07-01,11.660368,,,,,,,,,,,
IT1:151_884(1.0),Q,IT,UNEM_R,9,Y15-74,2022M9G13,2016-07-01,11.660166,,,,,,,,,,,
IT1:151_884(1.0),Q,IT,UNEM_R,9,Y15-74,2023M12G13,2016-07-01,11.678331,,,,,,,,,,,
IT1:151_884(1.0),Q,IT,UNEM_R,9,Y15-74,2023M3G15,2016-07-01,11.680017,,,,,,,,,,,
IT1:151_884(1.0),Q,IT,UNEM_R,9,Y15-74,2023M6G13,2016-07-01,11.679805,,,,,,,,,,,
IT1:151_884(1.0),Q,IT,UNEM_R,9,Y15-74,2023M9G13,2016-07-01,11.680514,,,,,,,,,,,
IT1:151_884(1.0),Q,IT,UNEM_R,9,Y15-74,2024M12G12,2016-07-01,11.720355,,,,,,,,,,,
IT1:151_884(1.0),Q,IT,UNEM_R,9,Y15-74,2024M3G13,2016-07-01,11.724387,,,,,,,,,,,
IT1:151_884(1.0),Q,IT,UNEM_R,9,Y15-74,2024M6G13,2016-07-01,11.724725,,,,,,,,,,,
IT1:151_884(1.0),Q,IT,UNEM_R,9,Y15-74,2024M9G12,2016-07-01,11.719686,,,,,,,,,,,
IT1:151_884(1.0),Q,IT,UNEM_R,9,Y15-74,2025M12G11,2016-07-01,11.703176,,,,,,,,,,,
IT1:151_884(1.0),Q,IT,UNEM_R,9,Y15-74,2025M3G13,2016-07-01,11.698424,,,,,,,,,,,
IT1:151_884(1.0),Q,IT,UNEM_R,9,Y15-74,2025M6G12,2016-07-01,11.698117,,,,,,,,,,,
IT1:151_884(1.0),Q,IT,UNEM_R,9,Y15-74,2025M9G12,2016-07-01,11.703112,,,,,,,,,,,
IT1:151_884(1.0),Q,IT,UNEM_R,9,Y15-74,2026M3G12,2016-07-01,11.70411,,,,,,,,,,,
IT1:151_884(1.0),Q,IT,UNEM_R,9,Y15-74,2022M12G14,2016-10-01,11.818409,,,,,,,,,,,
IT1:151_884(1.0),Q,IT,UNEM_R,9,Y15-74,2022M3G11,2016-10-01,11.820163,,,,,,,,,,,
IT1:151_884(1.0),Q,IT,UNEM_R,9,Y15-74,2022M6G13,2016-10-01,11.819462,,,,,,,,,,,
IT1:151_884(1.0),Q,IT,UNEM_R,9,Y15-74,2022M9G13,2016-10-01,11.819313,,,,,,,,,,,
IT1:151_884(1.0),Q,IT,UNEM_R,9,Y15-74,2023M12G13,2016-10-01,11.826159,,,,,,,,,,,
IT1:151_884(1.0),Q,IT,UNEM_R,9,Y15-74,2023M3G15,2016-10-01,11.825459,,,,,,,,,,,
IT1:151_884(1.0),Q,IT,UNEM_R,9,Y15-74,2023M6G13,2016-10-01,11.825346,,,,,,,,,,,
IT1:151_884(1.0),Q,IT,UNEM_R,9,Y15-74,2023M9G13,2016-10-01,11.825335,,,,,,,,,,,
IT1:151_884(1.0),Q,IT,UNEM_R,9,Y15-74,2024M12G12,2016-10-01,11.847473,,,,,,,,,,,
IT1:151_884(1.0),Q,IT,UNEM_R,9,Y15-74,2024M3G13,2016-10-01,11.843752,,,,,,,,,,,
IT1:151_884(1.0),Q,IT,UNEM_R,9,Y15-74,2024M6G13,2016-10-01,11.843149,,,,,,,,,,,
IT1:151_884(1.0),Q,IT,UNEM_R,9,Y15-74,2024M9G12,2016-10-01,11.84517,,,,,,,,,,,
IT1:151_884(1.0),Q,IT,UNEM_R,9,Y15-74,2025M12G11,2016-10-01,11.858154,,,,,,,,,,,
IT1:151_884(1.0),Q,IT,UNEM_R,9,Y15-74,2025M3G13,2016-10-01,11.854638,,,,,,,,,,,
IT1:151_884(1.0),Q,IT,UNEM_R,9,Y15-74,2025M6G12,2016-10-01,11.858053,,,,,,,,,,,
IT1:151_884(1.0),Q,IT,UNEM_R,9,Y15-74,2025M9G12,2016-10-01,11.857185,,,,,,,,,,,
IT1:151_884(1.0),Q,IT,UNEM_R,9,Y15-74,2026M3G12,2016-10-01,11.861308,,,,,,,,,,,
IT1:151_884(1.0),Q,IT,UNEM_R,9,Y15-74,2022M12G14,2017-01-01,11.657401,,,,,,,,,,,
IT1:151_884(1.0),Q,IT,UNEM_R,9,Y15-74,2022M3G11,2017-01-01,11.65933,,,,,,,,,,,
IT1:151_884(1.0),Q,IT,UNEM_R,9,Y15-74,2022M6G13,2017-01-01,11.658674,,,,,,,,,,,
IT1:151_884(1.0),Q,IT,UNEM_R,9,Y15-74,2022M9G13,2017-01-01,11.658072,,,,,,,,,,,
IT1:151_884(1.0),Q,IT,UNEM_R,9,Y15-74,2023M12G13,2017-01-01,11.638771,,,,,,,,,,,
IT1:151_884(1.0),Q,IT,UNEM_R,9,Y15-74,2023M3G15,2017-01-01,11.638259,,,,,,,,,,,
IT1:151_884(1.0),Q,IT,UNEM_R,9,Y15-74,2023M6G13,2017-01-01,11.638861,,,,,,,,,,,
IT1:151_884(1.0),Q,IT,UNEM_R,9,Y15-74,2023M9G13,2017-01-01,11.638705,,,,,,,,,,,
IT1:151_884(1.0),Q,IT,UNEM_R,9,Y15-74,2024M12G12,2017-01-01,11.590465,,,,,,,,,,,
IT1:151_884(1.0),Q,IT,UNEM_R,9,Y15-74,2024M3G13,2017-01-01,11.585884,,,,,,,,,,,
IT1:151_884(1.0),Q,IT,UNEM_R,9,Y15-74,2024M6G13,2017-01-01,11.587207,,,,,,,,,,,
IT1:151_884(1.0),Q,IT,UNEM_R,9,Y15-74,2024M9G12,2017-01-01,11.588316,,,,,,,,,,,
IT1:151_884(1.0),Q,IT,UNEM_R,9,Y15-74,2025M12G11,2017-01-01,11.599521,,,,,,,,,,,
IT1:151_884(1.0),Q,IT,UNEM_R,9,Y15-74,2025M3G13,2017-01-01,11.607943,,,,,,,,,,,
IT1:151_884(1.0),Q,IT,UNEM_R,9,Y15-74,2025M6G12,2017-01-01,11.603878,,,,,,,,,,,
IT1:151_884(1.0),Q,IT,UNEM_R,9,Y15-74,2025M9G12,2017-01-01,11.602718,,,,,,,,,,,
IT1:151_884(1.0),Q,IT,UNEM_R,9,Y15-74,2026M3G12,2017-01-01,11.605788,,,,,,,,,,,
IT1:151_884(1.0),Q,IT,UNEM_R,9,Y15-74,2022M12G14,2017-04-01,11.264691,,,,,,,,,,,
IT1:151_884(1.0),Q,IT,UNEM_R,9,Y15-74,2022M3G11,2017-04-01,11.260207,,,,,,,,,,,
IT1:151_884(1.0),Q,IT,UNEM_R,9,Y15-74,2022M6G13,2017-04-01,11.261592,,,,,,,,,,,
IT1:151_884(1.0),Q,IT,UNEM_R,9,Y15-74,2022M9G13,2017-04-01,11.262095,,,,,,,,,,,
IT1:151_884(1.0),Q,IT,UNEM_R,9,Y15-74,2023M12G13,2017-04-01,11.260672,,,,,,,,,,,
IT1:151_884(1.0),Q,IT,UNEM_R,9,Y15-74,2023M3G15,2017-04-01,11.259671,,,,,,,,,,,
IT1:151_884(1.0),Q,IT,UNEM_R,9,Y15-74,2023M6G13,2017-04-01,11.260997,,,,,,,,,,,
IT1:151_884(1.0),Q,IT,UNEM_R,9,Y15-74,2023M9G13,2017-04-01,11.261031,,,,,,,,,,,
IT1:151_884(1.0),Q,IT,UNEM_R,9,Y15-74,2024M12G12,2017-04-01,11.269135,,,,,,,,,,,
IT1:151_884(1.0),Q,IT,UNEM_R,9,Y15-74,2024M3G13,2017-04-01,11.272737,,,,,,,,,,,
IT1:151_884(1.0),Q,IT,UNEM_R,9,Y15-74,2024M6G13,2017-04-01,11.272706,,,,,,,,,,,
IT1:151_884(1.0),Q,IT,UNEM_R,9,Y15-74,2024M9G12,2017-04-01,11.274862,,,,,,,,,,,
IT1:151_884(1.0),Q,IT,UNEM_R,9,Y15-74,2025M12G11,2017-04-01,11.270498,,,,,,,,,,,
IT1:151_884(1.0),Q,IT,UNEM_R,9,Y15-74,2025M3G13,2017-04-01,11.270985,,,,,,,,,,,
IT1:151_884(1.0),Q,IT,UNEM_R,9,Y15-74,2025M6G12,2017-04-01,11.271214,,,,,,,,,,,
IT1:151_884(1.0),Q,IT,UNEM_R,9,Y15-74,2025M9G12,2017-04-01,11.268879,,,,,,,,,,,
IT1:151_884(1.0),Q,IT,UNEM_R,9,Y15-74,2026M3G12,2017-04-01,11.265933,,,,,,,,,,,
IT1:151_884(1.0),Q,IT,UNEM_R,9,Y15-74,2022M12G14,2017-07-01,11.285069,,,,,,,,,,,
IT1:151_884(1.0),Q,IT,UNEM_R,9,Y15-74,2022M3G11,2017-07-01,11.284458,,,,,,,,,,,
IT1:151_884(1.0),Q,IT,UNEM_R,9,Y15-74,2022M6G13,2017-07-01,11.284893,,,,,,,,,,,
IT1:151_884(1.0),Q,IT,UNEM_R,9,Y15-74,2022M9G13,2017-07-01,11.285091,,,,,,,,,,,
IT1:151_884(1.0),Q,IT,UNEM_R,9,Y15-74,2023M12G13,2017-07-01,11.31602,,,,,,,,,,,
IT1:151_884(1.0),Q,IT,UNEM_R,9,Y15-74,2023M3G15,2017-07-01,11.31856,,,,,,,,,,,
IT1:151_884(1.0),Q,IT,UNEM_R,9,Y15-74,2023M6G13,2017-07-01,11.314714,,,,,,,,,,,
IT1:151_884(1.0),Q,IT,UNEM_R,9,Y15-74,2023M9G13,2017-07-01,11.314921,,,,,,,,,,,
IT1:151_884(1.0),Q,IT,UNEM_R,9,Y15-74,2024M12G12,2017-07-01,11.334836,,,,,,,,,,,
IT1:151_884(1.0),Q,IT,UNEM_R,9,Y15-74,2024M3G13,2017-07-01,11.337768,,,,,,,,,,,
IT1:151_884(1.0),Q,IT,UNEM_R,9,Y15-74,2024M6G13,2017-07-01,11.336802,,,,,,,,,,,
IT1:151_884(1.0),Q,IT,UNEM_R,9,Y15-74,2024M9G12,2017-07-01,11.33211,,,,,,,,,,,
IT1:151_884(1.0),Q,IT,UNEM_R,9,Y15-74,2025M12G11,2017-07-01,11.307069,,,,,,,,,,,
IT1:151_884(1.0),Q,IT,UNEM_R,9,Y15-74,2025M3G13,2017-07-01,11.300381,,,,,,,,,,,
IT1:151_884(1.0),Q,IT,UNEM_R,9,Y15-74,2025M6G12,2017-07-01,11.300492,,,,,,,,,,,
IT1:151_884(1.0),Q,IT,UNEM_R,9,Y15-74,2025M9G12,2017-07-01,11.30819,,,,,,,,,,,
IT1:151_884(1.0),Q,IT,UNEM_R,9,Y15-74,2026M3G12,2017-07-01,11.306627,,,,,,,,,,,
IT1:151_884(1.0),Q,IT,UNEM_R,9,Y15-74,2022M12G14,2017-10-01,10.993852,,,,,,,,,,,
IT1:151_884(1.0),Q,IT,UNEM_R,9,Y15-74,2022M3G11,2017-10-01,10.997196,,,,,,,,,,,
IT1:151_884(1.0),Q,IT,UNEM_R,9,Y15-74,2022M6G13,2017-10-01,10.9953,,,,,,,,,,,
IT1:151_884(1.0),Q,IT,UNEM_R,9,Y15-74,2022M9G13,2017-10-01,10.995483,,,,,,,,,,,
IT1:151_884(1.0),Q,IT,UNEM_R,9,Y15-74,2023M12G13,2017-10-01,10.984399,,,,,,,,,,,
IT1:151_884(1.0),Q,IT,UNEM_R,9,Y15-74,2023M3G15,2017-10-01,10.984487,,,,,,,,,,,
IT1:151_884(1.0),Q,IT,UNEM_R,9,Y15-74,2023M6G13,2017-10-01,10.986346,,,,,,,,,,,
IT1:151_884(1.0),Q,IT,UNEM_R,9,Y15-74,2023M9G13,2017-10-01,10.985515,,,,,,,,,,,
IT1:151_884(1.0),Q,IT,UNEM_R,9,Y15-74,2024M12G12,2017-10-01,10.965041,,,,,,,,,,,
IT1:151_884(1.0),Q,IT,UNEM_R,9,Y15-74,2024M3G13,2017-10-01,10.96541,,,,,,,,,,,
IT1:151_884(1.0),Q,IT,UNEM_R,9,Y15-74,2024M6G13,2017-10-01,10.965287,,,,,,,,,,,
IT1:151_884(1.0),Q,IT,UNEM_R,9,Y15-74,2024M9G12,2017-10-01,10.966224,,,,,,,,,,,
IT1:151_884(1.0),Q,IT,UNEM_R,9,Y15-74,2025M12G11,2017-10-01,10.971958,,,,,,,,,,,
IT1:151_884(1.0),Q,IT,UNEM_R,9,Y15-74,2025M3G13,2017-10-01,10.972242,,,,,,,,,,,
IT1:151_884(1.0),Q,IT,UNEM_R,9,Y15-74,2025M6G12,2017-10-01,10.973437,,,,,,,,,,,
IT1:151_884(1.0),Q,IT,UNEM_R,9,Y15-74,2025M9G12,2017-10-01,10.970697,,,,,,,,,,,
IT1:151_884(1.0),Q,IT,UNEM_R,9,Y15-74,2026M3G12,2017-10-01,10.970114,,,,,,,,,,,
IT1:151_884(1.0),Q,IT,UNEM_R,9,Y15-74,2022M12G14,2018-01-01,10.923335,,,,,,,,,,,
IT1:151_884(1.0),Q,IT,UNEM_R,9,Y15-74,2022M3G11,2018-01-01,10.923915,,,,,,,,,,,
IT1:151_884(1.0),Q,IT,UNEM_R,9,Y15-74,2022M6G13,2018-01-01,10.924538,,,,,,,,,,,
IT1:151_884(1.0),Q,IT,UNEM_R,9,Y15-74,2022M9G13,2018-01-01,10.923613,,,,,,,,,,,
IT1:151_884(1.0),Q,IT,UNEM_R,9,Y15-74,2023M12G13,2018-01-01,10.894421,,,,,,,,,,,
IT1:151_884(1.0),Q,IT,UNEM_R,9,Y15-74,2023M3G15,2018-01-01,10.892601,,,,,,,,,,,
IT1:151_884(1.0),Q,IT,UNEM_R,9,Y15-74,2023M6G13,2018-01-01,10.893928,,,,,,,,,,,
IT1:151_884(1.0),Q,IT,UNEM_R,9,Y15-74,2023M9G13,2018-01-01,10.894108,,,,,,,,,,,
IT1:151_884(1.0),Q,IT,UNEM_R,9,Y15-74,2024M12G12,2018-01-01,10.894217,,,,,,,,,,,
IT1:151_884(1.0),Q,IT,UNEM_R,9,Y15-74,2024M3G13,2018-01-01,10.89132,,,,,,,,,,,
IT1:151_884(1.0),Q,IT,UNEM_R,9,Y15-74,2024M6G13,2018-01-01,10.891834,,,,,,,,,,,
IT1:151_884(1.0),Q,IT,UNEM_R,9,Y15-74,2024M9G12,2018-01-01,10.895872,,,,,,,,,,,
IT1:151_884(1.0),Q,IT,UNEM_R,9,Y15-74,2025M12G11,2018-01-01,10.914951,,,,,,,,,,,
IT1:151_884(1.0),Q,IT,UNEM_R,9,Y15-74,2025M3G13,2018-01-01,10.915188,,,,,,,,,,,
IT1:151_884(1.0),Q,IT,UNEM_R,9,Y15-74,2025M6G12,2018-01-01,10.915683,,,,,,,,,,,
IT1:151_884(1.0),Q,IT,UNEM_R,9,Y15-74,2025M9G12,2018-01-01,10.912984,,,,,,,,,,,
IT1:151_884(1.0),Q,IT,UNEM_R,9,Y15-74,2026M3G12,2018-01-01,10.922172,,,,,,,,,,,
IT1:151_884(1.0),Q,IT,UNEM_R,9,Y15-74,2022M12G14,2018-04-01,10.764147,,,,,,,,,,,
IT1:151_884(1.0),Q,IT,UNEM_R,9,Y15-74,2022M3G11,2018-04-01,10.761942,,,,,,,,,,,
IT1:151_884(1.0),Q,IT,UNEM_R,9,Y15-74,2022M6G13,2018-04-01,10.762276,,,,,,,,,,,
IT1:151_884(1.0),Q,IT,UNEM_R,9,Y15-74,2022M9G13,2018-04-01,10.762283,,,,,,,,,,,
IT1:151_884(1.0),Q,IT,UNEM_R,9,Y15-74,2023M12G13,2018-04-01,10.780692,,,,,,,,,,,
IT1:151_884(1.0),Q,IT,UNEM_R,9,Y15-74,2023M3G15,2018-04-01,10.780672,,,,,,,,,,,
IT1:151_884(1.0),Q,IT,UNEM_R,9,Y15-74,2023M6G13,2018-04-01,10.779415,,,,,,,,,,,
IT1:151_884(1.0),Q,IT,UNEM_R,9,Y15-74,2023M9G13,2018-04-01,10.779464,,,,,,,,,,,
IT1:151_884(1.0),Q,IT,UNEM_R,9,Y15-74,2024M12G12,2018-04-01,10.773126,,,,,,,,,,,
IT1:151_884(1.0),Q,IT,UNEM_R,9,Y15-74,2024M3G13,2018-04-01,10.770251,,,,,,,,,,,
IT1:151_884(1.0),Q,IT,UNEM_R,9,Y15-74,2024M6G13,2018-04-01,10.770605,,,,,,,,,,,
IT1:151_884(1.0),Q,IT,UNEM_R,9,Y15-74,2024M9G12,2018-04-01,10.770276,,,,,,,,,,,
IT1:151_884(1.0),Q,IT,UNEM_R,9,Y15-74,2025M12G11,2018-04-01,10.777047,,,,,,,,,,,
IT1:151_884(1.0),Q,IT,UNEM_R,9,Y15-74,2025M3G13,2018-04-01,10.777927,,,,,,,,,,,
IT1:151_884(1.0),Q,IT,UNEM_R,9,Y15-74,2025M6G12,2018-04-01,10.775646,,,,,,,,,,,
IT1:151_884(1.0),Q,IT,UNEM_R,9,Y15-74,2025M9G12,2018-04-01,10.777711,,,,,,,,,,,
IT1:151_884(1.0),Q,IT,UNEM_R,9,Y15-74,2026M3G12,2018-04-01,10.774601,,,,,,,,,,,
IT1:151_884(1.0),Q,IT,UNEM_R,9,Y15-74,2022M12G14,2018-07-01,10.242369,,,,,,,,,,,
IT1:151_884(1.0),Q,IT,UNEM_R,9,Y15-74,2022M3G11,2018-07-01,10.241168,,,,,,,,,,,
IT1:151_884(1.0),Q,IT,UNEM_R,9,Y15-74,2022M6G13,2018-07-01,10.243058,,,,,,,,,,,
IT1:151_884(1.0),Q,IT,UNEM_R,9,Y15-74,2022M9G13,2018-07-01,10.243228,,,,,,,,,,,
IT1:151_884(1.0),Q,IT,UNEM_R,9,Y15-74,2023M12G13,2018-07-01,10.253644,,,,,,,,,,,
IT1:151_884(1.0),Q,IT,UNEM_R,9,Y15-74,2023M3G15,2018-07-01,10.255512,,,,,,,,,,,
IT1:151_884(1.0),Q,IT,UNEM_R,9,Y15-74,2023M6G13,2018-07-01,10.25551,,,,,,,,,,,
IT1:151_884(1.0),Q,IT,UNEM_R,9,Y15-74,2023M9G13,2018-07-01,10.255772,,,,,,,,,,,
IT1:151_884(1.0),Q,IT,UNEM_R,9,Y15-74,2024M12G12,2018-07-01,10.278322,,,,,,,,,,,
IT1:151_884(1.0),Q,IT,UNEM_R,9,Y15-74,2024M3G13,2018-07-01,10.284605,,,,,,,,,,,
IT1:151_884(1.0),Q,IT,UNEM_R,9,Y15-74,2024M6G13,2018-07-01,10.285442,,,,,,,,,,,
IT1:151_884(1.0),Q,IT,UNEM_R,9,Y15-74,2024M9G12,2018-07-01,10.285196,,,,,,,,,,,
IT1:151_884(1.0),Q,IT,UNEM_R,9,Y15-74,2025M12G11,2018-07-01,10.254228,,,,,,,,,,,
IT1:151_884(1.0),Q,IT,UNEM_R,9,Y15-74,2025M3G13,2018-07-01,10.254861,,,,,,,,,,,
IT1:151_884(1.0),Q,IT,UNEM_R,9,Y15-74,2025M6G12,2018-07-01,10.255833,,,,,,,,,,,
IT1:151_884(1.0),Q,IT,UNEM_R,9,Y15-74,2025M9G12,2018-07-01,10.255577,,,,,,,,,,,
IT1:151_884(1.0),Q,IT,UNEM_R,9,Y15-74,2026M3G12,2018-07-01,10.249398,,,,,,,,,,,
IT1:151_884(1.0),Q,IT,UNEM_R,9,Y15-74,2022M12G14,2018-10-01,10.501443,,,,,,,,,,,
IT1:151_884(1.0),Q,IT,UNEM_R,9,Y15-74,2022M3G11,2018-10-01,10.503373,,,,,,,,,,,
IT1:151_884(1.0),Q,IT,UNEM_R,9,Y15-74,2022M6G13,2018-10-01,10.501083,,,,,,,,,,,
IT1:151_884(1.0),Q,IT,UNEM_R,9,Y15-74,2022M9G13,2018-10-01,10.501229,,,,,,,,,,,
IT1:151_884(1.0),Q,IT,UNEM_R,9,Y15-74,2023M12G13,2018-10-01,10.496999,,,,,,,,,,,
IT1:151_884(1.0),Q,IT,UNEM_R,9,Y15-74,2023M3G15,2018-10-01,10.496765,,,,,,,,,,,
IT1:151_884(1.0),Q,IT,UNEM_R,9,Y15-74,2023M6G13,2018-10-01,10.495957,,,,,,,,,,,
IT1:151_884(1.0),Q,IT,UNEM_R,9,Y15-74,2023M9G13,2018-10-01,10.495853,,,,,,,,,,,
IT1:151_884(1.0),Q,IT,UNEM_R,9,Y15-74,2024M12G12,2018-10-01,10.490938,,,,,,,,,,,
IT1:151_884(1.0),Q,IT,UNEM_R,9,Y15-74,2024M3G13,2018-10-01,10.489152,,,,,,,,,,,
IT1:151_884(1.0),Q,IT,UNEM_R,9,Y15-74,2024M6G13,2018-10-01,10.488408,,,,,,,,,,,
IT1:151_884(1.0),Q,IT,UNEM_R,9,Y15-74,2024M9G12,2018-10-01,10.490615,,,,,,,,,,,
IT1:151_884(1.0),Q,IT,UNEM_R,9,Y15-74,2025M12G11,2018-10-01,10.492885,,,,,,,,,,,
IT1:151_884(1.0),Q,IT,UNEM_R,9,Y15-74,2025M3G13,2018-10-01,10.490888,,,,,,,,,,,
IT1:151_884(1.0),Q,IT,UNEM_R,9,Y15-74,2025M6G12,2018-10-01,10.492072,,,,,,,,,,,
IT1:151_884(1.0),Q,IT,UNEM_R,9,Y15-74,2025M9G12,2018-10-01,10.493151,,,,,,,,,,,
IT1:151_884(1.0),Q,IT,UNEM_R,9,Y15-74,2026M3G12,2018-10-01,10.496811,,,,,,,,,,,
IT1:151_884(1.0),Q,IT,UNEM_R,9,Y15-74,2022M12G14,2019-01-01,10.348416,,,,,,,,,,,
IT1:151_884(1.0),Q,IT,UNEM_R,9,Y15-74,2022M3G11,2019-01-01,10.349542,,,,,,,,,,,
IT1:151_884(1.0),Q,IT,UNEM_R,9,Y15-74,2022M6G13,2019-01-01,10.349791,,,,,,,,,,,
IT1:151_884(1.0),Q,IT,UNEM_R,9,Y15-74,2022M9G13,2019-01-01,10.349463,,,,,,,,,,,
IT1:151_884(1.0),Q,IT,UNEM_R,9,Y15-74,2023M12G13,2019-01-01,10.335151,,,,,,,,,,,
IT1:151_884(1.0),Q,IT,UNEM_R,9,Y15-74,2023M3G15,2019-01-01,10.332862,,,,,,,,,,,
IT1:151_884(1.0),Q,IT,UNEM_R,9,Y15-74,2023M6G13,2019-01-01,10.33521,,,,,,,,,,,
IT1:151_884(1.0),Q,IT,UNEM_R,9,Y15-74,2023M9G13,2019-01-01,10.335287,,,,,,,,,,,
IT1:151_884(1.0),Q,IT,UNEM_R,9,Y15-74,2024M12G12,2019-01-01,10.347837,,,,,,,,,,,
IT1:151_884(1.0),Q,IT,UNEM_R,9,Y15-74,2024M3G13,2019-01-01,10.344661,,,,,,,,,,,
IT1:151_884(1.0),Q,IT,UNEM_R,9,Y15-74,2024M6G13,2019-01-01,10.344616,,,,,,,,,,,
IT1:151_884(1.0),Q,IT,UNEM_R,9,Y15-74,2024M9G12,2019-01-01,10.344671,,,,,,,,,,,
IT1:151_884(1.0),Q,IT,UNEM_R,9,Y15-74,2025M12G11,2019-01-01,10.36391,,,,,,,,,,,
IT1:151_884(1.0),Q,IT,UNEM_R,9,Y15-74,2025M3G13,2019-01-01,10.36506,,,,,,,,,,,
IT1:151_884(1.0),Q,IT,UNEM_R,9,Y15-74,2025M6G12,2019-01-01,10.363648,,,,,,,,,,,
IT1:151_884(1.0),Q,IT,UNEM_R,9,Y15-74,2025M9G12,2019-01-01,10.362957,,,,,,,,,,,
IT1:151_884(1.0),Q,IT,UNEM_R,9,Y15-74,2026M3G12,2019-01-01,10.361451,,,,,,,,,,,
IT1:151_884(1.0),Q,IT,UNEM_R,9,Y15-74,2022M12G14,2019-04-01,9.976418,,,,,,,,,,,
IT1:151_884(1.0),Q,IT,UNEM_R,9,Y15-74,2022M3G11,2019-04-01,9.972429,,,,,,,,,,,
IT1:151_884(1.0),Q,IT,UNEM_R,9,Y15-74,2022M6G13,2019-04-01,9.973411,,,,,,,,,,,
IT1:151_884(1.0),Q,IT,UNEM_R,9,Y15-74,2022M9G13,2019-04-01,9.974796,,,,,,,,,,,
IT1:151_884(1.0),Q,IT,UNEM_R,9,Y15-74,2023M12G13,2019-04-01,9.974995,,,,,,,,,,,
IT1:151_884(1.0),Q,IT,UNEM_R,9,Y15-74,2023M3G15,2019-04-01,9.976493,,,,,,,,,,,
IT1:151_884(1.0),Q,IT,UNEM_R,9,Y15-74,2023M6G13,2019-04-01,9.97622,,,,,,,,,,,
IT1:151_884(1.0),Q,IT,UNEM_R,9,Y15-74,2023M9G13,2019-04-01,9.975347,,,,,,,,,,,
IT1:151_884(1.0),Q,IT,UNEM_R,9,Y15-74,2024M12G12,2019-04-01,9.991429,,,,,,,,,,,
IT1:151_884(1.0),Q,IT,UNEM_R,9,Y15-74,2024M3G13,2019-04-01,9.993196,,,,,,,,,,,
IT1:151_884(1.0),Q,IT,UNEM_R,9,Y15-74,2024M6G13,2019-04-01,9.992382,,,,,,,,,,,
IT1:151_884(1.0),Q,IT,UNEM_R,9,Y15-74,2024M9G12,2019-04-01,9.990035,,,,,,,,,,,
IT1:151_884(1.0),Q,IT,UNEM_R,9,Y15-74,2025M12G11,2019-04-01,9.980439,,,,,,,,,,,
IT1:151_884(1.0),Q,IT,UNEM_R,9,Y15-74,2025M3G13,2019-04-01,9.981464,,,,,,,,,,,
IT1:151_884(1.0),Q,IT,UNEM_R,9,Y15-74,2025M6G12,2019-04-01,9.981048,,,,,,,,,,,
IT1:151_884(1.0),Q,IT,UNEM_R,9,Y15-74,2025M9G12,2019-04-01,9.980398,,,,,,,,,,,
IT1:151_884(1.0),Q,IT,UNEM_R,9,Y15-74,2026M3G12,2019-04-01,9.984715,,,,,,,,,,,
IT1:151_884(1.0),Q,IT,UNEM_R,9,Y15-74,2022M12G14,2019-07-01,9.59271,,,,,,,,,,,
IT1:151_884(1.0),Q,IT,UNEM_R,9,Y15-74,2022M3G11,2019-07-01,9.593608,,,,,,,,,,,
IT1:151_884(1.0),Q,IT,UNEM_R,9,Y15-74,2022M6G13,2019-07-01,9.594651,,,,,,,,,,,
IT1:151_884(1.0),Q,IT,UNEM_R,9,Y15-74,2022M9G13,2019-07-01,9.594213,,,,,,,,,,,
IT1:151_884(1.0),Q,IT,UNEM_R,9,Y15-74,2023M12G13,2019-07-01,9.598131,,,,,,,,,,,
IT1:151_884(1.0),Q,IT,UNEM_R,9,Y15-74,2023M3G15,2019-07-01,9.599158,,,,,,,,,,,
IT1:151_884(1.0),Q,IT,UNEM_R,9,Y15-74,2023M6G13,2019-07-01,9.598649,,,,,,,,,,,
IT1:151_884(1.0),Q,IT,UNEM_R,9,Y15-74,2023M9G13,2019-07-01,9.598798,,,,,,,,,,,
IT1:151_884(1.0),Q,IT,UNEM_R,9,Y15-74,2024M12G12,2019-07-01,9.587265,,,,,,,,,,,
IT1:151_884(1.0),Q,IT,UNEM_R,9,Y15-74,2024M3G13,2019-07-01,9.591902,,,,,,,,,,,
IT1:151_884(1.0),Q,IT,UNEM_R,9,Y15-74,2024M6G13,2019-07-01,9.591235,,,,,,,,,,,
IT1:151_884(1.0),Q,IT,UNEM_R,9,Y15-74,2024M9G12,2019-07-01,9.589416,,,,,,,,,,,
IT1:151_884(1.0),Q,IT,UNEM_R,9,Y15-74,2025M12G11,2019-07-01,9.588626,,,,,,,,,,,
IT1:151_884(1.0),Q,IT,UNEM_R,9,Y15-74,2025M3G13,2019-07-01,9.582894,,,,,,,,,,,
IT1:151_884(1.0),Q,IT,UNEM_R,9,Y15-74,2025M6G12,2019-07-01,9.584445,,,,,,,,,,,
IT1:151_884(1.0),Q,IT,UNEM_R,9,Y15-74,2025M9G12,2019-07-01,9.586816,,,,,,,,,,,
IT1:151_884(1.0),Q,IT,UNEM_R,9,Y15-74,2026M3G12,2019-07-01,9.582705,,,,,,,,,,,
IT1:151_884(1.0),Q,IT,UNEM_R,9,Y15-74,2022M12G14,2019-10-01,9.663635,,,,,,,,,,,
IT1:151_884(1.0),Q,IT,UNEM_R,9,Y15-74,2022M3G11,2019-10-01,9.666955,,,,,,,,,,,
IT1:151_884(1.0),Q,IT,UNEM_R,9,Y15-74,2022M6G13,2019-10-01,9.66508,,,,,,,,,,,
IT1:151_884(1.0),Q,IT,UNEM_R,9,Y15-74,2022M9G13,2019-10-01,9.663408,,,,,,,,,,,
IT1:151_884(1.0),Q,IT,UNEM_R,9,Y15-74,2023M12G13,2019-10-01,9.675396,,,,,,,,,,,
IT1:151_884(1.0),Q,IT,UNEM_R,9,Y15-74,2023M3G15,2019-10-01,9.674778,,,,,,,,,,,
IT1:151_884(1.0),Q,IT,UNEM_R,9,Y15-74,2023M6G13,2019-10-01,9.672161,,,,,,,,,,,
IT1:151_884(1.0),Q,IT,UNEM_R,9,Y15-74,2023M9G13,2019-10-01,9.672475,,,,,,,,,,,
IT1:151_884(1.0),Q,IT,UNEM_R,9,Y15-74,2024M12G12,2019-10-01,9.659947,,,,,,,,,,,
IT1:151_884(1.0),Q,IT,UNEM_R,9,Y15-74,2024M3G13,2019-10-01,9.65904,,,,,,,,,,,
IT1:151_884(1.0),Q,IT,UNEM_R,9,Y15-74,2024M6G13,2019-10-01,9.659047,,,,,,,,,,,
IT1:151_884(1.0),Q,IT,UNEM_R,9,Y15-74,2024M9G12,2019-10-01,9.660487,,,,,,,,,,,
IT1:151_884(1.0),Q,IT,UNEM_R,9,Y15-74,2025M12G11,2019-10-01,9.659803,,,,,,,,,,,
IT1:151_884(1.0),Q,IT,UNEM_R,9,Y15-74,2025M3G13,2019-10-01,9.662119,,,,,,,,,,,
IT1:151_884(1.0),Q,IT,UNEM_R,9,Y15-74,2025M6G12,2019-10-01,9.661106,,,,,,,,,,,
IT1:151_884(1.0),Q,IT,UNEM_R,9,Y15-74,2025M9G12,2019-10-01,9.661897,,,,,,,,,,,
IT1:151_884(1.0),Q,IT,UNEM_R,9,Y15-74,2026M3G12,2019-10-01,9.634001,,,,,,,,,,,
IT1:151_884(1.0),Q,IT,UNEM_R,9,Y15-74,2022M12G14,2020-01-01,9.068459,,,,,,,,,,,
IT1:151_884(1.0),Q,IT,UNEM_R,9,Y15-74,2022M3G11,2020-01-01,9.068254,,,,,,,,,,,
IT1:151_884(1.0),Q,IT,UNEM_R,9,Y15-74,2022M6G13,2020-01-01,9.068458,,,,,,,,,,,
IT1:151_884(1.0),Q,IT,UNEM_R,9,Y15-74,2022M9G13,2020-01-01,9.068427,,,,,,,,,,,
IT1:151_884(1.0),Q,IT,UNEM_R,9,Y15-74,2023M12G13,2020-01-01,9.037072,,,,,,,,,,,
IT1:151_884(1.0),Q,IT,UNEM_R,9,Y15-74,2023M3G15,2020-01-01,9.035263,,,,,,,,,,,
IT1:151_884(1.0),Q,IT,UNEM_R,9,Y15-74,2023M6G13,2020-01-01,9.036294,,,,,,,,,,,
IT1:151_884(1.0),Q,IT,UNEM_R,9,Y15-74,2023M9G13,2020-01-01,9.037159,,,,,,,,,,,
IT1:151_884(1.0),Q,IT,UNEM_R,9,Y15-74,2024M12G12,2020-01-01,8.995669,,,,,,,,,,,
IT1:151_884(1.0),Q,IT,UNEM_R,9,Y15-74,2024M3G13,2020-01-01,8.989949,,,,,,,,,,,
IT1:151_884(1.0),Q,IT,UNEM_R,9,Y15-74,2024M6G13,2020-01-01,8.990637,,,,,,,,,,,
IT1:151_884(1.0),Q,IT,UNEM_R,9,Y15-74,2024M9G12,2020-01-01,8.994102,,,,,,,,,,,
IT1:151_884(1.0),Q,IT,UNEM_R,9,Y15-74,2025M12G11,2020-01-01,9.000048,,,,,,,,,,,
IT1:151_884(1.0),Q,IT,UNEM_R,9,Y15-74,2025M3G13,2020-01-01,9.001495,,,,,,,,,,,
IT1:151_884(1.0),Q,IT,UNEM_R,9,Y15-74,2025M6G12,2020-01-01,9.002865,,,,,,,,,,,
IT1:151_884(1.0),Q,IT,UNEM_R,9,Y15-74,2025M9G12,2020-01-01,9.001486,,,,,,,,,,,
IT1:151_884(1.0),Q,IT,UNEM_R,9,Y15-74,2026M3G12,2020-01-01,9.000122,,,,,,,,,,,
IT1:151_884(1.0),Q,IT,UNEM_R,9,Y15-74,2022M12G14,2020-04-01,8.517964,,,,,,,,,,,
IT1:151_884(1.0),Q,IT,UNEM_R,9,Y15-74,2022M3G11,2020-04-01,8.513673,,,,,,,,,,,
IT1:151_884(1.0),Q,IT,UNEM_R,9,Y15-74,2022M6G13,2020-04-01,8.514575,,,,,,,,,,,
IT1:151_884(1.0),Q,IT,UNEM_R,9,Y15-74,2022M9G13,2020-04-01,8.515994,,,,,,,,,,,
IT1:151_884(1.0),Q,IT,UNEM_R,9,Y15-74,2023M12G13,2020-04-01,8.513413,,,,,,,,,,,
IT1:151_884(1.0),Q,IT,UNEM_R,9,Y15-74,2023M3G15,2020-04-01,8.515152,,,,,,,,,,,
IT1:151_884(1.0),Q,IT,UNEM_R,9,Y15-74,2023M6G13,2020-04-01,8.519513,,,,,,,,,,,
IT1:151_884(1.0),Q,IT,UNEM_R,9,Y15-74,2023M9G13,2020-04-01,8.517859,,,,,,,,,,,
IT1:151_884(1.0),Q,IT,UNEM_R,9,Y15-74,2024M12G12,2020-04-01,8.47926,,,,,,,,,,,
IT1:151_884(1.0),Q,IT,UNEM_R,9,Y15-74,2024M3G13,2020-04-01,8.487142,,,,,,,,,,,
IT1:151_884(1.0),Q,IT,UNEM_R,9,Y15-74,2024M6G13,2020-04-01,8.48901,,,,,,,,,,,
IT1:151_884(1.0),Q,IT,UNEM_R,9,Y15-74,2024M9G12,2020-04-01,8.485641,,,,,,,,,,,
IT1:151_884(1.0),Q,IT,UNEM_R,9,Y15-74,2025M12G11,2020-04-01,8.464671,,,,,,,,,,,
IT1:151_884(1.0),Q,IT,UNEM_R,9,Y15-74,2025M3G13,2020-04-01,8.47331,,,,,,,,,,,
IT1:151_884(1.0),Q,IT,UNEM_R,9,Y15-74,2025M6G12,2020-04-01,8.470045,,,,,,,,,,,
IT1:151_884(1.0),Q,IT,UNEM_R,9,Y15-74,2025M9G12,2020-04-01,8.463026,,,,,,,,,,,
IT1:151_884(1.0),Q,IT,UNEM_R,9,Y15-74,2026M3G12,2020-04-01,8.521241,,,,,,,,,,,
IT1:151_884(1.0),Q,IT,UNEM_R,9,Y15-74,2022M12G14,2020-07-01,10.03267,,,,,,,,,,,
IT1:151_884(1.0),Q,IT,UNEM_R,9,Y15-74,2022M3G11,2020-07-01,10.033603,,,,,,,,,,,
IT1:151_884(1.0),Q,IT,UNEM_R,9,Y15-74,2022M6G13,2020-07-01,10.033763,,,,,,,,,,,
IT1:151_884(1.0),Q,IT,UNEM_R,9,Y15-74,2022M9G13,2020-07-01,10.033187,,,,,,,,,,,
IT1:151_884(1.0),Q,IT,UNEM_R,9,Y15-74,2023M12G13,2020-07-01,10.063265,,,,,,,,,,,
IT1:151_884(1.0),Q,IT,UNEM_R,9,Y15-74,2023M3G15,2020-07-01,10.063616,,,,,,,,,,,
IT1:151_884(1.0),Q,IT,UNEM_R,9,Y15-74,2023M6G13,2020-07-01,10.058648,,,,,,,,,,,
IT1:151_884(1.0),Q,IT,UNEM_R,9,Y15-74,2023M9G13,2020-07-01,10.060751,,,,,,,,,,,
IT1:151_884(1.0),Q,IT,UNEM_R,9,Y15-74,2024M12G12,2020-07-01,10.165609,,,,,,,,,,,
IT1:151_884(1.0),Q,IT,UNEM_R,9,Y15-74,2024M3G13,2020-07-01,10.160249,,,,,,,,,,,
IT1:151_884(1.0),Q,IT,UNEM_R,9,Y15-74,2024M6G13,2020-07-01,10.158796,,,,,,,,,,,
IT1:151_884(1.0),Q,IT,UNEM_R,9,Y15-74,2024M9G12,2020-07-01,10.159151,,,,,,,,,,,
IT1:151_884(1.0),Q,IT,UNEM_R,9,Y15-74,2025M12G11,2020-07-01,10.169426,,,,,,,,,,,
IT1:151_884(1.0),Q,IT,UNEM_R,9,Y15-74,2025M3G13,2020-07-01,10.166023,,,,,,,,,,,
IT1:151_884(1.0),Q,IT,UNEM_R,9,Y15-74,2025M6G12,2020-07-01,10.167575,,,,,,,,,,,
IT1:151_884(1.0),Q,IT,UNEM_R,9,Y15-74,2025M9G12,2020-07-01,10.171359,,,,,,,,,,,
IT1:151_884(1.0),Q,IT,UNEM_R,9,Y15-74,2026M3G12,2020-07-01,10.163215,,,,,,,,,,,
IT1:151_884(1.0),Q,IT,UNEM_R,9,Y15-74,2022M12G14,2020-10-01,9.802023,,,,,,,,,,,
IT1:151_884(1.0),Q,IT,UNEM_R,9,Y15-74,2022M3G11,2020-10-01,9.810054,,,,,,,,,,,
IT1:151_884(1.0),Q,IT,UNEM_R,9,Y15-74,2022M6G13,2020-10-01,9.803596,,,,,,,,,,,
IT1:151_884(1.0),Q,IT,UNEM_R,9,Y15-74,2022M9G13,2020-10-01,9.803152,,,,,,,,,,,
IT1:151_884(1.0),Q,IT,UNEM_R,9,Y15-74,2023M12G13,2020-10-01,9.79547,,,,,,,,,,,
IT1:151_884(1.0),Q,IT,UNEM_R,9,Y15-74,2023M3G15,2020-10-01,9.795629,,,,,,,,,,,
IT1:151_884(1.0),Q,IT,UNEM_R,9,Y15-74,2023M6G13,2020-10-01,9.79645,,,,,,,,,,,
IT1:151_884(1.0),Q,IT,UNEM_R,9,Y15-74,2023M9G13,2020-10-01,9.795831,,,,,,,,,,,
IT1:151_884(1.0),Q,IT,UNEM_R,9,Y15-74,2024M12G12,2020-10-01,9.756358,,,,,,,,,,,
IT1:151_884(1.0),Q,IT,UNEM_R,9,Y15-74,2024M3G13,2020-10-01,9.759589,,,,,,,,,,,
IT1:151_884(1.0),Q,IT,UNEM_R,9,Y15-74,2024M6G13,2020-10-01,9.759601,,,,,,,,,,,
IT1:151_884(1.0),Q,IT,UNEM_R,9,Y15-74,2024M9G12,2020-10-01,9.760875,,,,,,,,,,,
IT1:151_884(1.0),Q,IT,UNEM_R,9,Y15-74,2025M12G11,2020-10-01,9.753811,,,,,,,,,,,
IT1:151_884(1.0),Q,IT,UNEM_R,9,Y15-74,2025M3G13,2020-10-01,9.753288,,,,,,,,,,,
IT1:151_884(1.0),Q,IT,UNEM_R,9,Y15-74,2025M6G12,2020-10-01,9.754151,,,,,,,,,,,
IT1:151_884(1.0),Q,IT,UNEM_R,9,Y15-74,2025M9G12,2020-10-01,9.752998,,,,,,,,,,,
IT1:151_884(1.0),Q,IT,UNEM_R,9,Y15-74,2026M3G12,2020-10-01,9.744694,,,,,,,,,,,
IT1:151_884(1.0),Q,IT,UNEM_R,9,Y15-74,2022M12G14,2021-01-01,10.15817,,,,,,,,,,,
IT1:151_884(1.0),Q,IT,UNEM_R,9,Y15-74,2022M3G11,2021-01-01,10.132599,,,,,,,,,,,
IT1:151_884(1.0),Q,IT,UNEM_R,9,Y15-74,2022M6G13,2021-01-01,10.161365,,,,,,,,,,,
IT1:151_884(1.0),Q,IT,UNEM_R,9,Y15-74,2022M9G13,2021-01-01,10.158131,,,,,,,,,,,
IT1:151_884(1.0),Q,IT,UNEM_R,9,Y15-74,2023M12G13,2021-01-01,10.155709,,,,,,,,,,,
IT1:151_884(1.0),Q,IT,UNEM_R,9,Y15-74,2023M3G15,2021-01-01,10.153912,,,,,,,,,,,
IT1:151_884(1.0),Q,IT,UNEM_R,9,Y15-74,2023M6G13,2021-01-01,10.155312,,,,,,,,,,,
IT1:151_884(1.0),Q,IT,UNEM_R,9,Y15-74,2023M9G13,2021-01-01,10.154723,,,,,,,,,,,
IT1:151_884(1.0),Q,IT,UNEM_R,9,Y15-74,2024M12G12,2021-01-01,10.143956,,,,,,,,,,,
IT1:151_884(1.0),Q,IT,UNEM_R,9,Y15-74,2024M3G13,2021-01-01,10.141683,,,,,,,,,,,
IT1:151_884(1.0),Q,IT,UNEM_R,9,Y15-74,2024M6G13,2021-01-01,10.142512,,,,,,,,,,,
IT1:151_884(1.0),Q,IT,UNEM_R,9,Y15-74,2024M9G12,2021-01-01,10.141408,,,,,,,,,,,
IT1:151_884(1.0),Q,IT,UNEM_R,9,Y15-74,2025M12G11,2021-01-01,10.158992,,,,,,,,,,,
IT1:151_884(1.0),Q,IT,UNEM_R,9,Y15-74,2025M3G13,2021-01-01,10.151913,,,,,,,,,,,
IT1:151_884(1.0),Q,IT,UNEM_R,9,Y15-74,2025M6G12,2021-01-01,10.152462,,,,,,,,,,,
IT1:151_884(1.0),Q,IT,UNEM_R,9,Y15-74,2025M9G12,2021-01-01,10.156402,,,,,,,,,,,
IT1:151_884(1.0),Q,IT,UNEM_R,9,Y15-74,2026M3G12,2021-01-01,10.14766,,,,,,,,,,,
IT1:151_884(1.0),Q,IT,UNEM_R,9,Y15-74,2022M12G14,2021-04-01,9.795394,,,,,,,,,,,
IT1:151_884(1.0),Q,IT,UNEM_R,9,Y15-74,2022M3G11,2021-04-01,9.757702,,,,,,,,,,,
IT1:151_884(1.0),Q,IT,UNEM_R,9,Y15-74,2022M6G13,2021-04-01,9.769517,,,,,,,,,,,
IT1:151_884(1.0),Q,IT,UNEM_R,9,Y15-74,2022M9G13,2021-04-01,9.784403,,,,,,,,,,,
IT1:151_884(1.0),Q,IT,UNEM_R,9,Y15-74,2023M12G13,2021-04-01,9.813379,,,,,,,,,,,
IT1:151_884(1.0),Q,IT,UNEM_R,9,Y15-74,2023M3G15,2021-04-01,9.813767,,,,,,,,,,,
IT1:151_884(1.0),Q,IT,UNEM_R,9,Y15-74,2023M6G13,2021-04-01,9.812749,,,,,,,,,,,
IT1:151_884(1.0),Q,IT,UNEM_R,9,Y15-74,2023M9G13,2021-04-01,9.812368,,,,,,,,,,,
IT1:151_884(1.0),Q,IT,UNEM_R,9,Y15-74,2024M12G12,2021-04-01,9.840105,,,,,,,,,,,
IT1:151_884(1.0),Q,IT,UNEM_R,9,Y15-74,2024M3G13,2021-04-01,9.837247,,,,,,,,,,,
IT1:151_884(1.0),Q,IT,UNEM_R,9,Y15-74,2024M6G13,2021-04-01,9.837776,,,,,,,,,,,
IT1:151_884(1.0),Q,IT,UNEM_R,9,Y15-74,2024M9G12,2021-04-01,9.837096,,,,,,,,,,,
IT1:151_884(1.0),Q,IT,UNEM_R,9,Y15-74,2025M12G11,2021-04-01,9.832413,,,,,,,,,,,
IT1:151_884(1.0),Q,IT,UNEM_R,9,Y15-74,2025M3G13,2021-04-01,9.832414,,,,,,,,,,,
IT1:151_884(1.0),Q,IT,UNEM_R,9,Y15-74,2025M6G12,2021-04-01,9.831653,,,,,,,,,,,
IT1:151_884(1.0),Q,IT,UNEM_R,9,Y15-74,2025M9G12,2021-04-01,9.832532,,,,,,,,,,,
IT1:151_884(1.0),Q,IT,UNEM_R,9,Y15-74,2026M3G12,2021-04-01,9.846968,,,,,,,,,,,
IT1:151_884(1.0),Q,IT,UNEM_R,9,Y15-74,2022M12G14,2021-07-01,9.083074,,,,,,,,,,,
IT1:151_884(1.0),Q,IT,UNEM_R,9,Y15-74,2022M3G11,2021-07-01,9.114689,,,,,,,,,,,
IT1:151_884(1.0),Q,IT,UNEM_R,9,Y15-74,2022M6G13,2021-07-01,9.088143,,,,,,,,,,,
IT1:151_884(1.0),Q,IT,UNEM_R,9,Y15-74,2022M9G13,2021-07-01,9.106851,,,,,,,,,,,
IT1:151_884(1.0),Q,IT,UNEM_R,9,Y15-74,2023M12G13,2021-07-01,9.083554,,,,,,,,,,,
IT1:151_884(1.0),Q,IT,UNEM_R,9,Y15-74,2023M3G15,2021-07-01,9.082844,,,,,,,,,,,
IT1:151_884(1.0),Q,IT,UNEM_R,9,Y15-74,2023M6G13,2021-07-01,9.084467,,,,,,,,,,,
IT1:151_884(1.0),Q,IT,UNEM_R,9,Y15-74,2023M9G13,2021-07-01,9.085858,,,,,,,,,,,
IT1:151_884(1.0),Q,IT,UNEM_R,9,Y15-74,2024M12G12,2021-07-01,9.105228,,,,,,,,,,,
IT1:151_884(1.0),Q,IT,UNEM_R,9,Y15-74,2024M3G13,2021-07-01,9.107237,,,,,,,,,,,
IT1:151_884(1.0),Q,IT,UNEM_R,9,Y15-74,2024M6G13,2021-07-01,9.106854,,,,,,,,,,,
IT1:151_884(1.0),Q,IT,UNEM_R,9,Y15-74,2024M9G12,2021-07-01,9.109212,,,,,,,,,,,
IT1:151_884(1.0),Q,IT,UNEM_R,9,Y15-74,2025M12G11,2021-07-01,9.108489,,,,,,,,,,,
IT1:151_884(1.0),Q,IT,UNEM_R,9,Y15-74,2025M3G13,2021-07-01,9.117869,,,,,,,,,,,
IT1:151_884(1.0),Q,IT,UNEM_R,9,Y15-74,2025M6G12,2021-07-01,9.115908,,,,,,,,,,,
IT1:151_884(1.0),Q,IT,UNEM_R,9,Y15-74,2025M9G12,2021-07-01,9.110329,,,,,,,,,,,
IT1:151_884(1.0),Q,IT,UNEM_R,9,Y15-74,2026M3G12,2021-07-01,9.100475,,,,,,,,,,,
IT1:151_884(1.0),Q,IT,UNEM_R,9,Y15-74,2022M12G14,2021-10-01,8.992833,,,,,,,,,,,
IT1:151_884(1.0),Q,IT,UNEM_R,9,Y15-74,2022M3G11,2021-10-01,9.111367,,,,,,,,,,,
IT1:151_884(1.0),Q,IT,UNEM_R,9,Y15-74,2022M6G13,2021-10-01,9.027341,,,,,,,,,,,
IT1:151_884(1.0),Q,IT,UNEM_R,9,Y15-74,2022M9G13,2021-10-01,9.000404,,,,,,,,,,,
IT1:151_884(1.0),Q,IT,UNEM_R,9,Y15-74,2023M12G13,2021-10-01,8.994793,,,,,,,,,,,
IT1:151_884(1.0),Q,IT,UNEM_R,9,Y15-74,2023M3G15,2021-10-01,8.991095,,,,,,,,,,,
IT1:151_884(1.0),Q,IT,UNEM_R,9,Y15-74,2023M6G13,2021-10-01,8.994402,,,,,,,,,,,
IT1:151_884(1.0),Q,IT,UNEM_R,9,Y15-74,2023M9G13,2021-10-01,8.992522,,,,,,,,,,,
IT1:151_884(1.0),Q,IT,UNEM_R,9,Y15-74,2024M12G12,2021-10-01,9.005117,,,,,,,,,,,
IT1:151_884(1.0),Q,IT,UNEM_R,9,Y15-74,2024M3G13,2021-10-01,9.003793,,,,,,,,,,,
IT1:151_884(1.0),Q,IT,UNEM_R,9,Y15-74,2024M6G13,2021-10-01,9.003052,,,,,,,,,,,
IT1:151_884(1.0),Q,IT,UNEM_R,9,Y15-74,2024M9G12,2021-10-01,9.001433,,,,,,,,,,,
IT1:151_884(1.0),Q,IT,UNEM_R,9,Y15-74,2025M12G11,2021-10-01,8.999877,,,,,,,,,,,
IT1:151_884(1.0),Q,IT,UNEM_R,9,Y15-74,2025M3G13,2021-10-01,8.989643,,,,,,,,,,,
IT1:151_884(1.0),Q,IT,UNEM_R,9,Y15-74,2025M6G12,2021-10-01,8.992941,,,,,,,,,,,
IT1:151_884(1.0),Q,IT,UNEM_R,9,Y15-74,2025M9G12,2021-10-01,8.999157,,,,,,,,,,,
IT1:151_884(1.0),Q,IT,UNEM_R,9,Y15-74,2026M3G12,2021-10-01,9.016413,,,,,,,,,,,
IT1:151_884(1.0),Q,IT,UNEM_R,9,Y15-74,2022M12G14,2022-01-01,8.489024,,,,,,,,,,,
IT1:151_884(1.0),Q,IT,UNEM_R,9,Y15-74,2022M6G13,2022-01-01,8.565847,,,,,,,,,,,
IT1:151_884(1.0),Q,IT,UNEM_R,9,Y15-74,2022M9G13,2022-01-01,8.479251,,,,,,,,,,,
IT1:151_884(1.0),Q,IT,UNEM_R,9,Y15-74,2023M12G13,2022-01-01,8.427558,,,,,,,,,,,
IT1:151_884(1.0),Q,IT,UNEM_R,9,Y15-74,2023M3G15,2022-01-01,8.453001,,,,,,,,,,,
IT1:151_884(1.0),Q,IT,UNEM_R,9,Y15-74,2023M6G13,2022-01-01,8.433746,,,,,,,,,,,
IT1:151_884(1.0),Q,IT,UNEM_R,9,Y15-74,2023M9G13,2022-01-01,8.428106,,,,,,,,,,,
IT1:151_884(1.0),Q,IT,UNEM_R,9,Y15-74,2024M12G12,2022-01-01,8.390212,,,,,,,,,,,
IT1:151_884(1.0),Q,IT,UNEM_R,9,Y15-74,2024M3G13,2022-01-01,8.390546,,,,,,,,,,,
IT1:151_884(1.0),Q,IT,UNEM_R,9,Y15-74,2024M6G13,2022-01-01,8.390964,,,,,,,,,,,
IT1:151_884(1.0),Q,IT,UNEM_R,9,Y15-74,2024M9G12,2022-01-01,8.390625,,,,,,,,,,,
IT1:151_884(1.0),Q,IT,UNEM_R,9,Y15-74,2025M12G11,2022-01-01,8.398456,,,,,,,,,,,
IT1:151_884(1.0),Q,IT,UNEM_R,9,Y15-74,2025M3G13,2022-01-01,8.401845,,,,,,,,,,,
IT1:151_884(1.0),Q,IT,UNEM_R,9,Y15-74,2025M6G12,2022-01-01,8.4002,,,,,,,,,,,
IT1:151_884(1.0),Q,IT,UNEM_R,9,Y15-74,2025M9G12,2022-01-01,8.398891,,,,,,,,,,,
IT1:151_884(1.0),Q,IT,UNEM_R,9,Y15-74,2026M3G12,2022-01-01,8.386511,,,,,,,,,,,
IT1:151_884(1.0),Q,IT,UNEM_R,9,Y15-74,2022M12G14,2022-04-01,8.098944,,,,,,,,,,,
IT1:151_884(1.0),Q,IT,UNEM_R,9,Y15-74,2022M9G13,2022-04-01,8.065962,,,,,,,,,,,
IT1:151_884(1.0),Q,IT,UNEM_R,9,Y15-74,2023M12G13,2022-04-01,8.147974,,,,,,,,,,,
IT1:151_884(1.0),Q,IT,UNEM_R,9,Y15-74,2023M3G15,2022-04-01,8.109241,,,,,,,,,,,
IT1:151_884(1.0),Q,IT,UNEM_R,9,Y15-74,2023M6G13,2022-04-01,8.103083,,,,,,,,,,,
IT1:151_884(1.0),Q,IT,UNEM_R,9,Y15-74,2023M9G13,2022-04-01,8.143601,,,,,,,,,,,
IT1:151_884(1.0),Q,IT,UNEM_R,9,Y15-74,2024M12G12,2022-04-01,8.143555,,,,,,,,,,,
IT1:151_884(1.0),Q,IT,UNEM_R,9,Y15-74,2024M3G13,2022-04-01,8.147841,,,,,,,,,,,
IT1:151_884(1.0),Q,IT,UNEM_R,9,Y15-74,2024M6G13,2022-04-01,8.145907,,,,,,,,,,,
IT1:151_884(1.0),Q,IT,UNEM_R,9,Y15-74,2024M9G12,2022-04-01,8.143686,,,,,,,,,,,
IT1:151_884(1.0),Q,IT,UNEM_R,9,Y15-74,2025M12G11,2022-04-01,8.143413,,,,,,,,,,,
IT1:151_884(1.0),Q,IT,UNEM_R,9,Y15-74,2025M3G13,2022-04-01,8.14093,,,,,,,,,,,
IT1:151_884(1.0),Q,IT,UNEM_R,9,Y15-74,2025M6G12,2022-04-01,8.140853,,,,,,,,,,,
IT1:151_884(1.0),Q,IT,UNEM_R,9,Y15-74,2025M9G12,2022-04-01,8.14073,,,,,,,,,,,
IT1:151_884(1.0),Q,IT,UNEM_R,9,Y15-74,2026M3G12,2022-04-01,8.148132,,,,,,,,,,,
IT1:151_884(1.0),Q,IT,UNEM_R,9,Y15-74,2022M12G14,2022-07-01,7.914115,,,,,,,,,,,
IT1:151_884(1.0),Q,IT,UNEM_R,9,Y15-74,2023M12G13,2022-07-01,8.012399,,,,,,,,,,,
IT1:151_884(1.0),Q,IT,UNEM_R,9,Y15-74,2023M3G15,2022-07-01,7.987223,,,,,,,,,,,
IT1:151_884(1.0),Q,IT,UNEM_R,9,Y15-74,2023M6G13,2022-07-01,8.011337,,,,,,,,,,,
IT1:151_884(1.0),Q,IT,UNEM_R,9,Y15-74,2023M9G13,2022-07-01,8.008522,,,,,,,,,,,
IT1:151_884(1.0),Q,IT,UNEM_R,9,Y15-74,2024M12G12,2022-07-01,8.029893,,,,,,,,,,,
IT1:151_884(1.0),Q,IT,UNEM_R,9,Y15-74,2024M3G13,2022-07-01,8.030609,,,,,,,,,,,
IT1:151_884(1.0),Q,IT,UNEM_R,9,Y15-74,2024M6G13,2022-07-01,8.029856,,,,,,,,,,,
IT1:151_884(1.0),Q,IT,UNEM_R,9,Y15-74,2024M9G12,2022-07-01,8.030465,,,,,,,,,,,
IT1:151_884(1.0),Q,IT,UNEM_R,9,Y15-74,2025M12G11,2022-07-01,8.027512,,,,,,,,,,,
IT1:151_884(1.0),Q,IT,UNEM_R,9,Y15-74,2025M3G13,2022-07-01,8.029555,,,,,,,,,,,
IT1:151_884(1.0),Q,IT,UNEM_R,9,Y15-74,2025M6G12,2022-07-01,8.030074,,,,,,,,,,,
IT1:151_884(1.0),Q,IT,UNEM_R,9,Y15-74,2025M9G12,2022-07-01,8.028911,,,,,,,,,,,
IT1:151_884(1.0),Q,IT,UNEM_R,9,Y15-74,2026M3G12,2022-07-01,8.028125,,,,,,,,,,,
IT1:151_884(1.0),Q,IT,UNEM_R,9,Y15-74,2023M12G13,2022-10-01,7.849344,,,,,,,,,,,
IT1:151_884(1.0),Q,IT,UNEM_R,9,Y15-74,2023M3G15,2022-10-01,7.838849,,,,,,,,,,,
IT1:151_884(1.0),Q,IT,UNEM_R,9,Y15-74,2023M6G13,2022-10-01,7.905401,,,,,,,,,,,
IT1:151_884(1.0),Q,IT,UNEM_R,9,Y15-74,2023M9G13,2022-10-01,7.879157,,,,,,,,,,,
IT1:151_884(1.0),Q,IT,UNEM_R,9,Y15-74,2024M12G12,2022-10-01,7.863522,,,,,,,,,,,
IT1:151_884(1.0),Q,IT,UNEM_R,9,Y15-74,2024M3G13,2022-10-01,7.854434,,,,,,,,,,,
IT1:151_884(1.0),Q,IT,UNEM_R,9,Y15-74,2024M6G13,2022-10-01,7.861181,,,,,,,,,,,
IT1:151_884(1.0),Q,IT,UNEM_R,9,Y15-74,2024M9G12,2022-10-01,7.860471,,,,,,,,,,,
IT1:151_884(1.0),Q,IT,UNEM_R,9,Y15-74,2025M12G11,2022-10-01,7.862869,,,,,,,,,,,
IT1:151_884(1.0),Q,IT,UNEM_R,9,Y15-74,2025M3G13,2022-10-01,7.864631,,,,,,,,,,,
IT1:151_884(1.0),Q,IT,UNEM_R,9,Y15-74,2025M6G12,2022-10-01,7.864316,,,,,,,,,,,
IT1:151_884(1.0),Q,IT,UNEM_R,9,Y15-74,2025M9G12,2022-10-01,7.864647,,,,,,,,,,,
IT1:151_884(1.0),Q,IT,UNEM_R,9,Y15-74,2026M3G12,2022-10-01,7.861655,,,,,,,,,,,
IT1:151_884(1.0),Q,IT,UNEM_R,9,Y15-74,2023M12G13,2023-01-01,7.897336,,,,,,,,,,,
IT1:151_884(1.0),Q,IT,UNEM_R,9,Y15-74,2023M6G13,2023-01-01,7.957987,,,,,,,,,,,
IT1:151_884(1.0),Q,IT,UNEM_R,9,Y15-74,2023M9G13,2023-01-01,7.889838,,,,,,,,,,,
IT1:151_884(1.0),Q,IT,UNEM_R,9,Y15-74,2024M12G12,2023-01-01,7.867668,,,,,,,,,,,
IT1:151_884(1.0),Q,IT,UNEM_R,9,Y15-74,2024M3G13,2023-01-01,7.885971,,,,,,,,,,,
IT1:151_884(1.0),Q,IT,UNEM_R,9,Y15-74,2024M6G13,2023-01-01,7.869442,,,,,,,,,,,
IT1:151_884(1.0),Q,IT,UNEM_R,9,Y15-74,2024M9G12,2023-01-01,7.869761,,,,,,,,,,,
IT1:151_884(1.0),Q,IT,UNEM_R,9,Y15-74,2025M12G11,2023-01-01,7.872943,,,,,,,,,,,
IT1:151_884(1.0),Q,IT,UNEM_R,9,Y15-74,2025M3G13,2023-01-01,7.870443,,,,,,,,,,,
IT1:151_884(1.0),Q,IT,UNEM_R,9,Y15-74,2025M6G12,2023-01-01,7.87106,,,,,,,,,,,
IT1:151_884(1.0),Q,IT,UNEM_R,9,Y15-74,2025M9G12,2023-01-01,7.871856,,,,,,,,,,,
IT1:151_884(1.0),Q,IT,UNEM_R,9,Y15-74,2026M3G12,2023-01-01,7.877918,,,,,,,,,,,
IT1:151_884(1.0),Q,IT,UNEM_R,9,Y15-74,2023M12G13,2023-04-01,7.662815,,,,,,,,,,,
IT1:151_884(1.0),Q,IT,UNEM_R,9,Y15-74,2023M9G13,2023-04-01,7.620207,,,,,,,,,,,
IT1:151_884(1.0),Q,IT,UNEM_R,9,Y15-74,2024M12G12,2023-04-01,7.680884,,,,,,,,,,,
IT1:151_884(1.0),Q,IT,UNEM_R,9,Y15-74,2024M3G13,2023-04-01,7.696129,,,,,,,,,,,
IT1:151_884(1.0),Q,IT,UNEM_R,9,Y15-74,2024M6G13,2023-04-01,7.717015,,,,,,,,,,,
IT1:151_884(1.0),Q,IT,UNEM_R,9,Y15-74,2024M9G12,2023-04-01,7.697778,,,,,,,,,,,
IT1:151_884(1.0),Q,IT,UNEM_R,9,Y15-74,2025M12G11,2023-04-01,7.672161,,,,,,,,,,,
IT1:151_884(1.0),Q,IT,UNEM_R,9,Y15-74,2025M3G13,2023-04-01,7.677118,,,,,,,,,,,
IT1:151_884(1.0),Q,IT,UNEM_R,9,Y15-74,2025M6G12,2023-04-01,7.675882,,,,,,,,,,,
IT1:151_884(1.0),Q,IT,UNEM_R,9,Y15-74,2025M9G12,2023-04-01,7.670951,,,,,,,,,,,
IT1:151_884(1.0),Q,IT,UNEM_R,9,Y15-74,2026M3G12,2023-04-01,7.66916,,,,,,,,,,,
IT1:151_884(1.0),Q,IT,UNEM_R,9,Y15-74,2023M12G13,2023-07-01,7.64976,,,,,,,,,,,
IT1:151_884(1.0),Q,IT,UNEM_R,9,Y15-74,2024M12G12,2023-07-01,7.693915,,,,,,,,,,,
IT1:151_884(1.0),Q,IT,UNEM_R,9,Y15-74,2024M3G13,2023-07-01,7.614214,,,,,,,,,,,
IT1:151_884(1.0),Q,IT,UNEM_R,9,Y15-74,2024M6G13,2023-07-01,7.627486,,,,,,,,,,,
IT1:151_884(1.0),Q,IT,UNEM_R,9,Y15-74,2024M9G12,2023-07-01,7.668678,,,,,,,,,,,
IT1:151_884(1.0),Q,IT,UNEM_R,9,Y15-74,2025M12G11,2023-07-01,7.699486,,,,,,,,,,,
IT1:151_884(1.0),Q,IT,UNEM_R,9,Y15-74,2025M3G13,2023-07-01,7.698992,,,,,,,,,,,
IT1:151_884(1.0),Q,IT,UNEM_R,9,Y15-74,2025M6G12,2023-07-01,7.699088,,,,,,,,,,,
IT1:151_884(1.0),Q,IT,UNEM_R,9,Y15-74,2025M9G12,2023-07-01,7.701584,,,,,,,,,,,
IT1:151_884(1.0),Q,IT,UNEM_R,9,Y15-74,2026M3G12,2023-07-01,7.694228,,,,,,,,,,,
IT1:151_884(1.0),Q,IT,UNEM_R,9,Y15-74,2024M12G12,2023-10-01,7.492087,,,,,,,,,,,
IT1:151_884(1.0),Q,IT,UNEM_R,9,Y15-74,2024M3G13,2023-10-01,7.44064,,,,,,,,,,,
IT1:151_884(1.0),Q,IT,UNEM_R,9,Y15-74,2024M6G13,2023-10-01,7.446507,,,,,,,,,,,
IT1:151_884(1.0),Q,IT,UNEM_R,9,Y15-74,2024M9G12,2023-10-01,7.437558,,,,,,,,,,,
IT1:151_884(1.0),Q,IT,UNEM_R,9,Y15-74,2025M12G11,2023-10-01,7.462366,,,,,,,,,,,
IT1:151_884(1.0),Q,IT,UNEM_R,9,Y15-74,2025M3G13,2023-10-01,7.453033,,,,,,,,,,,
IT1:151_884(1.0),Q,IT,UNEM_R,9,Y15-74,2025M6G12,2023-10-01,7.456754,,,,,,,,,,,
IT1:151_884(1.0),Q,IT,UNEM_R,9,Y15-74,2025M9G12,2023-10-01,7.461317,,,,,,,,,,,
IT1:151_884(1.0),Q,IT,UNEM_R,9,Y15-74,2026M3G12,2023-10-01,7.459137,,,,,,,,,,,
IT1:151_884(1.0),Q,IT,UNEM_R,9,Y15-74,2024M12G12,2024-01-01,7.135829,,,,,,,,,,,
IT1:151_884(1.0),Q,IT,UNEM_R,9,Y15-74,2024M6G13,2024-01-01,7.226486,,,,,,,,,,,
IT1:151_884(1.0),Q,IT,UNEM_R,9,Y15-74,2024M9G12,2024-01-01,7.172098,,,,,,,,,,,
IT1:151_884(1.0),Q,IT,UNEM_R,9,Y15-74,2025M12G11,2024-01-01,7.131786,,,,,,,,,,,
IT1:151_884(1.0),Q,IT,UNEM_R,9,Y15-74,2025M3G13,2024-01-01,7.105951,,,,,,,,,,,
IT1:151_884(1.0),Q,IT,UNEM_R,9,Y15-74,2025M6G12,2024-01-01,7.111113,,,,,,,,,,,
IT1:151_884(1.0),Q,IT,UNEM_R,9,Y15-74,2025M9G12,2024-01-01,7.129152,,,,,,,,,,,
IT1:151_884(1.0),Q,IT,UNEM_R,9,Y15-74,2026M3G12,2024-01-01,7.137261,,,,,,,,,,,
IT1:151_884(1.0),Q,IT,UNEM_R,9,Y15-74,2024M12G12,2024-04-01,6.703154,,,,,,,,,,,
IT1:151_884(1.0),Q,IT,UNEM_R,9,Y15-74,2024M9G12,2024-04-01,6.832928,,,,,,,,,,,
IT1:151_884(1.0),Q,IT,UNEM_R,9,Y15-74,2025M12G11,2024-04-01,6.665147,,,,,,,,,,,
IT1:151_884(1.0),Q,IT,UNEM_R,9,Y15-74,2025M3G13,2024-04-01,6.742286,,,,,,,,,,,
IT1:151_884(1.0),Q,IT,UNEM_R,9,Y15-74,2025M6G12,2024-04-01,6.760528,,,,,,,,,,,
IT1:151_884(1.0),Q,IT,UNEM_R,9,Y15-74,2025M9G12,2024-04-01,6.664563,,,,,,,,,,,
IT1:151_884(1.0),Q,IT,UNEM_R,9,Y15-74,2026M3G12,2024-04-01,6.656578,,,,,,,,,,,
IT1:151_884(1.0),Q,IT,UNEM_R,9,Y15-74,2024M12G12,2024-07-01,6.126759,,,,,,,,,,,
IT1:151_884(1.0),Q,IT,UNEM_R,9,Y15-74,2025M12G11,2024-07-01,6.260582,,,,,,,,,,,
IT1:151_884(1.0),Q,IT,UNEM_R,9,Y15-74,2025M3G13,2024-07-01,6.277683,,,,,,,,,,,
IT1:151_884(1.0),Q,IT,UNEM_R,9,Y15-74,2025M6G12,2024-07-01,6.270565,,,,,,,,,,,
IT1:151_884(1.0),Q,IT,UNEM_R,9,Y15-74,2025M9G12,2024-07-01,6.286831,,,,,,,,,,,
IT1:151_884(1.0),Q,IT,UNEM_R,9,Y15-74,2026M3G12,2024-07-01,6.254014,,,,,,,,,,,
IT1:151_884(1.0),Q,IT,UNEM_R,9,Y15-74,2025M12G11,2024-10-01,6.193387,,,,,,,,,,,
IT1:151_884(1.0),Q,IT,UNEM_R,9,Y15-74,2025M3G13,2024-10-01,6.145999,,,,,,,,,,,
IT1:151_884(1.0),Q,IT,UNEM_R,9,Y15-74,2025M6G12,2024-10-01,6.095488,,,,,,,,,,,
IT1:151_884(1.0),Q,IT,UNEM_R,9,Y15-74,2025M9G12,2024-10-01,6.166371,,,,,,,,,,,
IT1:151_884(1.0),Q,IT,UNEM_R,9,Y15-74,2026M3G12,2024-10-01,6.206778,,,,,,,,,,,
IT1:151_884(1.0),Q,IT,UNEM_R,9,Y15-74,2025M12G11,2025-01-01,6.274928,,,,,,,,,,,
IT1:151_884(1.0),Q,IT,UNEM_R,9,Y15-74,2025M6G12,2025-01-01,6.120127,,,,,,,,,,,
IT1:151_884(1.0),Q,IT,UNEM_R,9,Y15-74,2025M9G12,2025-01-01,6.260767,,,,,,,,,,,
IT1:151_884(1.0),Q,IT,UNEM_R,9,Y15-74,2026M3G12,2025-01-01,6.362145,,,,,,,,,,,
IT1:151_884(1.0),Q,IT,UNEM_R,9,Y15-74,2025M12G11,2025-04-01,6.336282,,,,,,,,,,,
IT1:151_884(1.0),Q,IT,UNEM_R,9,Y15-74,2025M9G12,2025-04-01,6.307507,,,,,,,,,,,
IT1:151_884(1.0),Q,IT,UNEM_R,9,Y15-74,2026M3G12,2025-04-01,6.306142,,,,,,,,,,,
IT1:151_884(1.0),Q,IT,UNEM_R,9,Y15-74,2025M12G11,2025-07-01,6.113695,,,,,,,,,,,
IT1:151_884(1.0),Q,IT,UNEM_R,9,Y15-74,2026M3G12,2025-07-01,5.952183,,,,,,,,,,,
IT1:151_884(1.0),Q,IT,UNEM_R,9,Y15-74,2026M3G12,2025-10-01,5.631922,,,,,,,,,,,
