DATAFLOW,LAST UPDATE,freq,unit,geo,TIME_PERIOD,OBS_VALUE,OBS_FLAG,CONF_STATUS
ESTAT:SDG_16_50(1.0),04/03/26 23:00:00,A,SC,AL,2012-01-01,33.0,,
ESTAT:SDG_16_50(1.0),04/03/26 23:00:00,A,SC,AT,2012-01-01,69.0,,
ESTAT:SDG_16_50(1.0),04/03/26 23:00:00,A,SC,BA,2012-01-01,42.0,,
ESTAT:SDG_16_50(1.0),04/03/26 23:00:00,A,SC,BE,2012-01-01,75.0,,
ESTAT:SDG_16_50(1.0),04/03/26 23:00:00,A,SC,BG,2012-01-01,41.0,,
ESTAT:SDG_16_50(1.0),04/03/26 23:00:00,A,SC,CH,2012-01-01,86.0,,
ESTAT:SDG_16_50(1.0),04/03/26 23:00:00,A,SC,CY,2012-01-01,66.0,,
ESTAT:SDG_16_50(1.0),04/03/26 23:00:00,A,SC,CZ,2012-01-01,49.0,,
ESTAT:SDG_16_50(1.0),04/03/26 23:00:00,A,SC,DE,2012-01-01,79.0,,
ESTAT:SDG_16_50(1.0),04/03/26 23:00:00,A,SC,DK,2012-01-01,90.0,,
ESTAT:SDG_16_50(1.0),04/03/26 23:00:00,A,SC,EA21,2012-01-01,62.0,,
ESTAT:SDG_16_50(1.0),04/03/26 23:00:00,A,SC,EE,2012-01-01,64.0,,
ESTAT:SDG_16_50(1.0),04/03/26 23:00:00,A,SC,EL,2012-01-01,36.0,,
ESTAT:SDG_16_50(1.0),04/03/26 23:00:00,A,SC,ES,2012-01-01,65.0,,
ESTAT:SDG_16_50(1.0),04/03/26 23:00:00,A,SC,EU27_2020,2012-01-01,63.0,,
ESTAT:SDG_16_50(1.0),04/03/26 23:00:00,A,SC,FI,2012-01-01,90.0,,
ESTAT:SDG_16_50(1.0),04/03/26 23:00:00,A,SC,FR,2012-01-01,71.0,,
ESTAT:SDG_16_50(1.0),04/03/26 23:00:00,A,SC,HR,2012-01-01,46.0,,
ESTAT:SDG_16_50(1.0),04/03/26 23:00:00,A,SC,HU,2012-01-01,55.0,,
ESTAT:SDG_16_50(1.0),04/03/26 23:00:00,A,SC,IE,2012-01-01,69.0,,
ESTAT:SDG_16_50(1.0),04/03/26 23:00:00,A,SC,IS,2012-01-01,82.0,,
ESTAT:SDG_16_50(1.0),04/03/26 23:00:00,A,SC,IT,2012-01-01,42.0,,
ESTAT:SDG_16_50(1.0),04/03/26 23:00:00,A,SC,JP,2012-01-01,74.0,,
ESTAT:SDG_16_50(1.0),04/03/26 23:00:00,A,SC,KR,2012-01-01,56.0,,
ESTAT:SDG_16_50(1.0),04/03/26 23:00:00,A,SC,LT,2012-01-01,54.0,,
ESTAT:SDG_16_50(1.0),04/03/26 23:00:00,A,SC,LU,2012-01-01,80.0,,
ESTAT:SDG_16_50(1.0),04/03/26 23:00:00,A,SC,LV,2012-01-01,49.0,,
ESTAT:SDG_16_50(1.0),04/03/26 23:00:00,A,SC,ME,2012-01-01,41.0,,
ESTAT:SDG_16_50(1.0),04/03/26 23:00:00,A,SC,MK,2012-01-01,43.0,,
ESTAT:SDG_16_50(1.0),04/03/26 23:00:00,A,SC,MT,2012-01-01,57.0,,
ESTAT:SDG_16_50(1.0),04/03/26 23:00:00,A,SC,NL,2012-01-01,84.0,,
ESTAT:SDG_16_50(1.0),04/03/26 23:00:00,A,SC,NO,2012-01-01,85.0,,
ESTAT:SDG_16_50(1.0),04/03/26 23:00:00,A,SC,PL,2012-01-01,58.0,,
ESTAT:SDG_16_50(1.0),04/03/26 23:00:00,A,SC,PT,2012-01-01,63.0,,
ESTAT:SDG_16_50(1.0),04/03/26 23:00:00,A,SC,RO,2012-01-01,44.0,,
ESTAT:SDG_16_50(1.0),04/03/26 23:00:00,A,SC,RS,2012-01-01,39.0,,
ESTAT:SDG_16_50(1.0),04/03/26 23:00:00,A,SC,RU,2012-01-01,28.0,,
ESTAT:SDG_16_50(1.0),04/03/26 23:00:00,A,SC,SE,2012-01-01,88.0,,
ESTAT:SDG_16_50(1.0),04/03/26 23:00:00,A,SC,SI,2012-01-01,61.0,,
ESTAT:SDG_16_50(1.0),04/03/26 23:00:00,A,SC,SK,2012-01-01,46.0,,
ESTAT:SDG_16_50(1.0),04/03/26 23:00:00,A,SC,TR,2012-01-01,49.0,,
ESTAT:SDG_16_50(1.0),04/03/26 23:00:00,A,SC,UK,2012-01-01,74.0,,
ESTAT:SDG_16_50(1.0),04/03/26 23:00:00,A,SC,US,2012-01-01,73.0,,
ESTAT:SDG_16_50(1.0),04/03/26 23:00:00,A,SC,XK,2012-01-01,34.0,,
ESTAT:SDG_16_50(1.0),04/03/26 23:00:00,A,SC,AL,2013-01-01,31.0,,
ESTAT:SDG_16_50(1.0),04/03/26 23:00:00,A,SC,AT,2013-01-01,69.0,,
ESTAT:SDG_16_50(1.0),04/03/26 23:00:00,A,SC,BA,2013-01-01,42.0,,
ESTAT:SDG_16_50(1.0),04/03/26 23:00:00,A,SC,BE,2013-01-01,75.0,,
ESTAT:SDG_16_50(1.0),04/03/26 23:00:00,A,SC,BG,2013-01-01,41.0,,
ESTAT:SDG_16_50(1.0),04/03/26 23:00:00,A,SC,CH,2013-01-01,85.0,,
ESTAT:SDG_16_50(1.0),04/03/26 23:00:00,A,SC,CY,2013-01-01,63.0,,
ESTAT:SDG_16_50(1.0),04/03/26 23:00:00,A,SC,CZ,2013-01-01,48.0,,
ESTAT:SDG_16_50(1.0),04/03/26 23:00:00,A,SC,DE,2013-01-01,78.0,,
ESTAT:SDG_16_50(1.0),04/03/26 23:00:00,A,SC,DK,2013-01-01,91.0,,
ESTAT:SDG_16_50(1.0),04/03/26 23:00:00,A,SC,EA21,2013-01-01,62.0,,
ESTAT:SDG_16_50(1.0),04/03/26 23:00:00,A,SC,EE,2013-01-01,68.0,,
ESTAT:SDG_16_50(1.0),04/03/26 23:00:00,A,SC,EL,2013-01-01,40.0,,
ESTAT:SDG_16_50(1.0),04/03/26 23:00:00,A,SC,ES,2013-01-01,59.0,,
ESTAT:SDG_16_50(1.0),04/03/26 23:00:00,A,SC,EU27_2020,2013-01-01,63.0,,
ESTAT:SDG_16_50(1.0),04/03/26 23:00:00,A,SC,FI,2013-01-01,89.0,,
ESTAT:SDG_16_50(1.0),04/03/26 23:00:00,A,SC,FR,2013-01-01,71.0,,
ESTAT:SDG_16_50(1.0),04/03/26 23:00:00,A,SC,HR,2013-01-01,48.0,,
ESTAT:SDG_16_50(1.0),04/03/26 23:00:00,A,SC,HU,2013-01-01,54.0,,
ESTAT:SDG_16_50(1.0),04/03/26 23:00:00,A,SC,IE,2013-01-01,72.0,,
ESTAT:SDG_16_50(1.0),04/03/26 23:00:00,A,SC,IS,2013-01-01,78.0,,
ESTAT:SDG_16_50(1.0),04/03/26 23:00:00,A,SC,IT,2013-01-01,43.0,,
ESTAT:SDG_16_50(1.0),04/03/26 23:00:00,A,SC,JP,2013-01-01,74.0,,
ESTAT:SDG_16_50(1.0),04/03/26 23:00:00,A,SC,KR,2013-01-01,55.0,,
ESTAT:SDG_16_50(1.0),04/03/26 23:00:00,A,SC,LT,2013-01-01,57.0,,
ESTAT:SDG_16_50(1.0),04/03/26 23:00:00,A,SC,LU,2013-01-01,80.0,,
ESTAT:SDG_16_50(1.0),04/03/26 23:00:00,A,SC,LV,2013-01-01,53.0,,
ESTAT:SDG_16_50(1.0),04/03/26 23:00:00,A,SC,ME,2013-01-01,44.0,,
ESTAT:SDG_16_50(1.0),04/03/26 23:00:00,A,SC,MK,2013-01-01,44.0,,
ESTAT:SDG_16_50(1.0),04/03/26 23:00:00,A,SC,MT,2013-01-01,56.0,,
ESTAT:SDG_16_50(1.0),04/03/26 23:00:00,A,SC,NL,2013-01-01,83.0,,
ESTAT:SDG_16_50(1.0),04/03/26 23:00:00,A,SC,NO,2013-01-01,86.0,,
ESTAT:SDG_16_50(1.0),04/03/26 23:00:00,A,SC,PL,2013-01-01,60.0,,
ESTAT:SDG_16_50(1.0),04/03/26 23:00:00,A,SC,PT,2013-01-01,62.0,,
ESTAT:SDG_16_50(1.0),04/03/26 23:00:00,A,SC,RO,2013-01-01,43.0,,
ESTAT:SDG_16_50(1.0),04/03/26 23:00:00,A,SC,RS,2013-01-01,42.0,,
ESTAT:SDG_16_50(1.0),04/03/26 23:00:00,A,SC,RU,2013-01-01,28.0,,
ESTAT:SDG_16_50(1.0),04/03/26 23:00:00,A,SC,SE,2013-01-01,89.0,,
ESTAT:SDG_16_50(1.0),04/03/26 23:00:00,A,SC,SI,2013-01-01,57.0,,
ESTAT:SDG_16_50(1.0),04/03/26 23:00:00,A,SC,SK,2013-01-01,47.0,,
ESTAT:SDG_16_50(1.0),04/03/26 23:00:00,A,SC,TR,2013-01-01,50.0,,
ESTAT:SDG_16_50(1.0),04/03/26 23:00:00,A,SC,UK,2013-01-01,76.0,,
ESTAT:SDG_16_50(1.0),04/03/26 23:00:00,A,SC,US,2013-01-01,73.0,,
ESTAT:SDG_16_50(1.0),04/03/26 23:00:00,A,SC,XK,2013-01-01,33.0,,
ESTAT:SDG_16_50(1.0),04/03/26 23:00:00,A,SC,AL,2014-01-01,33.0,,
ESTAT:SDG_16_50(1.0),04/03/26 23:00:00,A,SC,AT,2014-01-01,72.0,,
ESTAT:SDG_16_50(1.0),04/03/26 23:00:00,A,SC,BA,2014-01-01,39.0,,
ESTAT:SDG_16_50(1.0),04/03/26 23:00:00,A,SC,BE,2014-01-01,76.0,,
ESTAT:SDG_16_50(1.0),04/03/26 23:00:00,A,SC,BG,2014-01-01,43.0,,
ESTAT:SDG_16_50(1.0),04/03/26 23:00:00,A,SC,CH,2014-01-01,86.0,,
ESTAT:SDG_16_50(1.0),04/03/26 23:00:00,A,SC,CY,2014-01-01,63.0,,
ESTAT:SDG_16_50(1.0),04/03/26 23:00:00,A,SC,CZ,2014-01-01,51.0,,
ESTAT:SDG_16_50(1.0),04/03/26 23:00:00,A,SC,DE,2014-01-01,79.0,,
ESTAT:SDG_16_50(1.0),04/03/26 23:00:00,A,SC,DK,2014-01-01,92.0,,
ESTAT:SDG_16_50(1.0),04/03/26 23:00:00,A,SC,EA21,2014-01-01,63.0,,
ESTAT:SDG_16_50(1.0),04/03/26 23:00:00,A,SC,EE,2014-01-01,69.0,,
ESTAT:SDG_16_50(1.0),04/03/26 23:00:00,A,SC,EL,2014-01-01,43.0,,
ESTAT:SDG_16_50(1.0),04/03/26 23:00:00,A,SC,ES,2014-01-01,60.0,,
ESTAT:SDG_16_50(1.0),04/03/26 23:00:00,A,SC,EU27_2020,2014-01-01,64.0,,
ESTAT:SDG_16_50(1.0),04/03/26 23:00:00,A,SC,FI,2014-01-01,89.0,,
ESTAT:SDG_16_50(1.0),04/03/26 23:00:00,A,SC,FR,2014-01-01,69.0,,
ESTAT:SDG_16_50(1.0),04/03/26 23:00:00,A,SC,HR,2014-01-01,48.0,,
ESTAT:SDG_16_50(1.0),04/03/26 23:00:00,A,SC,HU,2014-01-01,54.0,,
ESTAT:SDG_16_50(1.0),04/03/26 23:00:00,A,SC,IE,2014-01-01,74.0,,
ESTAT:SDG_16_50(1.0),04/03/26 23:00:00,A,SC,IS,2014-01-01,79.0,,
ESTAT:SDG_16_50(1.0),04/03/26 23:00:00,A,SC,IT,2014-01-01,43.0,,
ESTAT:SDG_16_50(1.0),04/03/26 23:00:00,A,SC,JP,2014-01-01,76.0,,
ESTAT:SDG_16_50(1.0),04/03/26 23:00:00,A,SC,KR,2014-01-01,55.0,,
ESTAT:SDG_16_50(1.0),04/03/26 23:00:00,A,SC,LT,2014-01-01,58.0,,
ESTAT:SDG_16_50(1.0),04/03/26 23:00:00,A,SC,LU,2014-01-01,82.0,,
ESTAT:SDG_16_50(1.0),04/03/26 23:00:00,A,SC,LV,2014-01-01,55.0,,
ESTAT:SDG_16_50(1.0),04/03/26 23:00:00,A,SC,ME,2014-01-01,42.0,,
ESTAT:SDG_16_50(1.0),04/03/26 23:00:00,A,SC,MK,2014-01-01,45.0,,
ESTAT:SDG_16_50(1.0),04/03/26 23:00:00,A,SC,MT,2014-01-01,55.0,,
ESTAT:SDG_16_50(1.0),04/03/26 23:00:00,A,SC,NL,2014-01-01,83.0,,
ESTAT:SDG_16_50(1.0),04/03/26 23:00:00,A,SC,NO,2014-01-01,86.0,,
ESTAT:SDG_16_50(1.0),04/03/26 23:00:00,A,SC,PL,2014-01-01,61.0,,
ESTAT:SDG_16_50(1.0),04/03/26 23:00:00,A,SC,PT,2014-01-01,63.0,,
ESTAT:SDG_16_50(1.0),04/03/26 23:00:00,A,SC,RO,2014-01-01,43.0,,
ESTAT:SDG_16_50(1.0),04/03/26 23:00:00,A,SC,RS,2014-01-01,41.0,,
ESTAT:SDG_16_50(1.0),04/03/26 23:00:00,A,SC,RU,2014-01-01,27.0,,
ESTAT:SDG_16_50(1.0),04/03/26 23:00:00,A,SC,SE,2014-01-01,87.0,,
ESTAT:SDG_16_50(1.0),04/03/26 23:00:00,A,SC,SI,2014-01-01,58.0,,
ESTAT:SDG_16_50(1.0),04/03/26 23:00:00,A,SC,SK,2014-01-01,50.0,,
ESTAT:SDG_16_50(1.0),04/03/26 23:00:00,A,SC,TR,2014-01-01,45.0,,
ESTAT:SDG_16_50(1.0),04/03/26 23:00:00,A,SC,UK,2014-01-01,78.0,,
ESTAT:SDG_16_50(1.0),04/03/26 23:00:00,A,SC,US,2014-01-01,74.0,,
ESTAT:SDG_16_50(1.0),04/03/26 23:00:00,A,SC,XK,2014-01-01,33.0,,
ESTAT:SDG_16_50(1.0),04/03/26 23:00:00,A,SC,AL,2015-01-01,36.0,,
ESTAT:SDG_16_50(1.0),04/03/26 23:00:00,A,SC,AT,2015-01-01,76.0,,
ESTAT:SDG_16_50(1.0),04/03/26 23:00:00,A,SC,BA,2015-01-01,38.0,,
ESTAT:SDG_16_50(1.0),04/03/26 23:00:00,A,SC,BE,2015-01-01,77.0,,
ESTAT:SDG_16_50(1.0),04/03/26 23:00:00,A,SC,BG,2015-01-01,41.0,,
ESTAT:SDG_16_50(1.0),04/03/26 23:00:00,A,SC,CH,2015-01-01,86.0,,
ESTAT:SDG_16_50(1.0),04/03/26 23:00:00,A,SC,CY,2015-01-01,61.0,,
ESTAT:SDG_16_50(1.0),04/03/26 23:00:00,A,SC,CZ,2015-01-01,56.0,,
ESTAT:SDG_16_50(1.0),04/03/26 23:00:00,A,SC,DE,2015-01-01,81.0,,
ESTAT:SDG_16_50(1.0),04/03/26 23:00:00,A,SC,DK,2015-01-01,91.0,,
ESTAT:SDG_16_50(1.0),04/03/26 23:00:00,A,SC,EA21,2015-01-01,64.0,,
ESTAT:SDG_16_50(1.0),04/03/26 23:00:00,A,SC,EE,2015-01-01,70.0,,
ESTAT:SDG_16_50(1.0),04/03/26 23:00:00,A,SC,EL,2015-01-01,46.0,,
ESTAT:SDG_16_50(1.0),04/03/26 23:00:00,A,SC,ES,2015-01-01,58.0,,
ESTAT:SDG_16_50(1.0),04/03/26 23:00:00,A,SC,EU27_2020,2015-01-01,65.0,,
ESTAT:SDG_16_50(1.0),04/03/26 23:00:00,A,SC,FI,2015-01-01,90.0,,
ESTAT:SDG_16_50(1.0),04/03/26 23:00:00,A,SC,FR,2015-01-01,70.0,,
ESTAT:SDG_16_50(1.0),04/03/26 23:00:00,A,SC,HR,2015-01-01,51.0,,
ESTAT:SDG_16_50(1.0),04/03/26 23:00:00,A,SC,HU,2015-01-01,51.0,,
ESTAT:SDG_16_50(1.0),04/03/26 23:00:00,A,SC,IE,2015-01-01,75.0,,
ESTAT:SDG_16_50(1.0),04/03/26 23:00:00,A,SC,IS,2015-01-01,79.0,,
ESTAT:SDG_16_50(1.0),04/03/26 23:00:00,A,SC,IT,2015-01-01,44.0,,
ESTAT:SDG_16_50(1.0),04/03/26 23:00:00,A,SC,JP,2015-01-01,75.0,,
ESTAT:SDG_16_50(1.0),04/03/26 23:00:00,A,SC,KR,2015-01-01,54.0,,
ESTAT:SDG_16_50(1.0),04/03/26 23:00:00,A,SC,LT,2015-01-01,59.0,,
ESTAT:SDG_16_50(1.0),04/03/26 23:00:00,A,SC,LU,2015-01-01,85.0,,
ESTAT:SDG_16_50(1.0),04/03/26 23:00:00,A,SC,LV,2015-01-01,56.0,,
ESTAT:SDG_16_50(1.0),04/03/26 23:00:00,A,SC,ME,2015-01-01,44.0,,
ESTAT:SDG_16_50(1.0),04/03/26 23:00:00,A,SC,MK,2015-01-01,42.0,,
ESTAT:SDG_16_50(1.0),04/03/26 23:00:00,A,SC,MT,2015-01-01,60.0,,
ESTAT:SDG_16_50(1.0),04/03/26 23:00:00,A,SC,NL,2015-01-01,84.0,,
ESTAT:SDG_16_50(1.0),04/03/26 23:00:00,A,SC,NO,2015-01-01,88.0,,
ESTAT:SDG_16_50(1.0),04/03/26 23:00:00,A,SC,PL,2015-01-01,63.0,,
ESTAT:SDG_16_50(1.0),04/03/26 23:00:00,A,SC,PT,2015-01-01,64.0,,
ESTAT:SDG_16_50(1.0),04/03/26 23:00:00,A,SC,RO,2015-01-01,46.0,,
ESTAT:SDG_16_50(1.0),04/03/26 23:00:00,A,SC,RS,2015-01-01,40.0,,
ESTAT:SDG_16_50(1.0),04/03/26 23:00:00,A,SC,RU,2015-01-01,29.0,,
ESTAT:SDG_16_50(1.0),04/03/26 23:00:00,A,SC,SE,2015-01-01,89.0,,
ESTAT:SDG_16_50(1.0),04/03/26 23:00:00,A,SC,SI,2015-01-01,60.0,,
ESTAT:SDG_16_50(1.0),04/03/26 23:00:00,A,SC,SK,2015-01-01,51.0,,
ESTAT:SDG_16_50(1.0),04/03/26 23:00:00,A,SC,TR,2015-01-01,42.0,,
ESTAT:SDG_16_50(1.0),04/03/26 23:00:00,A,SC,UK,2015-01-01,81.0,,
ESTAT:SDG_16_50(1.0),04/03/26 23:00:00,A,SC,US,2015-01-01,76.0,,
ESTAT:SDG_16_50(1.0),04/03/26 23:00:00,A,SC,XK,2015-01-01,33.0,,
ESTAT:SDG_16_50(1.0),04/03/26 23:00:00,A,SC,AL,2016-01-01,39.0,,
ESTAT:SDG_16_50(1.0),04/03/26 23:00:00,A,SC,AT,2016-01-01,75.0,,
ESTAT:SDG_16_50(1.0),04/03/26 23:00:00,A,SC,BA,2016-01-01,39.0,,
ESTAT:SDG_16_50(1.0),04/03/26 23:00:00,A,SC,BE,2016-01-01,77.0,,
ESTAT:SDG_16_50(1.0),04/03/26 23:00:00,A,SC,BG,2016-01-01,41.0,,
ESTAT:SDG_16_50(1.0),04/03/26 23:00:00,A,SC,CH,2016-01-01,86.0,,
ESTAT:SDG_16_50(1.0),04/03/26 23:00:00,A,SC,CY,2016-01-01,55.0,,
ESTAT:SDG_16_50(1.0),04/03/26 23:00:00,A,SC,CZ,2016-01-01,55.0,,
ESTAT:SDG_16_50(1.0),04/03/26 23:00:00,A,SC,DE,2016-01-01,81.0,,
ESTAT:SDG_16_50(1.0),04/03/26 23:00:00,A,SC,DK,2016-01-01,90.0,,
ESTAT:SDG_16_50(1.0),04/03/26 23:00:00,A,SC,EA21,2016-01-01,63.0,,
ESTAT:SDG_16_50(1.0),04/03/26 23:00:00,A,SC,EE,2016-01-01,70.0,,
ESTAT:SDG_16_50(1.0),04/03/26 23:00:00,A,SC,EL,2016-01-01,44.0,,
ESTAT:SDG_16_50(1.0),04/03/26 23:00:00,A,SC,ES,2016-01-01,58.0,,
ESTAT:SDG_16_50(1.0),04/03/26 23:00:00,A,SC,EU27_2020,2016-01-01,64.0,,
ESTAT:SDG_16_50(1.0),04/03/26 23:00:00,A,SC,FI,2016-01-01,89.0,,
ESTAT:SDG_16_50(1.0),04/03/26 23:00:00,A,SC,FR,2016-01-01,69.0,,
ESTAT:SDG_16_50(1.0),04/03/26 23:00:00,A,SC,HR,2016-01-01,49.0,,
ESTAT:SDG_16_50(1.0),04/03/26 23:00:00,A,SC,HU,2016-01-01,48.0,,
ESTAT:SDG_16_50(1.0),04/03/26 23:00:00,A,SC,IE,2016-01-01,73.0,,
ESTAT:SDG_16_50(1.0),04/03/26 23:00:00,A,SC,IS,2016-01-01,78.0,,
ESTAT:SDG_16_50(1.0),04/03/26 23:00:00,A,SC,IT,2016-01-01,47.0,,
ESTAT:SDG_16_50(1.0),04/03/26 23:00:00,A,SC,JP,2016-01-01,72.0,,
ESTAT:SDG_16_50(1.0),04/03/26 23:00:00,A,SC,KR,2016-01-01,53.0,,
ESTAT:SDG_16_50(1.0),04/03/26 23:00:00,A,SC,LT,2016-01-01,59.0,,
ESTAT:SDG_16_50(1.0),04/03/26 23:00:00,A,SC,LU,2016-01-01,81.0,,
ESTAT:SDG_16_50(1.0),04/03/26 23:00:00,A,SC,LV,2016-01-01,57.0,,
ESTAT:SDG_16_50(1.0),04/03/26 23:00:00,A,SC,ME,2016-01-01,45.0,,
ESTAT:SDG_16_50(1.0),04/03/26 23:00:00,A,SC,MK,2016-01-01,37.0,,
ESTAT:SDG_16_50(1.0),04/03/26 23:00:00,A,SC,MT,2016-01-01,55.0,,
ESTAT:SDG_16_50(1.0),04/03/26 23:00:00,A,SC,NL,2016-01-01,83.0,,
ESTAT:SDG_16_50(1.0),04/03/26 23:00:00,A,SC,NO,2016-01-01,85.0,,
ESTAT:SDG_16_50(1.0),04/03/26 23:00:00,A,SC,PL,2016-01-01,62.0,,
ESTAT:SDG_16_50(1.0),04/03/26 23:00:00,A,SC,PT,2016-01-01,62.0,,
ESTAT:SDG_16_50(1.0),04/03/26 23:00:00,A,SC,RO,2016-01-01,48.0,,
ESTAT:SDG_16_50(1.0),04/03/26 23:00:00,A,SC,RS,2016-01-01,42.0,,
ESTAT:SDG_16_50(1.0),04/03/26 23:00:00,A,SC,RU,2016-01-01,29.0,,
ESTAT:SDG_16_50(1.0),04/03/26 23:00:00,A,SC,SE,2016-01-01,88.0,,
ESTAT:SDG_16_50(1.0),04/03/26 23:00:00,A,SC,SI,2016-01-01,61.0,,
ESTAT:SDG_16_50(1.0),04/03/26 23:00:00,A,SC,SK,2016-01-01,51.0,,
ESTAT:SDG_16_50(1.0),04/03/26 23:00:00,A,SC,TR,2016-01-01,41.0,,
ESTAT:SDG_16_50(1.0),04/03/26 23:00:00,A,SC,UK,2016-01-01,81.0,,
ESTAT:SDG_16_50(1.0),04/03/26 23:00:00,A,SC,US,2016-01-01,74.0,,
ESTAT:SDG_16_50(1.0),04/03/26 23:00:00,A,SC,XK,2016-01-01,36.0,,
ESTAT:SDG_16_50(1.0),04/03/26 23:00:00,A,SC,AL,2017-01-01,38.0,,
ESTAT:SDG_16_50(1.0),04/03/26 23:00:00,A,SC,AT,2017-01-01,75.0,,
ESTAT:SDG_16_50(1.0),04/03/26 23:00:00,A,SC,BA,2017-01-01,38.0,,
ESTAT:SDG_16_50(1.0),04/03/26 23:00:00,A,SC,BE,2017-01-01,75.0,,
ESTAT:SDG_16_50(1.0),04/03/26 23:00:00,A,SC,BG,2017-01-01,43.0,,
ESTAT:SDG_16_50(1.0),04/03/26 23:00:00,A,SC,CH,2017-01-01,85.0,,
ESTAT:SDG_16_50(1.0),04/03/26 23:00:00,A,SC,CY,2017-01-01,57.0,,
ESTAT:SDG_16_50(1.0),04/03/26 23:00:00,A,SC,CZ,2017-01-01,57.0,,
ESTAT:SDG_16_50(1.0),04/03/26 23:00:00,A,SC,DE,2017-01-01,81.0,,
ESTAT:SDG_16_50(1.0),04/03/26 23:00:00,A,SC,DK,2017-01-01,88.0,,
ESTAT:SDG_16_50(1.0),04/03/26 23:00:00,A,SC,EA21,2017-01-01,63.0,,
ESTAT:SDG_16_50(1.0),04/03/26 23:00:00,A,SC,EE,2017-01-01,71.0,,
ESTAT:SDG_16_50(1.0),04/03/26 23:00:00,A,SC,EL,2017-01-01,48.0,,
ESTAT:SDG_16_50(1.0),04/03/26 23:00:00,A,SC,ES,2017-01-01,57.0,,
ESTAT:SDG_16_50(1.0),04/03/26 23:00:00,A,SC,EU27_2020,2017-01-01,64.0,,
ESTAT:SDG_16_50(1.0),04/03/26 23:00:00,A,SC,FI,2017-01-01,85.0,,
ESTAT:SDG_16_50(1.0),04/03/26 23:00:00,A,SC,FR,2017-01-01,70.0,,
ESTAT:SDG_16_50(1.0),04/03/26 23:00:00,A,SC,HR,2017-01-01,49.0,,
ESTAT:SDG_16_50(1.0),04/03/26 23:00:00,A,SC,HU,2017-01-01,45.0,,
ESTAT:SDG_16_50(1.0),04/03/26 23:00:00,A,SC,IE,2017-01-01,74.0,,
ESTAT:SDG_16_50(1.0),04/03/26 23:00:00,A,SC,IS,2017-01-01,77.0,,
ESTAT:SDG_16_50(1.0),04/03/26 23:00:00,A,SC,IT,2017-01-01,50.0,,
ESTAT:SDG_16_50(1.0),04/03/26 23:00:00,A,SC,JP,2017-01-01,73.0,,
ESTAT:SDG_16_50(1.0),04/03/26 23:00:00,A,SC,KR,2017-01-01,54.0,,
ESTAT:SDG_16_50(1.0),04/03/26 23:00:00,A,SC,LT,2017-01-01,59.0,,
ESTAT:SDG_16_50(1.0),04/03/26 23:00:00,A,SC,LU,2017-01-01,82.0,,
ESTAT:SDG_16_50(1.0),04/03/26 23:00:00,A,SC,LV,2017-01-01,58.0,,
ESTAT:SDG_16_50(1.0),04/03/26 23:00:00,A,SC,ME,2017-01-01,46.0,,
ESTAT:SDG_16_50(1.0),04/03/26 23:00:00,A,SC,MK,2017-01-01,35.0,,
ESTAT:SDG_16_50(1.0),04/03/26 23:00:00,A,SC,MT,2017-01-01,56.0,,
ESTAT:SDG_16_50(1.0),04/03/26 23:00:00,A,SC,NL,2017-01-01,82.0,,
ESTAT:SDG_16_50(1.0),04/03/26 23:00:00,A,SC,NO,2017-01-01,85.0,,
ESTAT:SDG_16_50(1.0),04/03/26 23:00:00,A,SC,PL,2017-01-01,60.0,,
ESTAT:SDG_16_50(1.0),04/03/26 23:00:00,A,SC,PT,2017-01-01,63.0,,
ESTAT:SDG_16_50(1.0),04/03/26 23:00:00,A,SC,RO,2017-01-01,48.0,,
ESTAT:SDG_16_50(1.0),04/03/26 23:00:00,A,SC,RS,2017-01-01,41.0,,
ESTAT:SDG_16_50(1.0),04/03/26 23:00:00,A,SC,RU,2017-01-01,29.0,,
ESTAT:SDG_16_50(1.0),04/03/26 23:00:00,A,SC,SE,2017-01-01,84.0,,
ESTAT:SDG_16_50(1.0),04/03/26 23:00:00,A,SC,SI,2017-01-01,61.0,,
ESTAT:SDG_16_50(1.0),04/03/26 23:00:00,A,SC,SK,2017-01-01,50.0,,
ESTAT:SDG_16_50(1.0),04/03/26 23:00:00,A,SC,TR,2017-01-01,40.0,,
ESTAT:SDG_16_50(1.0),04/03/26 23:00:00,A,SC,UK,2017-01-01,82.0,,
ESTAT:SDG_16_50(1.0),04/03/26 23:00:00,A,SC,US,2017-01-01,75.0,,
ESTAT:SDG_16_50(1.0),04/03/26 23:00:00,A,SC,XK,2017-01-01,39.0,,
ESTAT:SDG_16_50(1.0),04/03/26 23:00:00,A,SC,AL,2018-01-01,36.0,,
ESTAT:SDG_16_50(1.0),04/03/26 23:00:00,A,SC,AT,2018-01-01,76.0,,
ESTAT:SDG_16_50(1.0),04/03/26 23:00:00,A,SC,BA,2018-01-01,38.0,,
ESTAT:SDG_16_50(1.0),04/03/26 23:00:00,A,SC,BE,2018-01-01,75.0,,
ESTAT:SDG_16_50(1.0),04/03/26 23:00:00,A,SC,BG,2018-01-01,42.0,,
ESTAT:SDG_16_50(1.0),04/03/26 23:00:00,A,SC,CH,2018-01-01,85.0,,
ESTAT:SDG_16_50(1.0),04/03/26 23:00:00,A,SC,CY,2018-01-01,59.0,,
ESTAT:SDG_16_50(1.0),04/03/26 23:00:00,A,SC,CZ,2018-01-01,59.0,,
ESTAT:SDG_16_50(1.0),04/03/26 23:00:00,A,SC,DE,2018-01-01,80.0,,
ESTAT:SDG_16_50(1.0),04/03/26 23:00:00,A,SC,DK,2018-01-01,88.0,,
ESTAT:SDG_16_50(1.0),04/03/26 23:00:00,A,SC,EA21,2018-01-01,63.0,,
ESTAT:SDG_16_50(1.0),04/03/26 23:00:00,A,SC,EE,2018-01-01,73.0,,
ESTAT:SDG_16_50(1.0),04/03/26 23:00:00,A,SC,EL,2018-01-01,45.0,,
ESTAT:SDG_16_50(1.0),04/03/26 23:00:00,A,SC,ES,2018-01-01,58.0,,
ESTAT:SDG_16_50(1.0),04/03/26 23:00:00,A,SC,EU27_2020,2018-01-01,64.0,,
ESTAT:SDG_16_50(1.0),04/03/26 23:00:00,A,SC,FI,2018-01-01,85.0,,
ESTAT:SDG_16_50(1.0),04/03/26 23:00:00,A,SC,FR,2018-01-01,72.0,,
ESTAT:SDG_16_50(1.0),04/03/26 23:00:00,A,SC,HR,2018-01-01,48.0,,
ESTAT:SDG_16_50(1.0),04/03/26 23:00:00,A,SC,HU,2018-01-01,46.0,,
ESTAT:SDG_16_50(1.0),04/03/26 23:00:00,A,SC,IE,2018-01-01,73.0,,
ESTAT:SDG_16_50(1.0),04/03/26 23:00:00,A,SC,IS,2018-01-01,76.0,,
ESTAT:SDG_16_50(1.0),04/03/26 23:00:00,A,SC,IT,2018-01-01,52.0,,
ESTAT:SDG_16_50(1.0),04/03/26 23:00:00,A,SC,JP,2018-01-01,73.0,,
ESTAT:SDG_16_50(1.0),04/03/26 23:00:00,A,SC,KR,2018-01-01,57.0,,
ESTAT:SDG_16_50(1.0),04/03/26 23:00:00,A,SC,LT,2018-01-01,59.0,,
ESTAT:SDG_16_50(1.0),04/03/26 23:00:00,A,SC,LU,2018-01-01,81.0,,
ESTAT:SDG_16_50(1.0),04/03/26 23:00:00,A,SC,LV,2018-01-01,58.0,,
ESTAT:SDG_16_50(1.0),04/03/26 23:00:00,A,SC,ME,2018-01-01,45.0,,
ESTAT:SDG_16_50(1.0),04/03/26 23:00:00,A,SC,MK,2018-01-01,37.0,,
ESTAT:SDG_16_50(1.0),04/03/26 23:00:00,A,SC,MT,2018-01-01,54.0,,
ESTAT:SDG_16_50(1.0),04/03/26 23:00:00,A,SC,NL,2018-01-01,82.0,,
ESTAT:SDG_16_50(1.0),04/03/26 23:00:00,A,SC,NO,2018-01-01,84.0,,
ESTAT:SDG_16_50(1.0),04/03/26 23:00:00,A,SC,PL,2018-01-01,60.0,,
ESTAT:SDG_16_50(1.0),04/03/26 23:00:00,A,SC,PT,2018-01-01,64.0,,
ESTAT:SDG_16_50(1.0),04/03/26 23:00:00,A,SC,RO,2018-01-01,47.0,,
ESTAT:SDG_16_50(1.0),04/03/26 23:00:00,A,SC,RS,2018-01-01,39.0,,
ESTAT:SDG_16_50(1.0),04/03/26 23:00:00,A,SC,RU,2018-01-01,28.0,,
ESTAT:SDG_16_50(1.0),04/03/26 23:00:00,A,SC,SE,2018-01-01,85.0,,
ESTAT:SDG_16_50(1.0),04/03/26 23:00:00,A,SC,SI,2018-01-01,60.0,,
ESTAT:SDG_16_50(1.0),04/03/26 23:00:00,A,SC,SK,2018-01-01,50.0,,
ESTAT:SDG_16_50(1.0),04/03/26 23:00:00,A,SC,TR,2018-01-01,41.0,,
ESTAT:SDG_16_50(1.0),04/03/26 23:00:00,A,SC,UK,2018-01-01,80.0,,
ESTAT:SDG_16_50(1.0),04/03/26 23:00:00,A,SC,US,2018-01-01,71.0,,
ESTAT:SDG_16_50(1.0),04/03/26 23:00:00,A,SC,XK,2018-01-01,37.0,,
ESTAT:SDG_16_50(1.0),04/03/26 23:00:00,A,SC,AL,2019-01-01,35.0,,
ESTAT:SDG_16_50(1.0),04/03/26 23:00:00,A,SC,AT,2019-01-01,77.0,,
ESTAT:SDG_16_50(1.0),04/03/26 23:00:00,A,SC,BA,2019-01-01,36.0,,
ESTAT:SDG_16_50(1.0),04/03/26 23:00:00,A,SC,BE,2019-01-01,75.0,,
ESTAT:SDG_16_50(1.0),04/03/26 23:00:00,A,SC,BG,2019-01-01,43.0,,
ESTAT:SDG_16_50(1.0),04/03/26 23:00:00,A,SC,CH,2019-01-01,85.0,,
ESTAT:SDG_16_50(1.0),04/03/26 23:00:00,A,SC,CY,2019-01-01,58.0,,
ESTAT:SDG_16_50(1.0),04/03/26 23:00:00,A,SC,CZ,2019-01-01,56.0,,
ESTAT:SDG_16_50(1.0),04/03/26 23:00:00,A,SC,DE,2019-01-01,80.0,,
ESTAT:SDG_16_50(1.0),04/03/26 23:00:00,A,SC,DK,2019-01-01,87.0,,
ESTAT:SDG_16_50(1.0),04/03/26 23:00:00,A,SC,EA21,2019-01-01,63.0,,
ESTAT:SDG_16_50(1.0),04/03/26 23:00:00,A,SC,EE,2019-01-01,74.0,,
ESTAT:SDG_16_50(1.0),04/03/26 23:00:00,A,SC,EL,2019-01-01,48.0,,
ESTAT:SDG_16_50(1.0),04/03/26 23:00:00,A,SC,ES,2019-01-01,62.0,,
ESTAT:SDG_16_50(1.0),04/03/26 23:00:00,A,SC,EU27_2020,2019-01-01,64.0,,
ESTAT:SDG_16_50(1.0),04/03/26 23:00:00,A,SC,FI,2019-01-01,86.0,,
ESTAT:SDG_16_50(1.0),04/03/26 23:00:00,A,SC,FR,2019-01-01,69.0,,
ESTAT:SDG_16_50(1.0),04/03/26 23:00:00,A,SC,HR,2019-01-01,47.0,,
ESTAT:SDG_16_50(1.0),04/03/26 23:00:00,A,SC,HU,2019-01-01,44.0,,
ESTAT:SDG_16_50(1.0),04/03/26 23:00:00,A,SC,IE,2019-01-01,74.0,,
ESTAT:SDG_16_50(1.0),04/03/26 23:00:00,A,SC,IS,2019-01-01,78.0,,
ESTAT:SDG_16_50(1.0),04/03/26 23:00:00,A,SC,IT,2019-01-01,53.0,,
ESTAT:SDG_16_50(1.0),04/03/26 23:00:00,A,SC,JP,2019-01-01,73.0,,
ESTAT:SDG_16_50(1.0),04/03/26 23:00:00,A,SC,KR,2019-01-01,59.0,,
ESTAT:SDG_16_50(1.0),04/03/26 23:00:00,A,SC,LT,2019-01-01,60.0,,
ESTAT:SDG_16_50(1.0),04/03/26 23:00:00,A,SC,LU,2019-01-01,80.0,,
ESTAT:SDG_16_50(1.0),04/03/26 23:00:00,A,SC,LV,2019-01-01,56.0,,
ESTAT:SDG_16_50(1.0),04/03/26 23:00:00,A,SC,ME,2019-01-01,45.0,,
ESTAT:SDG_16_50(1.0),04/03/26 23:00:00,A,SC,MK,2019-01-01,35.0,,
ESTAT:SDG_16_50(1.0),04/03/26 23:00:00,A,SC,MT,2019-01-01,54.0,,
ESTAT:SDG_16_50(1.0),04/03/26 23:00:00,A,SC,NL,2019-01-01,82.0,,
ESTAT:SDG_16_50(1.0),04/03/26 23:00:00,A,SC,NO,2019-01-01,84.0,,
ESTAT:SDG_16_50(1.0),04/03/26 23:00:00,A,SC,PL,2019-01-01,58.0,,
ESTAT:SDG_16_50(1.0),04/03/26 23:00:00,A,SC,PT,2019-01-01,62.0,,
ESTAT:SDG_16_50(1.0),04/03/26 23:00:00,A,SC,RO,2019-01-01,44.0,,
ESTAT:SDG_16_50(1.0),04/03/26 23:00:00,A,SC,RS,2019-01-01,39.0,,
ESTAT:SDG_16_50(1.0),04/03/26 23:00:00,A,SC,RU,2019-01-01,28.0,,
ESTAT:SDG_16_50(1.0),04/03/26 23:00:00,A,SC,SE,2019-01-01,85.0,,
ESTAT:SDG_16_50(1.0),04/03/26 23:00:00,A,SC,SI,2019-01-01,60.0,,
ESTAT:SDG_16_50(1.0),04/03/26 23:00:00,A,SC,SK,2019-01-01,50.0,,
ESTAT:SDG_16_50(1.0),04/03/26 23:00:00,A,SC,TR,2019-01-01,39.0,,
ESTAT:SDG_16_50(1.0),04/03/26 23:00:00,A,SC,UK,2019-01-01,77.0,,
ESTAT:SDG_16_50(1.0),04/03/26 23:00:00,A,SC,US,2019-01-01,69.0,,
ESTAT:SDG_16_50(1.0),04/03/26 23:00:00,A,SC,XK,2019-01-01,36.0,,
ESTAT:SDG_16_50(1.0),04/03/26 23:00:00,A,SC,AL,2020-01-01,36.0,,
ESTAT:SDG_16_50(1.0),04/03/26 23:00:00,A,SC,AT,2020-01-01,76.0,,
ESTAT:SDG_16_50(1.0),04/03/26 23:00:00,A,SC,BA,2020-01-01,35.0,,
ESTAT:SDG_16_50(1.0),04/03/26 23:00:00,A,SC,BE,2020-01-01,76.0,,
ESTAT:SDG_16_50(1.0),04/03/26 23:00:00,A,SC,BG,2020-01-01,44.0,,
ESTAT:SDG_16_50(1.0),04/03/26 23:00:00,A,SC,CH,2020-01-01,85.0,,
ESTAT:SDG_16_50(1.0),04/03/26 23:00:00,A,SC,CY,2020-01-01,57.0,,
ESTAT:SDG_16_50(1.0),04/03/26 23:00:00,A,SC,CZ,2020-01-01,54.0,,
ESTAT:SDG_16_50(1.0),04/03/26 23:00:00,A,SC,DE,2020-01-01,80.0,,
ESTAT:SDG_16_50(1.0),04/03/26 23:00:00,A,SC,DK,2020-01-01,88.0,,
ESTAT:SDG_16_50(1.0),04/03/26 23:00:00,A,SC,EA21,2020-01-01,63.0,,
ESTAT:SDG_16_50(1.0),04/03/26 23:00:00,A,SC,EE,2020-01-01,75.0,,
ESTAT:SDG_16_50(1.0),04/03/26 23:00:00,A,SC,EL,2020-01-01,50.0,,
ESTAT:SDG_16_50(1.0),04/03/26 23:00:00,A,SC,ES,2020-01-01,62.0,,
ESTAT:SDG_16_50(1.0),04/03/26 23:00:00,A,SC,EU27_2020,2020-01-01,64.0,,
ESTAT:SDG_16_50(1.0),04/03/26 23:00:00,A,SC,FI,2020-01-01,85.0,,
ESTAT:SDG_16_50(1.0),04/03/26 23:00:00,A,SC,FR,2020-01-01,69.0,,
ESTAT:SDG_16_50(1.0),04/03/26 23:00:00,A,SC,HR,2020-01-01,47.0,,
ESTAT:SDG_16_50(1.0),04/03/26 23:00:00,A,SC,HU,2020-01-01,44.0,,
ESTAT:SDG_16_50(1.0),04/03/26 23:00:00,A,SC,IE,2020-01-01,72.0,,
ESTAT:SDG_16_50(1.0),04/03/26 23:00:00,A,SC,IS,2020-01-01,75.0,,
ESTAT:SDG_16_50(1.0),04/03/26 23:00:00,A,SC,IT,2020-01-01,53.0,,
ESTAT:SDG_16_50(1.0),04/03/26 23:00:00,A,SC,JP,2020-01-01,74.0,,
ESTAT:SDG_16_50(1.0),04/03/26 23:00:00,A,SC,KR,2020-01-01,61.0,,
ESTAT:SDG_16_50(1.0),04/03/26 23:00:00,A,SC,LT,2020-01-01,60.0,,
ESTAT:SDG_16_50(1.0),04/03/26 23:00:00,A,SC,LU,2020-01-01,80.0,,
ESTAT:SDG_16_50(1.0),04/03/26 23:00:00,A,SC,LV,2020-01-01,57.0,,
ESTAT:SDG_16_50(1.0),04/03/26 23:00:00,A,SC,ME,2020-01-01,45.0,,
ESTAT:SDG_16_50(1.0),04/03/26 23:00:00,A,SC,MK,2020-01-01,35.0,,
ESTAT:SDG_16_50(1.0),04/03/26 23:00:00,A,SC,MT,2020-01-01,53.0,,
ESTAT:SDG_16_50(1.0),04/03/26 23:00:00,A,SC,NL,2020-01-01,82.0,,
ESTAT:SDG_16_50(1.0),04/03/26 23:00:00,A,SC,NO,2020-01-01,84.0,,
ESTAT:SDG_16_50(1.0),04/03/26 23:00:00,A,SC,PL,2020-01-01,56.0,,
ESTAT:SDG_16_50(1.0),04/03/26 23:00:00,A,SC,PT,2020-01-01,61.0,,
ESTAT:SDG_16_50(1.0),04/03/26 23:00:00,A,SC,RO,2020-01-01,44.0,,
ESTAT:SDG_16_50(1.0),04/03/26 23:00:00,A,SC,RS,2020-01-01,38.0,,
ESTAT:SDG_16_50(1.0),04/03/26 23:00:00,A,SC,RU,2020-01-01,30.0,,
ESTAT:SDG_16_50(1.0),04/03/26 23:00:00,A,SC,SE,2020-01-01,85.0,,
ESTAT:SDG_16_50(1.0),04/03/26 23:00:00,A,SC,SI,2020-01-01,60.0,,
ESTAT:SDG_16_50(1.0),04/03/26 23:00:00,A,SC,SK,2020-01-01,49.0,,
ESTAT:SDG_16_50(1.0),04/03/26 23:00:00,A,SC,TR,2020-01-01,40.0,,
ESTAT:SDG_16_50(1.0),04/03/26 23:00:00,A,SC,UK,2020-01-01,77.0,,
ESTAT:SDG_16_50(1.0),04/03/26 23:00:00,A,SC,US,2020-01-01,67.0,,
ESTAT:SDG_16_50(1.0),04/03/26 23:00:00,A,SC,XK,2020-01-01,36.0,,
ESTAT:SDG_16_50(1.0),04/03/26 23:00:00,A,SC,AL,2021-01-01,35.0,,
ESTAT:SDG_16_50(1.0),04/03/26 23:00:00,A,SC,AT,2021-01-01,74.0,,
ESTAT:SDG_16_50(1.0),04/03/26 23:00:00,A,SC,BA,2021-01-01,35.0,,
ESTAT:SDG_16_50(1.0),04/03/26 23:00:00,A,SC,BE,2021-01-01,73.0,,
ESTAT:SDG_16_50(1.0),04/03/26 23:00:00,A,SC,BG,2021-01-01,42.0,,
ESTAT:SDG_16_50(1.0),04/03/26 23:00:00,A,SC,CH,2021-01-01,84.0,,
ESTAT:SDG_16_50(1.0),04/03/26 23:00:00,A,SC,CY,2021-01-01,53.0,,
ESTAT:SDG_16_50(1.0),04/03/26 23:00:00,A,SC,CZ,2021-01-01,54.0,,
ESTAT:SDG_16_50(1.0),04/03/26 23:00:00,A,SC,DE,2021-01-01,80.0,,
ESTAT:SDG_16_50(1.0),04/03/26 23:00:00,A,SC,DK,2021-01-01,88.0,,
ESTAT:SDG_16_50(1.0),04/03/26 23:00:00,A,SC,EA21,2021-01-01,63.0,,
ESTAT:SDG_16_50(1.0),04/03/26 23:00:00,A,SC,EE,2021-01-01,74.0,,
ESTAT:SDG_16_50(1.0),04/03/26 23:00:00,A,SC,EL,2021-01-01,49.0,,
ESTAT:SDG_16_50(1.0),04/03/26 23:00:00,A,SC,ES,2021-01-01,61.0,,
ESTAT:SDG_16_50(1.0),04/03/26 23:00:00,A,SC,EU27_2020,2021-01-01,64.0,,
ESTAT:SDG_16_50(1.0),04/03/26 23:00:00,A,SC,FI,2021-01-01,88.0,,
ESTAT:SDG_16_50(1.0),04/03/26 23:00:00,A,SC,FR,2021-01-01,71.0,,
ESTAT:SDG_16_50(1.0),04/03/26 23:00:00,A,SC,HR,2021-01-01,47.0,,
ESTAT:SDG_16_50(1.0),04/03/26 23:00:00,A,SC,HU,2021-01-01,43.0,,
ESTAT:SDG_16_50(1.0),04/03/26 23:00:00,A,SC,IE,2021-01-01,74.0,,
ESTAT:SDG_16_50(1.0),04/03/26 23:00:00,A,SC,IS,2021-01-01,74.0,,
ESTAT:SDG_16_50(1.0),04/03/26 23:00:00,A,SC,IT,2021-01-01,56.0,,
ESTAT:SDG_16_50(1.0),04/03/26 23:00:00,A,SC,JP,2021-01-01,73.0,,
ESTAT:SDG_16_50(1.0),04/03/26 23:00:00,A,SC,KR,2021-01-01,62.0,,
ESTAT:SDG_16_50(1.0),04/03/26 23:00:00,A,SC,LT,2021-01-01,61.0,,
ESTAT:SDG_16_50(1.0),04/03/26 23:00:00,A,SC,LU,2021-01-01,81.0,,
ESTAT:SDG_16_50(1.0),04/03/26 23:00:00,A,SC,LV,2021-01-01,59.0,,
ESTAT:SDG_16_50(1.0),04/03/26 23:00:00,A,SC,ME,2021-01-01,46.0,,
ESTAT:SDG_16_50(1.0),04/03/26 23:00:00,A,SC,MK,2021-01-01,39.0,,
ESTAT:SDG_16_50(1.0),04/03/26 23:00:00,A,SC,MT,2021-01-01,54.0,,
ESTAT:SDG_16_50(1.0),04/03/26 23:00:00,A,SC,NL,2021-01-01,82.0,,
ESTAT:SDG_16_50(1.0),04/03/26 23:00:00,A,SC,NO,2021-01-01,85.0,,
ESTAT:SDG_16_50(1.0),04/03/26 23:00:00,A,SC,PL,2021-01-01,56.0,,
ESTAT:SDG_16_50(1.0),04/03/26 23:00:00,A,SC,PT,2021-01-01,62.0,,
ESTAT:SDG_16_50(1.0),04/03/26 23:00:00,A,SC,RO,2021-01-01,45.0,,
ESTAT:SDG_16_50(1.0),04/03/26 23:00:00,A,SC,RS,2021-01-01,38.0,,
ESTAT:SDG_16_50(1.0),04/03/26 23:00:00,A,SC,RU,2021-01-01,29.0,,
ESTAT:SDG_16_50(1.0),04/03/26 23:00:00,A,SC,SE,2021-01-01,85.0,,
ESTAT:SDG_16_50(1.0),04/03/26 23:00:00,A,SC,SI,2021-01-01,57.0,,
ESTAT:SDG_16_50(1.0),04/03/26 23:00:00,A,SC,SK,2021-01-01,52.0,,
ESTAT:SDG_16_50(1.0),04/03/26 23:00:00,A,SC,TR,2021-01-01,38.0,,
ESTAT:SDG_16_50(1.0),04/03/26 23:00:00,A,SC,UK,2021-01-01,78.0,,
ESTAT:SDG_16_50(1.0),04/03/26 23:00:00,A,SC,US,2021-01-01,67.0,,
ESTAT:SDG_16_50(1.0),04/03/26 23:00:00,A,SC,XK,2021-01-01,39.0,,
ESTAT:SDG_16_50(1.0),04/03/26 23:00:00,A,SC,AL,2022-01-01,36.0,,
ESTAT:SDG_16_50(1.0),04/03/26 23:00:00,A,SC,AT,2022-01-01,71.0,,
ESTAT:SDG_16_50(1.0),04/03/26 23:00:00,A,SC,BA,2022-01-01,34.0,,
ESTAT:SDG_16_50(1.0),04/03/26 23:00:00,A,SC,BE,2022-01-01,73.0,,
ESTAT:SDG_16_50(1.0),04/03/26 23:00:00,A,SC,BG,2022-01-01,43.0,,
ESTAT:SDG_16_50(1.0),04/03/26 23:00:00,A,SC,CH,2022-01-01,82.0,,
ESTAT:SDG_16_50(1.0),04/03/26 23:00:00,A,SC,CY,2022-01-01,52.0,,
ESTAT:SDG_16_50(1.0),04/03/26 23:00:00,A,SC,CZ,2022-01-01,56.0,,
ESTAT:SDG_16_50(1.0),04/03/26 23:00:00,A,SC,DE,2022-01-01,79.0,,
ESTAT:SDG_16_50(1.0),04/03/26 23:00:00,A,SC,DK,2022-01-01,90.0,,
ESTAT:SDG_16_50(1.0),04/03/26 23:00:00,A,SC,EA21,2022-01-01,63.0,,
ESTAT:SDG_16_50(1.0),04/03/26 23:00:00,A,SC,EE,2022-01-01,74.0,,
ESTAT:SDG_16_50(1.0),04/03/26 23:00:00,A,SC,EL,2022-01-01,52.0,,
ESTAT:SDG_16_50(1.0),04/03/26 23:00:00,A,SC,ES,2022-01-01,60.0,,
ESTAT:SDG_16_50(1.0),04/03/26 23:00:00,A,SC,EU27_2020,2022-01-01,64.0,,
ESTAT:SDG_16_50(1.0),04/03/26 23:00:00,A,SC,FI,2022-01-01,87.0,,
ESTAT:SDG_16_50(1.0),04/03/26 23:00:00,A,SC,FR,2022-01-01,72.0,,
ESTAT:SDG_16_50(1.0),04/03/26 23:00:00,A,SC,HR,2022-01-01,50.0,,
ESTAT:SDG_16_50(1.0),04/03/26 23:00:00,A,SC,HU,2022-01-01,42.0,,
ESTAT:SDG_16_50(1.0),04/03/26 23:00:00,A,SC,IE,2022-01-01,77.0,,
ESTAT:SDG_16_50(1.0),04/03/26 23:00:00,A,SC,IS,2022-01-01,74.0,,
ESTAT:SDG_16_50(1.0),04/03/26 23:00:00,A,SC,IT,2022-01-01,56.0,,
ESTAT:SDG_16_50(1.0),04/03/26 23:00:00,A,SC,JP,2022-01-01,73.0,,
ESTAT:SDG_16_50(1.0),04/03/26 23:00:00,A,SC,KR,2022-01-01,63.0,,
ESTAT:SDG_16_50(1.0),04/03/26 23:00:00,A,SC,LT,2022-01-01,62.0,,
ESTAT:SDG_16_50(1.0),04/03/26 23:00:00,A,SC,LU,2022-01-01,77.0,,
ESTAT:SDG_16_50(1.0),04/03/26 23:00:00,A,SC,LV,2022-01-01,59.0,,
ESTAT:SDG_16_50(1.0),04/03/26 23:00:00,A,SC,ME,2022-01-01,45.0,,
ESTAT:SDG_16_50(1.0),04/03/26 23:00:00,A,SC,MK,2022-01-01,40.0,,
ESTAT:SDG_16_50(1.0),04/03/26 23:00:00,A,SC,MT,2022-01-01,51.0,,
ESTAT:SDG_16_50(1.0),04/03/26 23:00:00,A,SC,NL,2022-01-01,80.0,,
ESTAT:SDG_16_50(1.0),04/03/26 23:00:00,A,SC,NO,2022-01-01,84.0,,
ESTAT:SDG_16_50(1.0),04/03/26 23:00:00,A,SC,PL,2022-01-01,55.0,,
ESTAT:SDG_16_50(1.0),04/03/26 23:00:00,A,SC,PT,2022-01-01,62.0,,
ESTAT:SDG_16_50(1.0),04/03/26 23:00:00,A,SC,RO,2022-01-01,46.0,,
ESTAT:SDG_16_50(1.0),04/03/26 23:00:00,A,SC,RS,2022-01-01,36.0,,
ESTAT:SDG_16_50(1.0),04/03/26 23:00:00,A,SC,RU,2022-01-01,28.0,,
ESTAT:SDG_16_50(1.0),04/03/26 23:00:00,A,SC,SE,2022-01-01,83.0,,
ESTAT:SDG_16_50(1.0),04/03/26 23:00:00,A,SC,SI,2022-01-01,56.0,,
ESTAT:SDG_16_50(1.0),04/03/26 23:00:00,A,SC,SK,2022-01-01,53.0,,
ESTAT:SDG_16_50(1.0),04/03/26 23:00:00,A,SC,TR,2022-01-01,36.0,,
ESTAT:SDG_16_50(1.0),04/03/26 23:00:00,A,SC,UK,2022-01-01,73.0,,
ESTAT:SDG_16_50(1.0),04/03/26 23:00:00,A,SC,US,2022-01-01,69.0,,
ESTAT:SDG_16_50(1.0),04/03/26 23:00:00,A,SC,XK,2022-01-01,41.0,,
ESTAT:SDG_16_50(1.0),04/03/26 23:00:00,A,SC,AL,2023-01-01,37.0,,
ESTAT:SDG_16_50(1.0),04/03/26 23:00:00,A,SC,AT,2023-01-01,71.0,,
ESTAT:SDG_16_50(1.0),04/03/26 23:00:00,A,SC,BA,2023-01-01,35.0,,
ESTAT:SDG_16_50(1.0),04/03/26 23:00:00,A,SC,BE,2023-01-01,73.0,,
ESTAT:SDG_16_50(1.0),04/03/26 23:00:00,A,SC,BG,2023-01-01,45.0,,
ESTAT:SDG_16_50(1.0),04/03/26 23:00:00,A,SC,CH,2023-01-01,82.0,,
ESTAT:SDG_16_50(1.0),04/03/26 23:00:00,A,SC,CY,2023-01-01,53.0,,
ESTAT:SDG_16_50(1.0),04/03/26 23:00:00,A,SC,CZ,2023-01-01,57.0,,
ESTAT:SDG_16_50(1.0),04/03/26 23:00:00,A,SC,DE,2023-01-01,78.0,,
ESTAT:SDG_16_50(1.0),04/03/26 23:00:00,A,SC,DK,2023-01-01,90.0,,
ESTAT:SDG_16_50(1.0),04/03/26 23:00:00,A,SC,EA21,2023-01-01,63.0,,
ESTAT:SDG_16_50(1.0),04/03/26 23:00:00,A,SC,EE,2023-01-01,76.0,,
ESTAT:SDG_16_50(1.0),04/03/26 23:00:00,A,SC,EL,2023-01-01,49.0,,
ESTAT:SDG_16_50(1.0),04/03/26 23:00:00,A,SC,ES,2023-01-01,60.0,,
ESTAT:SDG_16_50(1.0),04/03/26 23:00:00,A,SC,EU27_2020,2023-01-01,64.0,,
ESTAT:SDG_16_50(1.0),04/03/26 23:00:00,A,SC,FI,2023-01-01,87.0,,
ESTAT:SDG_16_50(1.0),04/03/26 23:00:00,A,SC,FR,2023-01-01,71.0,,
ESTAT:SDG_16_50(1.0),04/03/26 23:00:00,A,SC,HR,2023-01-01,50.0,,
ESTAT:SDG_16_50(1.0),04/03/26 23:00:00,A,SC,HU,2023-01-01,42.0,,
ESTAT:SDG_16_50(1.0),04/03/26 23:00:00,A,SC,IE,2023-01-01,77.0,,
ESTAT:SDG_16_50(1.0),04/03/26 23:00:00,A,SC,IS,2023-01-01,72.0,,
ESTAT:SDG_16_50(1.0),04/03/26 23:00:00,A,SC,IT,2023-01-01,56.0,,
ESTAT:SDG_16_50(1.0),04/03/26 23:00:00,A,SC,JP,2023-01-01,73.0,,
ESTAT:SDG_16_50(1.0),04/03/26 23:00:00,A,SC,KR,2023-01-01,63.0,,
ESTAT:SDG_16_50(1.0),04/03/26 23:00:00,A,SC,LT,2023-01-01,61.0,,
ESTAT:SDG_16_50(1.0),04/03/26 23:00:00,A,SC,LU,2023-01-01,78.0,,
ESTAT:SDG_16_50(1.0),04/03/26 23:00:00,A,SC,LV,2023-01-01,60.0,,
ESTAT:SDG_16_50(1.0),04/03/26 23:00:00,A,SC,ME,2023-01-01,46.0,,
ESTAT:SDG_16_50(1.0),04/03/26 23:00:00,A,SC,MK,2023-01-01,42.0,,
ESTAT:SDG_16_50(1.0),04/03/26 23:00:00,A,SC,MT,2023-01-01,51.0,,
ESTAT:SDG_16_50(1.0),04/03/26 23:00:00,A,SC,NL,2023-01-01,79.0,,
ESTAT:SDG_16_50(1.0),04/03/26 23:00:00,A,SC,NO,2023-01-01,84.0,,
ESTAT:SDG_16_50(1.0),04/03/26 23:00:00,A,SC,PL,2023-01-01,54.0,,
ESTAT:SDG_16_50(1.0),04/03/26 23:00:00,A,SC,PT,2023-01-01,61.0,,
ESTAT:SDG_16_50(1.0),04/03/26 23:00:00,A,SC,RO,2023-01-01,46.0,,
ESTAT:SDG_16_50(1.0),04/03/26 23:00:00,A,SC,RS,2023-01-01,36.0,,
ESTAT:SDG_16_50(1.0),04/03/26 23:00:00,A,SC,RU,2023-01-01,26.0,,
ESTAT:SDG_16_50(1.0),04/03/26 23:00:00,A,SC,SE,2023-01-01,82.0,,
ESTAT:SDG_16_50(1.0),04/03/26 23:00:00,A,SC,SI,2023-01-01,56.0,,
ESTAT:SDG_16_50(1.0),04/03/26 23:00:00,A,SC,SK,2023-01-01,54.0,,
ESTAT:SDG_16_50(1.0),04/03/26 23:00:00,A,SC,TR,2023-01-01,34.0,,
ESTAT:SDG_16_50(1.0),04/03/26 23:00:00,A,SC,UK,2023-01-01,71.0,,
ESTAT:SDG_16_50(1.0),04/03/26 23:00:00,A,SC,US,2023-01-01,69.0,,
ESTAT:SDG_16_50(1.0),04/03/26 23:00:00,A,SC,XK,2023-01-01,41.0,,
ESTAT:SDG_16_50(1.0),04/03/26 23:00:00,A,SC,AL,2024-01-01,42.0,,
ESTAT:SDG_16_50(1.0),04/03/26 23:00:00,A,SC,AT,2024-01-01,67.0,,
ESTAT:SDG_16_50(1.0),04/03/26 23:00:00,A,SC,BA,2024-01-01,33.0,,
ESTAT:SDG_16_50(1.0),04/03/26 23:00:00,A,SC,BE,2024-01-01,69.0,,
ESTAT:SDG_16_50(1.0),04/03/26 23:00:00,A,SC,BG,2024-01-01,43.0,,
ESTAT:SDG_16_50(1.0),04/03/26 23:00:00,A,SC,CH,2024-01-01,81.0,,
ESTAT:SDG_16_50(1.0),04/03/26 23:00:00,A,SC,CY,2024-01-01,56.0,,
ESTAT:SDG_16_50(1.0),04/03/26 23:00:00,A,SC,CZ,2024-01-01,56.0,,
ESTAT:SDG_16_50(1.0),04/03/26 23:00:00,A,SC,DE,2024-01-01,75.0,,
ESTAT:SDG_16_50(1.0),04/03/26 23:00:00,A,SC,DK,2024-01-01,90.0,,
ESTAT:SDG_16_50(1.0),04/03/26 23:00:00,A,SC,EA21,2024-01-01,62.0,,
ESTAT:SDG_16_50(1.0),04/03/26 23:00:00,A,SC,EE,2024-01-01,76.0,,
ESTAT:SDG_16_50(1.0),04/03/26 23:00:00,A,SC,EL,2024-01-01,49.0,,
ESTAT:SDG_16_50(1.0),04/03/26 23:00:00,A,SC,ES,2024-01-01,56.0,,
ESTAT:SDG_16_50(1.0),04/03/26 23:00:00,A,SC,EU27_2020,2024-01-01,62.0,,
ESTAT:SDG_16_50(1.0),04/03/26 23:00:00,A,SC,FI,2024-01-01,88.0,,
ESTAT:SDG_16_50(1.0),04/03/26 23:00:00,A,SC,FR,2024-01-01,67.0,,
ESTAT:SDG_16_50(1.0),04/03/26 23:00:00,A,SC,HR,2024-01-01,47.0,,
ESTAT:SDG_16_50(1.0),04/03/26 23:00:00,A,SC,HU,2024-01-01,41.0,,
ESTAT:SDG_16_50(1.0),04/03/26 23:00:00,A,SC,IE,2024-01-01,77.0,,
ESTAT:SDG_16_50(1.0),04/03/26 23:00:00,A,SC,IS,2024-01-01,77.0,,
ESTAT:SDG_16_50(1.0),04/03/26 23:00:00,A,SC,IT,2024-01-01,54.0,,
ESTAT:SDG_16_50(1.0),04/03/26 23:00:00,A,SC,JP,2024-01-01,71.0,,
ESTAT:SDG_16_50(1.0),04/03/26 23:00:00,A,SC,KR,2024-01-01,64.0,,
ESTAT:SDG_16_50(1.0),04/03/26 23:00:00,A,SC,LT,2024-01-01,63.0,,
ESTAT:SDG_16_50(1.0),04/03/26 23:00:00,A,SC,LU,2024-01-01,81.0,,
ESTAT:SDG_16_50(1.0),04/03/26 23:00:00,A,SC,LV,2024-01-01,59.0,,
ESTAT:SDG_16_50(1.0),04/03/26 23:00:00,A,SC,ME,2024-01-01,46.0,,
ESTAT:SDG_16_50(1.0),04/03/26 23:00:00,A,SC,MK,2024-01-01,40.0,,
ESTAT:SDG_16_50(1.0),04/03/26 23:00:00,A,SC,MT,2024-01-01,46.0,,
ESTAT:SDG_16_50(1.0),04/03/26 23:00:00,A,SC,NL,2024-01-01,78.0,,
ESTAT:SDG_16_50(1.0),04/03/26 23:00:00,A,SC,NO,2024-01-01,81.0,,
ESTAT:SDG_16_50(1.0),04/03/26 23:00:00,A,SC,PL,2024-01-01,53.0,,
ESTAT:SDG_16_50(1.0),04/03/26 23:00:00,A,SC,PT,2024-01-01,57.0,,
ESTAT:SDG_16_50(1.0),04/03/26 23:00:00,A,SC,RO,2024-01-01,46.0,,
ESTAT:SDG_16_50(1.0),04/03/26 23:00:00,A,SC,RS,2024-01-01,35.0,,
ESTAT:SDG_16_50(1.0),04/03/26 23:00:00,A,SC,RU,2024-01-01,22.0,,
ESTAT:SDG_16_50(1.0),04/03/26 23:00:00,A,SC,SE,2024-01-01,80.0,,
ESTAT:SDG_16_50(1.0),04/03/26 23:00:00,A,SC,SI,2024-01-01,60.0,,
ESTAT:SDG_16_50(1.0),04/03/26 23:00:00,A,SC,SK,2024-01-01,49.0,,
ESTAT:SDG_16_50(1.0),04/03/26 23:00:00,A,SC,TR,2024-01-01,34.0,,
ESTAT:SDG_16_50(1.0),04/03/26 23:00:00,A,SC,UK,2024-01-01,71.0,,
ESTAT:SDG_16_50(1.0),04/03/26 23:00:00,A,SC,US,2024-01-01,65.0,,
ESTAT:SDG_16_50(1.0),04/03/26 23:00:00,A,SC,XK,2024-01-01,44.0,,
ESTAT:SDG_16_50(1.0),04/03/26 23:00:00,A,SC,AL,2025-01-01,39.0,,
ESTAT:SDG_16_50(1.0),04/03/26 23:00:00,A,SC,AT,2025-01-01,69.0,,
ESTAT:SDG_16_50(1.0),04/03/26 23:00:00,A,SC,BA,2025-01-01,34.0,,
ESTAT:SDG_16_50(1.0),04/03/26 23:00:00,A,SC,BE,2025-01-01,69.0,,
ESTAT:SDG_16_50(1.0),04/03/26 23:00:00,A,SC,BG,2025-01-01,40.0,,
ESTAT:SDG_16_50(1.0),04/03/26 23:00:00,A,SC,CH,2025-01-01,80.0,,
ESTAT:SDG_16_50(1.0),04/03/26 23:00:00,A,SC,CY,2025-01-01,55.0,,
ESTAT:SDG_16_50(1.0),04/03/26 23:00:00,A,SC,CZ,2025-01-01,59.0,,
ESTAT:SDG_16_50(1.0),04/03/26 23:00:00,A,SC,DE,2025-01-01,77.0,,
ESTAT:SDG_16_50(1.0),04/03/26 23:00:00,A,SC,DK,2025-01-01,89.0,,
ESTAT:SDG_16_50(1.0),04/03/26 23:00:00,A,SC,EA21,2025-01-01,63.0,,
ESTAT:SDG_16_50(1.0),04/03/26 23:00:00,A,SC,EE,2025-01-01,76.0,,
ESTAT:SDG_16_50(1.0),04/03/26 23:00:00,A,SC,EL,2025-01-01,50.0,,
ESTAT:SDG_16_50(1.0),04/03/26 23:00:00,A,SC,ES,2025-01-01,55.0,,
ESTAT:SDG_16_50(1.0),04/03/26 23:00:00,A,SC,EU27_2020,2025-01-01,62.0,,
ESTAT:SDG_16_50(1.0),04/03/26 23:00:00,A,SC,FI,2025-01-01,88.0,,
ESTAT:SDG_16_50(1.0),04/03/26 23:00:00,A,SC,FR,2025-01-01,66.0,,
ESTAT:SDG_16_50(1.0),04/03/26 23:00:00,A,SC,HR,2025-01-01,47.0,,
ESTAT:SDG_16_50(1.0),04/03/26 23:00:00,A,SC,HU,2025-01-01,40.0,,
ESTAT:SDG_16_50(1.0),04/03/26 23:00:00,A,SC,IE,2025-01-01,76.0,,
ESTAT:SDG_16_50(1.0),04/03/26 23:00:00,A,SC,IS,2025-01-01,77.0,,
ESTAT:SDG_16_50(1.0),04/03/26 23:00:00,A,SC,IT,2025-01-01,53.0,,
ESTAT:SDG_16_50(1.0),04/03/26 23:00:00,A,SC,JP,2025-01-01,71.0,,
ESTAT:SDG_16_50(1.0),04/03/26 23:00:00,A,SC,KR,2025-01-01,63.0,,
ESTAT:SDG_16_50(1.0),04/03/26 23:00:00,A,SC,LT,2025-01-01,65.0,,
ESTAT:SDG_16_50(1.0),04/03/26 23:00:00,A,SC,LU,2025-01-01,78.0,,
ESTAT:SDG_16_50(1.0),04/03/26 23:00:00,A,SC,LV,2025-01-01,60.0,,
ESTAT:SDG_16_50(1.0),04/03/26 23:00:00,A,SC,ME,2025-01-01,46.0,,
ESTAT:SDG_16_50(1.0),04/03/26 23:00:00,A,SC,MK,2025-01-01,40.0,,
ESTAT:SDG_16_50(1.0),04/03/26 23:00:00,A,SC,MT,2025-01-01,49.0,,
ESTAT:SDG_16_50(1.0),04/03/26 23:00:00,A,SC,NL,2025-01-01,78.0,,
ESTAT:SDG_16_50(1.0),04/03/26 23:00:00,A,SC,NO,2025-01-01,81.0,,
ESTAT:SDG_16_50(1.0),04/03/26 23:00:00,A,SC,PL,2025-01-01,53.0,,
ESTAT:SDG_16_50(1.0),04/03/26 23:00:00,A,SC,PT,2025-01-01,56.0,,
ESTAT:SDG_16_50(1.0),04/03/26 23:00:00,A,SC,RO,2025-01-01,45.0,,
ESTAT:SDG_16_50(1.0),04/03/26 23:00:00,A,SC,RS,2025-01-01,33.0,,
ESTAT:SDG_16_50(1.0),04/03/26 23:00:00,A,SC,RU,2025-01-01,22.0,,
ESTAT:SDG_16_50(1.0),04/03/26 23:00:00,A,SC,SE,2025-01-01,80.0,,
ESTAT:SDG_16_50(1.0),04/03/26 23:00:00,A,SC,SI,2025-01-01,58.0,,
ESTAT:SDG_16_50(1.0),04/03/26 23:00:00,A,SC,SK,2025-01-01,48.0,,
ESTAT:SDG_16_50(1.0),04/03/26 23:00:00,A,SC,TR,2025-01-01,31.0,,
ESTAT:SDG_16_50(1.0),04/03/26 23:00:00,A,SC,UK,2025-01-01,70.0,,
ESTAT:SDG_16_50(1.0),04/03/26 23:00:00,A,SC,US,2025-01-01,64.0,,
ESTAT:SDG_16_50(1.0),04/03/26 23:00:00,A,SC,XK,2025-01-01,43.0,,
