DATAFLOW,LAST UPDATE,freq,iccs,unit,geo,TIME_PERIOD,OBS_VALUE,OBS_FLAG,CONF_STATUS
ESTAT:CRIM_OFF_CAT(1.0),29/04/26 11:00:00,A,ICCS0703,P_HTHAB,AL,2016-01-01,35.89,,
ESTAT:CRIM_OFF_CAT(1.0),29/04/26 11:00:00,A,ICCS0703,P_HTHAB,AT,2016-01-01,36.22,,
ESTAT:CRIM_OFF_CAT(1.0),29/04/26 11:00:00,A,ICCS0703,P_HTHAB,BE,2016-01-01,45.6,,
ESTAT:CRIM_OFF_CAT(1.0),29/04/26 11:00:00,A,ICCS0703,P_HTHAB,BG,2016-01-01,3.12,,
ESTAT:CRIM_OFF_CAT(1.0),29/04/26 11:00:00,A,ICCS0703,P_HTHAB,CH,2016-01-01,45.02,,
ESTAT:CRIM_OFF_CAT(1.0),29/04/26 11:00:00,A,ICCS0703,P_HTHAB,CY,2016-01-01,4.83,,
ESTAT:CRIM_OFF_CAT(1.0),29/04/26 11:00:00,A,ICCS0703,P_HTHAB,CZ,2016-01-01,28.04,,
ESTAT:CRIM_OFF_CAT(1.0),29/04/26 11:00:00,A,ICCS0703,P_HTHAB,DE,2016-01-01,7.91,,
ESTAT:CRIM_OFF_CAT(1.0),29/04/26 11:00:00,A,ICCS0703,P_HTHAB,DK,2016-01-01,91.92,,
ESTAT:CRIM_OFF_CAT(1.0),29/04/26 11:00:00,A,ICCS0703,P_HTHAB,ES,2016-01-01,2.46,,
ESTAT:CRIM_OFF_CAT(1.0),29/04/26 11:00:00,A,ICCS0703,P_HTHAB,FI,2016-01-01,66.83,,
ESTAT:CRIM_OFF_CAT(1.0),29/04/26 11:00:00,A,ICCS0703,P_HTHAB,FR,2016-01-01,3.01,,
ESTAT:CRIM_OFF_CAT(1.0),29/04/26 11:00:00,A,ICCS0703,P_HTHAB,HR,2016-01-01,21.6,,
ESTAT:CRIM_OFF_CAT(1.0),29/04/26 11:00:00,A,ICCS0703,P_HTHAB,HU,2016-01-01,11.85,,
ESTAT:CRIM_OFF_CAT(1.0),29/04/26 11:00:00,A,ICCS0703,P_HTHAB,IT,2016-01-01,35.12,,
ESTAT:CRIM_OFF_CAT(1.0),29/04/26 11:00:00,A,ICCS0703,P_HTHAB,LI,2016-01-01,10.63,,
ESTAT:CRIM_OFF_CAT(1.0),29/04/26 11:00:00,A,ICCS0703,P_HTHAB,LT,2016-01-01,26.35,,
ESTAT:CRIM_OFF_CAT(1.0),29/04/26 11:00:00,A,ICCS0703,P_HTHAB,LU,2016-01-01,0.87,,
ESTAT:CRIM_OFF_CAT(1.0),29/04/26 11:00:00,A,ICCS0703,P_HTHAB,LV,2016-01-01,14.58,,
ESTAT:CRIM_OFF_CAT(1.0),29/04/26 11:00:00,A,ICCS0703,P_HTHAB,ME,2016-01-01,12.86,,
ESTAT:CRIM_OFF_CAT(1.0),29/04/26 11:00:00,A,ICCS0703,P_HTHAB,MT,2016-01-01,1.11,,
ESTAT:CRIM_OFF_CAT(1.0),29/04/26 11:00:00,A,ICCS0703,P_HTHAB,NL,2016-01-01,40.67,,
ESTAT:CRIM_OFF_CAT(1.0),29/04/26 11:00:00,A,ICCS0703,P_HTHAB,NO,2016-01-01,0.88,,
ESTAT:CRIM_OFF_CAT(1.0),29/04/26 11:00:00,A,ICCS0703,P_HTHAB,PL,2016-01-01,18.68,,
ESTAT:CRIM_OFF_CAT(1.0),29/04/26 11:00:00,A,ICCS0703,P_HTHAB,PT,2016-01-01,1.47,,
ESTAT:CRIM_OFF_CAT(1.0),29/04/26 11:00:00,A,ICCS0703,P_HTHAB,RO,2016-01-01,7.09,,
ESTAT:CRIM_OFF_CAT(1.0),29/04/26 11:00:00,A,ICCS0703,P_HTHAB,RS,2016-01-01,19.05,,
ESTAT:CRIM_OFF_CAT(1.0),29/04/26 11:00:00,A,ICCS0703,P_HTHAB,SE,2016-01-01,213.55,,
ESTAT:CRIM_OFF_CAT(1.0),29/04/26 11:00:00,A,ICCS0703,P_HTHAB,SI,2016-01-01,56.15,,
ESTAT:CRIM_OFF_CAT(1.0),29/04/26 11:00:00,A,ICCS0703,P_HTHAB,SK,2016-01-01,1.94,,
ESTAT:CRIM_OFF_CAT(1.0),29/04/26 11:00:00,A,ICCS0703,P_HTHAB,TR,2016-01-01,6.3,,
ESTAT:CRIM_OFF_CAT(1.0),29/04/26 11:00:00,A,ICCS0703,P_HTHAB,XK,2016-01-01,14.68,,
ESTAT:CRIM_OFF_CAT(1.0),29/04/26 11:00:00,A,ICCS07031,P_HTHAB,AL,2016-01-01,8.9,,
ESTAT:CRIM_OFF_CAT(1.0),29/04/26 11:00:00,A,ICCS07031,P_HTHAB,AT,2016-01-01,0.23,,
ESTAT:CRIM_OFF_CAT(1.0),29/04/26 11:00:00,A,ICCS07031,P_HTHAB,BE,2016-01-01,0.85,,
ESTAT:CRIM_OFF_CAT(1.0),29/04/26 11:00:00,A,ICCS07031,P_HTHAB,BG,2016-01-01,1.85,,
ESTAT:CRIM_OFF_CAT(1.0),29/04/26 11:00:00,A,ICCS07031,P_HTHAB,CH,2016-01-01,0.24,,
ESTAT:CRIM_OFF_CAT(1.0),29/04/26 11:00:00,A,ICCS07031,P_HTHAB,CY,2016-01-01,4.48,,
ESTAT:CRIM_OFF_CAT(1.0),29/04/26 11:00:00,A,ICCS07031,P_HTHAB,CZ,2016-01-01,0.93,,
ESTAT:CRIM_OFF_CAT(1.0),29/04/26 11:00:00,A,ICCS07031,P_HTHAB,DE,2016-01-01,7.91,,
ESTAT:CRIM_OFF_CAT(1.0),29/04/26 11:00:00,A,ICCS07031,P_HTHAB,DK,2016-01-01,0.93,,
ESTAT:CRIM_OFF_CAT(1.0),29/04/26 11:00:00,A,ICCS07031,P_HTHAB,ES,2016-01-01,0.16,,
ESTAT:CRIM_OFF_CAT(1.0),29/04/26 11:00:00,A,ICCS07031,P_HTHAB,FI,2016-01-01,0.46,,
ESTAT:CRIM_OFF_CAT(1.0),29/04/26 11:00:00,A,ICCS07031,P_HTHAB,FR,2016-01-01,0.29,,
ESTAT:CRIM_OFF_CAT(1.0),29/04/26 11:00:00,A,ICCS07031,P_HTHAB,HR,2016-01-01,5.3,,
ESTAT:CRIM_OFF_CAT(1.0),29/04/26 11:00:00,A,ICCS07031,P_HTHAB,HU,2016-01-01,9.85,,
ESTAT:CRIM_OFF_CAT(1.0),29/04/26 11:00:00,A,ICCS07031,P_HTHAB,IT,2016-01-01,0.87,,
ESTAT:CRIM_OFF_CAT(1.0),29/04/26 11:00:00,A,ICCS07031,P_HTHAB,LI,2016-01-01,0.0,,
ESTAT:CRIM_OFF_CAT(1.0),29/04/26 11:00:00,A,ICCS07031,P_HTHAB,LT,2016-01-01,2.15,,
ESTAT:CRIM_OFF_CAT(1.0),29/04/26 11:00:00,A,ICCS07031,P_HTHAB,LU,2016-01-01,0.87,,
ESTAT:CRIM_OFF_CAT(1.0),29/04/26 11:00:00,A,ICCS07031,P_HTHAB,LV,2016-01-01,11.78,,
ESTAT:CRIM_OFF_CAT(1.0),29/04/26 11:00:00,A,ICCS07031,P_HTHAB,ME,2016-01-01,3.21,,
ESTAT:CRIM_OFF_CAT(1.0),29/04/26 11:00:00,A,ICCS07031,P_HTHAB,MT,2016-01-01,0.22,,
ESTAT:CRIM_OFF_CAT(1.0),29/04/26 11:00:00,A,ICCS07031,P_HTHAB,PL,2016-01-01,16.24,,
ESTAT:CRIM_OFF_CAT(1.0),29/04/26 11:00:00,A,ICCS07031,P_HTHAB,PT,2016-01-01,0.67,,
ESTAT:CRIM_OFF_CAT(1.0),29/04/26 11:00:00,A,ICCS07031,P_HTHAB,RO,2016-01-01,5.94,,
ESTAT:CRIM_OFF_CAT(1.0),29/04/26 11:00:00,A,ICCS07031,P_HTHAB,RS,2016-01-01,2.08,,
ESTAT:CRIM_OFF_CAT(1.0),29/04/26 11:00:00,A,ICCS07031,P_HTHAB,SE,2016-01-01,2.55,,
ESTAT:CRIM_OFF_CAT(1.0),29/04/26 11:00:00,A,ICCS07031,P_HTHAB,SI,2016-01-01,9.64,,
ESTAT:CRIM_OFF_CAT(1.0),29/04/26 11:00:00,A,ICCS07031,P_HTHAB,SK,2016-01-01,1.31,,
ESTAT:CRIM_OFF_CAT(1.0),29/04/26 11:00:00,A,ICCS07031,P_HTHAB,TR,2016-01-01,2.18,,
ESTAT:CRIM_OFF_CAT(1.0),29/04/26 11:00:00,A,ICCS07031,P_HTHAB,XK,2016-01-01,2.71,,
ESTAT:CRIM_OFF_CAT(1.0),29/04/26 11:00:00,A,ICCS07041,P_HTHAB,AL,2016-01-01,12.69,,
ESTAT:CRIM_OFF_CAT(1.0),29/04/26 11:00:00,A,ICCS07041,P_HTHAB,AT,2016-01-01,6.46,,
ESTAT:CRIM_OFF_CAT(1.0),29/04/26 11:00:00,A,ICCS07041,P_HTHAB,BE,2016-01-01,7.8,,
ESTAT:CRIM_OFF_CAT(1.0),29/04/26 11:00:00,A,ICCS07041,P_HTHAB,BG,2016-01-01,0.43,,
ESTAT:CRIM_OFF_CAT(1.0),29/04/26 11:00:00,A,ICCS07041,P_HTHAB,CH,2016-01-01,7.96,,
ESTAT:CRIM_OFF_CAT(1.0),29/04/26 11:00:00,A,ICCS07041,P_HTHAB,CZ,2016-01-01,11.18,,
ESTAT:CRIM_OFF_CAT(1.0),29/04/26 11:00:00,A,ICCS07041,P_HTHAB,DE,2016-01-01,14.04,,
ESTAT:CRIM_OFF_CAT(1.0),29/04/26 11:00:00,A,ICCS07041,P_HTHAB,DK,2016-01-01,0.07,,
ESTAT:CRIM_OFF_CAT(1.0),29/04/26 11:00:00,A,ICCS07041,P_HTHAB,EE,2016-01-01,5.17,,
ESTAT:CRIM_OFF_CAT(1.0),29/04/26 11:00:00,A,ICCS07041,P_HTHAB,EL,2016-01-01,0.24,,
ESTAT:CRIM_OFF_CAT(1.0),29/04/26 11:00:00,A,ICCS07041,P_HTHAB,ES,2016-01-01,0.56,,
ESTAT:CRIM_OFF_CAT(1.0),29/04/26 11:00:00,A,ICCS07041,P_HTHAB,FI,2016-01-01,6.74,,
ESTAT:CRIM_OFF_CAT(1.0),29/04/26 11:00:00,A,ICCS07041,P_HTHAB,FR,2016-01-01,1.67,,
ESTAT:CRIM_OFF_CAT(1.0),29/04/26 11:00:00,A,ICCS07041,P_HTHAB,HR,2016-01-01,1.38,,
ESTAT:CRIM_OFF_CAT(1.0),29/04/26 11:00:00,A,ICCS07041,P_HTHAB,HU,2016-01-01,0.52,,
ESTAT:CRIM_OFF_CAT(1.0),29/04/26 11:00:00,A,ICCS07041,P_HTHAB,IT,2016-01-01,2.98,,
ESTAT:CRIM_OFF_CAT(1.0),29/04/26 11:00:00,A,ICCS07041,P_HTHAB,LI,2016-01-01,180.75,,
ESTAT:CRIM_OFF_CAT(1.0),29/04/26 11:00:00,A,ICCS07041,P_HTHAB,LT,2016-01-01,1.11,,
ESTAT:CRIM_OFF_CAT(1.0),29/04/26 11:00:00,A,ICCS07041,P_HTHAB,LV,2016-01-01,6.09,,
ESTAT:CRIM_OFF_CAT(1.0),29/04/26 11:00:00,A,ICCS07041,P_HTHAB,MT,2016-01-01,17.1,,
ESTAT:CRIM_OFF_CAT(1.0),29/04/26 11:00:00,A,ICCS07041,P_HTHAB,NL,2016-01-01,3.59,,
ESTAT:CRIM_OFF_CAT(1.0),29/04/26 11:00:00,A,ICCS07041,P_HTHAB,NO,2016-01-01,2.19,,
ESTAT:CRIM_OFF_CAT(1.0),29/04/26 11:00:00,A,ICCS07041,P_HTHAB,PL,2016-01-01,0.89,,
ESTAT:CRIM_OFF_CAT(1.0),29/04/26 11:00:00,A,ICCS07041,P_HTHAB,PT,2016-01-01,0.17,,
ESTAT:CRIM_OFF_CAT(1.0),29/04/26 11:00:00,A,ICCS07041,P_HTHAB,RO,2016-01-01,4.83,,
ESTAT:CRIM_OFF_CAT(1.0),29/04/26 11:00:00,A,ICCS07041,P_HTHAB,RS,2016-01-01,0.17,,
ESTAT:CRIM_OFF_CAT(1.0),29/04/26 11:00:00,A,ICCS07041,P_HTHAB,SE,2016-01-01,20.01,,
ESTAT:CRIM_OFF_CAT(1.0),29/04/26 11:00:00,A,ICCS07041,P_HTHAB,SI,2016-01-01,2.47,,
ESTAT:CRIM_OFF_CAT(1.0),29/04/26 11:00:00,A,ICCS07041,P_HTHAB,SK,2016-01-01,2.14,,
ESTAT:CRIM_OFF_CAT(1.0),29/04/26 11:00:00,A,ICCS07041,P_HTHAB,TR,2016-01-01,1.26,,
ESTAT:CRIM_OFF_CAT(1.0),29/04/26 11:00:00,A,ICCS07041,P_HTHAB,XK,2016-01-01,0.23,,
ESTAT:CRIM_OFF_CAT(1.0),29/04/26 11:00:00,A,ICCS09051,P_HTHAB,AL,2016-01-01,0.35,,
ESTAT:CRIM_OFF_CAT(1.0),29/04/26 11:00:00,A,ICCS09051,P_HTHAB,AT,2016-01-01,0.66,,
ESTAT:CRIM_OFF_CAT(1.0),29/04/26 11:00:00,A,ICCS09051,P_HTHAB,BE,2016-01-01,2.14,,
ESTAT:CRIM_OFF_CAT(1.0),29/04/26 11:00:00,A,ICCS09051,P_HTHAB,BG,2016-01-01,0.94,,
ESTAT:CRIM_OFF_CAT(1.0),29/04/26 11:00:00,A,ICCS09051,P_HTHAB,CH,2016-01-01,0.84,,
ESTAT:CRIM_OFF_CAT(1.0),29/04/26 11:00:00,A,ICCS09051,P_HTHAB,CY,2016-01-01,0.0,,
ESTAT:CRIM_OFF_CAT(1.0),29/04/26 11:00:00,A,ICCS09051,P_HTHAB,CZ,2016-01-01,0.1,,
ESTAT:CRIM_OFF_CAT(1.0),29/04/26 11:00:00,A,ICCS09051,P_HTHAB,DE,2016-01-01,0.69,,
ESTAT:CRIM_OFF_CAT(1.0),29/04/26 11:00:00,A,ICCS09051,P_HTHAB,EL,2016-01-01,3.76,,
ESTAT:CRIM_OFF_CAT(1.0),29/04/26 11:00:00,A,ICCS09051,P_HTHAB,ES,2016-01-01,2.61,,
ESTAT:CRIM_OFF_CAT(1.0),29/04/26 11:00:00,A,ICCS09051,P_HTHAB,FI,2016-01-01,0.04,,
ESTAT:CRIM_OFF_CAT(1.0),29/04/26 11:00:00,A,ICCS09051,P_HTHAB,FR,2016-01-01,2.01,,
ESTAT:CRIM_OFF_CAT(1.0),29/04/26 11:00:00,A,ICCS09051,P_HTHAB,HR,2016-01-01,0.41,,
ESTAT:CRIM_OFF_CAT(1.0),29/04/26 11:00:00,A,ICCS09051,P_HTHAB,IT,2016-01-01,1.29,,
ESTAT:CRIM_OFF_CAT(1.0),29/04/26 11:00:00,A,ICCS09051,P_HTHAB,LI,2016-01-01,2.66,,
ESTAT:CRIM_OFF_CAT(1.0),29/04/26 11:00:00,A,ICCS09051,P_HTHAB,LT,2016-01-01,0.0,,
ESTAT:CRIM_OFF_CAT(1.0),29/04/26 11:00:00,A,ICCS09051,P_HTHAB,LU,2016-01-01,3.82,,
ESTAT:CRIM_OFF_CAT(1.0),29/04/26 11:00:00,A,ICCS09051,P_HTHAB,ME,2016-01-01,4.34,,
ESTAT:CRIM_OFF_CAT(1.0),29/04/26 11:00:00,A,ICCS09051,P_HTHAB,MT,2016-01-01,0.0,,
ESTAT:CRIM_OFF_CAT(1.0),29/04/26 11:00:00,A,ICCS09051,P_HTHAB,PL,2016-01-01,1.28,,
ESTAT:CRIM_OFF_CAT(1.0),29/04/26 11:00:00,A,ICCS09051,P_HTHAB,PT,2016-01-01,0.1,,
ESTAT:CRIM_OFF_CAT(1.0),29/04/26 11:00:00,A,ICCS09051,P_HTHAB,RO,2016-01-01,5.32,,
ESTAT:CRIM_OFF_CAT(1.0),29/04/26 11:00:00,A,ICCS09051,P_HTHAB,SI,2016-01-01,0.05,,
ESTAT:CRIM_OFF_CAT(1.0),29/04/26 11:00:00,A,ICCS09051,P_HTHAB,SK,2016-01-01,0.11,,
ESTAT:CRIM_OFF_CAT(1.0),29/04/26 11:00:00,A,ICCS09051,P_HTHAB,TR,2016-01-01,8.44,,
ESTAT:CRIM_OFF_CAT(1.0),29/04/26 11:00:00,A,ICCS09051,P_HTHAB,XK,2016-01-01,0.28,,
ESTAT:CRIM_OFF_CAT(1.0),29/04/26 11:00:00,A,ICCS0703,P_HTHAB,AL,2017-01-01,40.12,,
ESTAT:CRIM_OFF_CAT(1.0),29/04/26 11:00:00,A,ICCS0703,P_HTHAB,AT,2017-01-01,36.58,,
ESTAT:CRIM_OFF_CAT(1.0),29/04/26 11:00:00,A,ICCS0703,P_HTHAB,BE,2017-01-01,40.49,,
ESTAT:CRIM_OFF_CAT(1.0),29/04/26 11:00:00,A,ICCS0703,P_HTHAB,BG,2017-01-01,3.28,,
ESTAT:CRIM_OFF_CAT(1.0),29/04/26 11:00:00,A,ICCS0703,P_HTHAB,CH,2017-01-01,40.25,,
ESTAT:CRIM_OFF_CAT(1.0),29/04/26 11:00:00,A,ICCS0703,P_HTHAB,CY,2017-01-01,3.63,,
ESTAT:CRIM_OFF_CAT(1.0),29/04/26 11:00:00,A,ICCS0703,P_HTHAB,CZ,2017-01-01,25.74,,
ESTAT:CRIM_OFF_CAT(1.0),29/04/26 11:00:00,A,ICCS0703,P_HTHAB,DE,2017-01-01,4.67,,
ESTAT:CRIM_OFF_CAT(1.0),29/04/26 11:00:00,A,ICCS0703,P_HTHAB,DK,2017-01-01,64.66,,
ESTAT:CRIM_OFF_CAT(1.0),29/04/26 11:00:00,A,ICCS0703,P_HTHAB,EE,2017-01-01,22.12,,
ESTAT:CRIM_OFF_CAT(1.0),29/04/26 11:00:00,A,ICCS0703,P_HTHAB,EL,2017-01-01,8.38,,
ESTAT:CRIM_OFF_CAT(1.0),29/04/26 11:00:00,A,ICCS0703,P_HTHAB,ES,2017-01-01,2.42,,
ESTAT:CRIM_OFF_CAT(1.0),29/04/26 11:00:00,A,ICCS0703,P_HTHAB,FI,2017-01-01,64.78,,
ESTAT:CRIM_OFF_CAT(1.0),29/04/26 11:00:00,A,ICCS0703,P_HTHAB,FR,2017-01-01,2.94,,
ESTAT:CRIM_OFF_CAT(1.0),29/04/26 11:00:00,A,ICCS0703,P_HTHAB,HR,2017-01-01,18.32,,
ESTAT:CRIM_OFF_CAT(1.0),29/04/26 11:00:00,A,ICCS0703,P_HTHAB,HU,2017-01-01,13.07,,
ESTAT:CRIM_OFF_CAT(1.0),29/04/26 11:00:00,A,ICCS0703,P_HTHAB,IE,2017-01-01,0.08,,
ESTAT:CRIM_OFF_CAT(1.0),29/04/26 11:00:00,A,ICCS0703,P_HTHAB,IT,2017-01-01,5.9,,
ESTAT:CRIM_OFF_CAT(1.0),29/04/26 11:00:00,A,ICCS0703,P_HTHAB,LI,2017-01-01,15.87,,
ESTAT:CRIM_OFF_CAT(1.0),29/04/26 11:00:00,A,ICCS0703,P_HTHAB,LT,2017-01-01,26.3,,
ESTAT:CRIM_OFF_CAT(1.0),29/04/26 11:00:00,A,ICCS0703,P_HTHAB,LU,2017-01-01,0.17,,
ESTAT:CRIM_OFF_CAT(1.0),29/04/26 11:00:00,A,ICCS0703,P_HTHAB,LV,2017-01-01,9.49,,
ESTAT:CRIM_OFF_CAT(1.0),29/04/26 11:00:00,A,ICCS0703,P_HTHAB,ME,2017-01-01,12.21,,
ESTAT:CRIM_OFF_CAT(1.0),29/04/26 11:00:00,A,ICCS0703,P_HTHAB,MT,2017-01-01,0.65,,
ESTAT:CRIM_OFF_CAT(1.0),29/04/26 11:00:00,A,ICCS0703,P_HTHAB,NL,2017-01-01,39.46,,
ESTAT:CRIM_OFF_CAT(1.0),29/04/26 11:00:00,A,ICCS0703,P_HTHAB,NO,2017-01-01,1.56,,
ESTAT:CRIM_OFF_CAT(1.0),29/04/26 11:00:00,A,ICCS0703,P_HTHAB,PL,2017-01-01,19.53,,
ESTAT:CRIM_OFF_CAT(1.0),29/04/26 11:00:00,A,ICCS0703,P_HTHAB,PT,2017-01-01,1.71,,
ESTAT:CRIM_OFF_CAT(1.0),29/04/26 11:00:00,A,ICCS0703,P_HTHAB,RO,2017-01-01,27.67,,
ESTAT:CRIM_OFF_CAT(1.0),29/04/26 11:00:00,A,ICCS0703,P_HTHAB,RS,2017-01-01,21.31,,
ESTAT:CRIM_OFF_CAT(1.0),29/04/26 11:00:00,A,ICCS0703,P_HTHAB,SE,2017-01-01,211.05,,
ESTAT:CRIM_OFF_CAT(1.0),29/04/26 11:00:00,A,ICCS0703,P_HTHAB,SI,2017-01-01,47.0,,
ESTAT:CRIM_OFF_CAT(1.0),29/04/26 11:00:00,A,ICCS0703,P_HTHAB,SK,2017-01-01,3.07,,
ESTAT:CRIM_OFF_CAT(1.0),29/04/26 11:00:00,A,ICCS07031,P_HTHAB,AL,2017-01-01,10.32,,
ESTAT:CRIM_OFF_CAT(1.0),29/04/26 11:00:00,A,ICCS07031,P_HTHAB,AT,2017-01-01,0.34,,
ESTAT:CRIM_OFF_CAT(1.0),29/04/26 11:00:00,A,ICCS07031,P_HTHAB,BE,2017-01-01,0.88,,
ESTAT:CRIM_OFF_CAT(1.0),29/04/26 11:00:00,A,ICCS07031,P_HTHAB,BG,2017-01-01,1.96,,
ESTAT:CRIM_OFF_CAT(1.0),29/04/26 11:00:00,A,ICCS07031,P_HTHAB,CH,2017-01-01,0.3,,
ESTAT:CRIM_OFF_CAT(1.0),29/04/26 11:00:00,A,ICCS07031,P_HTHAB,CY,2017-01-01,3.51,,
ESTAT:CRIM_OFF_CAT(1.0),29/04/26 11:00:00,A,ICCS07031,P_HTHAB,CZ,2017-01-01,0.87,,
ESTAT:CRIM_OFF_CAT(1.0),29/04/26 11:00:00,A,ICCS07031,P_HTHAB,DE,2017-01-01,4.67,,
ESTAT:CRIM_OFF_CAT(1.0),29/04/26 11:00:00,A,ICCS07031,P_HTHAB,DK,2017-01-01,0.47,,
ESTAT:CRIM_OFF_CAT(1.0),29/04/26 11:00:00,A,ICCS07031,P_HTHAB,EE,2017-01-01,12.54,,
ESTAT:CRIM_OFF_CAT(1.0),29/04/26 11:00:00,A,ICCS07031,P_HTHAB,EL,2017-01-01,1.11,,
ESTAT:CRIM_OFF_CAT(1.0),29/04/26 11:00:00,A,ICCS07031,P_HTHAB,ES,2017-01-01,0.15,,
ESTAT:CRIM_OFF_CAT(1.0),29/04/26 11:00:00,A,ICCS07031,P_HTHAB,FI,2017-01-01,0.31,,
ESTAT:CRIM_OFF_CAT(1.0),29/04/26 11:00:00,A,ICCS07031,P_HTHAB,FR,2017-01-01,0.31,,
ESTAT:CRIM_OFF_CAT(1.0),29/04/26 11:00:00,A,ICCS07031,P_HTHAB,HR,2017-01-01,4.65,,
ESTAT:CRIM_OFF_CAT(1.0),29/04/26 11:00:00,A,ICCS07031,P_HTHAB,HU,2017-01-01,10.26,,
ESTAT:CRIM_OFF_CAT(1.0),29/04/26 11:00:00,A,ICCS07031,P_HTHAB,IT,2017-01-01,0.88,,
ESTAT:CRIM_OFF_CAT(1.0),29/04/26 11:00:00,A,ICCS07031,P_HTHAB,LT,2017-01-01,3.02,,
ESTAT:CRIM_OFF_CAT(1.0),29/04/26 11:00:00,A,ICCS07031,P_HTHAB,LU,2017-01-01,0.17,,
ESTAT:CRIM_OFF_CAT(1.0),29/04/26 11:00:00,A,ICCS07031,P_HTHAB,LV,2017-01-01,6.41,,
ESTAT:CRIM_OFF_CAT(1.0),29/04/26 11:00:00,A,ICCS07031,P_HTHAB,ME,2017-01-01,0.64,,
ESTAT:CRIM_OFF_CAT(1.0),29/04/26 11:00:00,A,ICCS07031,P_HTHAB,MT,2017-01-01,0.22,,
ESTAT:CRIM_OFF_CAT(1.0),29/04/26 11:00:00,A,ICCS07031,P_HTHAB,PL,2017-01-01,13.2,,
ESTAT:CRIM_OFF_CAT(1.0),29/04/26 11:00:00,A,ICCS07031,P_HTHAB,PT,2017-01-01,0.81,,
ESTAT:CRIM_OFF_CAT(1.0),29/04/26 11:00:00,A,ICCS07031,P_HTHAB,RO,2017-01-01,4.35,,
ESTAT:CRIM_OFF_CAT(1.0),29/04/26 11:00:00,A,ICCS07031,P_HTHAB,RS,2017-01-01,2.09,,
ESTAT:CRIM_OFF_CAT(1.0),29/04/26 11:00:00,A,ICCS07031,P_HTHAB,SE,2017-01-01,2.87,,
ESTAT:CRIM_OFF_CAT(1.0),29/04/26 11:00:00,A,ICCS07031,P_HTHAB,SI,2017-01-01,3.87,,
ESTAT:CRIM_OFF_CAT(1.0),29/04/26 11:00:00,A,ICCS07031,P_HTHAB,SK,2017-01-01,2.35,,
ESTAT:CRIM_OFF_CAT(1.0),29/04/26 11:00:00,A,ICCS07031,P_HTHAB,XK,2017-01-01,2.47,,
ESTAT:CRIM_OFF_CAT(1.0),29/04/26 11:00:00,A,ICCS07041,P_HTHAB,AL,2017-01-01,13.18,,
ESTAT:CRIM_OFF_CAT(1.0),29/04/26 11:00:00,A,ICCS07041,P_HTHAB,AT,2017-01-01,7.09,,
ESTAT:CRIM_OFF_CAT(1.0),29/04/26 11:00:00,A,ICCS07041,P_HTHAB,BE,2017-01-01,7.97,,
ESTAT:CRIM_OFF_CAT(1.0),29/04/26 11:00:00,A,ICCS07041,P_HTHAB,BG,2017-01-01,0.63,,
ESTAT:CRIM_OFF_CAT(1.0),29/04/26 11:00:00,A,ICCS07041,P_HTHAB,CH,2017-01-01,9.58,,
ESTAT:CRIM_OFF_CAT(1.0),29/04/26 11:00:00,A,ICCS07041,P_HTHAB,CZ,2017-01-01,8.82,,
ESTAT:CRIM_OFF_CAT(1.0),29/04/26 11:00:00,A,ICCS07041,P_HTHAB,DE,2017-01-01,12.14,,
ESTAT:CRIM_OFF_CAT(1.0),29/04/26 11:00:00,A,ICCS07041,P_HTHAB,DK,2017-01-01,1.97,,
ESTAT:CRIM_OFF_CAT(1.0),29/04/26 11:00:00,A,ICCS07041,P_HTHAB,EE,2017-01-01,3.12,,
ESTAT:CRIM_OFF_CAT(1.0),29/04/26 11:00:00,A,ICCS07041,P_HTHAB,EL,2017-01-01,0.27,,
ESTAT:CRIM_OFF_CAT(1.0),29/04/26 11:00:00,A,ICCS07041,P_HTHAB,ES,2017-01-01,0.56,,
ESTAT:CRIM_OFF_CAT(1.0),29/04/26 11:00:00,A,ICCS07041,P_HTHAB,FI,2017-01-01,8.59,,
ESTAT:CRIM_OFF_CAT(1.0),29/04/26 11:00:00,A,ICCS07041,P_HTHAB,FR,2017-01-01,1.83,,
ESTAT:CRIM_OFF_CAT(1.0),29/04/26 11:00:00,A,ICCS07041,P_HTHAB,HR,2017-01-01,0.14,,
ESTAT:CRIM_OFF_CAT(1.0),29/04/26 11:00:00,A,ICCS07041,P_HTHAB,HU,2017-01-01,0.89,,
ESTAT:CRIM_OFF_CAT(1.0),29/04/26 11:00:00,A,ICCS07041,P_HTHAB,IT,2017-01-01,3.2,,
ESTAT:CRIM_OFF_CAT(1.0),29/04/26 11:00:00,A,ICCS07041,P_HTHAB,LI,2017-01-01,129.6,,
ESTAT:CRIM_OFF_CAT(1.0),29/04/26 11:00:00,A,ICCS07041,P_HTHAB,LT,2017-01-01,0.74,,
ESTAT:CRIM_OFF_CAT(1.0),29/04/26 11:00:00,A,ICCS07041,P_HTHAB,LV,2017-01-01,6.31,,
ESTAT:CRIM_OFF_CAT(1.0),29/04/26 11:00:00,A,ICCS07041,P_HTHAB,MT,2017-01-01,12.6,,
ESTAT:CRIM_OFF_CAT(1.0),29/04/26 11:00:00,A,ICCS07041,P_HTHAB,NL,2017-01-01,4.1,,
ESTAT:CRIM_OFF_CAT(1.0),29/04/26 11:00:00,A,ICCS07041,P_HTHAB,NO,2017-01-01,2.21,,
ESTAT:CRIM_OFF_CAT(1.0),29/04/26 11:00:00,A,ICCS07041,P_HTHAB,PL,2017-01-01,0.98,,
ESTAT:CRIM_OFF_CAT(1.0),29/04/26 11:00:00,A,ICCS07041,P_HTHAB,PT,2017-01-01,0.24,,
ESTAT:CRIM_OFF_CAT(1.0),29/04/26 11:00:00,A,ICCS07041,P_HTHAB,RO,2017-01-01,3.24,,
ESTAT:CRIM_OFF_CAT(1.0),29/04/26 11:00:00,A,ICCS07041,P_HTHAB,RS,2017-01-01,0.53,,
ESTAT:CRIM_OFF_CAT(1.0),29/04/26 11:00:00,A,ICCS07041,P_HTHAB,SE,2017-01-01,31.39,,
ESTAT:CRIM_OFF_CAT(1.0),29/04/26 11:00:00,A,ICCS07041,P_HTHAB,SK,2017-01-01,2.15,,
ESTAT:CRIM_OFF_CAT(1.0),29/04/26 11:00:00,A,ICCS07041,P_HTHAB,XK,2017-01-01,0.28,,
ESTAT:CRIM_OFF_CAT(1.0),29/04/26 11:00:00,A,ICCS09051,P_HTHAB,AL,2017-01-01,0.45,,
ESTAT:CRIM_OFF_CAT(1.0),29/04/26 11:00:00,A,ICCS09051,P_HTHAB,AT,2017-01-01,0.84,,
ESTAT:CRIM_OFF_CAT(1.0),29/04/26 11:00:00,A,ICCS09051,P_HTHAB,BE,2017-01-01,2.51,,
ESTAT:CRIM_OFF_CAT(1.0),29/04/26 11:00:00,A,ICCS09051,P_HTHAB,BG,2017-01-01,0.92,,
ESTAT:CRIM_OFF_CAT(1.0),29/04/26 11:00:00,A,ICCS09051,P_HTHAB,CH,2017-01-01,0.76,,
ESTAT:CRIM_OFF_CAT(1.0),29/04/26 11:00:00,A,ICCS09051,P_HTHAB,CY,2017-01-01,0.0,,
ESTAT:CRIM_OFF_CAT(1.0),29/04/26 11:00:00,A,ICCS09051,P_HTHAB,CZ,2017-01-01,0.05,,
ESTAT:CRIM_OFF_CAT(1.0),29/04/26 11:00:00,A,ICCS09051,P_HTHAB,DE,2017-01-01,0.69,,
ESTAT:CRIM_OFF_CAT(1.0),29/04/26 11:00:00,A,ICCS09051,P_HTHAB,EE,2017-01-01,2.58,,
ESTAT:CRIM_OFF_CAT(1.0),29/04/26 11:00:00,A,ICCS09051,P_HTHAB,EL,2017-01-01,4.26,,
ESTAT:CRIM_OFF_CAT(1.0),29/04/26 11:00:00,A,ICCS09051,P_HTHAB,ES,2017-01-01,2.44,,
ESTAT:CRIM_OFF_CAT(1.0),29/04/26 11:00:00,A,ICCS09051,P_HTHAB,FI,2017-01-01,0.0,,
ESTAT:CRIM_OFF_CAT(1.0),29/04/26 11:00:00,A,ICCS09051,P_HTHAB,FR,2017-01-01,2.32,,
ESTAT:CRIM_OFF_CAT(1.0),29/04/26 11:00:00,A,ICCS09051,P_HTHAB,HR,2017-01-01,0.43,,
ESTAT:CRIM_OFF_CAT(1.0),29/04/26 11:00:00,A,ICCS09051,P_HTHAB,IT,2017-01-01,1.14,,
ESTAT:CRIM_OFF_CAT(1.0),29/04/26 11:00:00,A,ICCS09051,P_HTHAB,LT,2017-01-01,0.07,,
ESTAT:CRIM_OFF_CAT(1.0),29/04/26 11:00:00,A,ICCS09051,P_HTHAB,LU,2017-01-01,4.23,,
ESTAT:CRIM_OFF_CAT(1.0),29/04/26 11:00:00,A,ICCS09051,P_HTHAB,ME,2017-01-01,9.16,,
ESTAT:CRIM_OFF_CAT(1.0),29/04/26 11:00:00,A,ICCS09051,P_HTHAB,MT,2017-01-01,0.0,,
ESTAT:CRIM_OFF_CAT(1.0),29/04/26 11:00:00,A,ICCS09051,P_HTHAB,PL,2017-01-01,1.52,,
ESTAT:CRIM_OFF_CAT(1.0),29/04/26 11:00:00,A,ICCS09051,P_HTHAB,PT,2017-01-01,0.1,,
ESTAT:CRIM_OFF_CAT(1.0),29/04/26 11:00:00,A,ICCS09051,P_HTHAB,RO,2017-01-01,4.93,,
ESTAT:CRIM_OFF_CAT(1.0),29/04/26 11:00:00,A,ICCS09051,P_HTHAB,RS,2017-01-01,0.0,,
ESTAT:CRIM_OFF_CAT(1.0),29/04/26 11:00:00,A,ICCS09051,P_HTHAB,SI,2017-01-01,0.05,,
ESTAT:CRIM_OFF_CAT(1.0),29/04/26 11:00:00,A,ICCS09051,P_HTHAB,SK,2017-01-01,0.11,,
ESTAT:CRIM_OFF_CAT(1.0),29/04/26 11:00:00,A,ICCS09051,P_HTHAB,XK,2017-01-01,0.28,,
ESTAT:CRIM_OFF_CAT(1.0),29/04/26 11:00:00,A,ICCS0703,P_HTHAB,AL,2018-01-01,35.99,,
ESTAT:CRIM_OFF_CAT(1.0),29/04/26 11:00:00,A,ICCS0703,P_HTHAB,AT,2018-01-01,35.29,,
ESTAT:CRIM_OFF_CAT(1.0),29/04/26 11:00:00,A,ICCS0703,P_HTHAB,BE,2018-01-01,41.49,,
ESTAT:CRIM_OFF_CAT(1.0),29/04/26 11:00:00,A,ICCS0703,P_HTHAB,BG,2018-01-01,9.55,,
ESTAT:CRIM_OFF_CAT(1.0),29/04/26 11:00:00,A,ICCS0703,P_HTHAB,CH,2018-01-01,0.22,,
ESTAT:CRIM_OFF_CAT(1.0),29/04/26 11:00:00,A,ICCS0703,P_HTHAB,CY,2018-01-01,1.97,,
ESTAT:CRIM_OFF_CAT(1.0),29/04/26 11:00:00,A,ICCS0703,P_HTHAB,CZ,2018-01-01,24.47,,
ESTAT:CRIM_OFF_CAT(1.0),29/04/26 11:00:00,A,ICCS0703,P_HTHAB,DE,2018-01-01,4.8,,
ESTAT:CRIM_OFF_CAT(1.0),29/04/26 11:00:00,A,ICCS0703,P_HTHAB,DK,2018-01-01,83.6,,
ESTAT:CRIM_OFF_CAT(1.0),29/04/26 11:00:00,A,ICCS0703,P_HTHAB,EE,2018-01-01,28.5,,
ESTAT:CRIM_OFF_CAT(1.0),29/04/26 11:00:00,A,ICCS0703,P_HTHAB,EL,2018-01-01,6.13,,
ESTAT:CRIM_OFF_CAT(1.0),29/04/26 11:00:00,A,ICCS0703,P_HTHAB,ES,2018-01-01,2.09,,
ESTAT:CRIM_OFF_CAT(1.0),29/04/26 11:00:00,A,ICCS0703,P_HTHAB,FI,2018-01-01,69.76,,
ESTAT:CRIM_OFF_CAT(1.0),29/04/26 11:00:00,A,ICCS0703,P_HTHAB,FR,2018-01-01,3.52,,
ESTAT:CRIM_OFF_CAT(1.0),29/04/26 11:00:00,A,ICCS0703,P_HTHAB,HR,2018-01-01,12.54,,
ESTAT:CRIM_OFF_CAT(1.0),29/04/26 11:00:00,A,ICCS0703,P_HTHAB,HU,2018-01-01,22.89,,
ESTAT:CRIM_OFF_CAT(1.0),29/04/26 11:00:00,A,ICCS0703,P_HTHAB,IE,2018-01-01,0.12,,
ESTAT:CRIM_OFF_CAT(1.0),29/04/26 11:00:00,A,ICCS0703,P_HTHAB,IT,2018-01-01,5.57,,
ESTAT:CRIM_OFF_CAT(1.0),29/04/26 11:00:00,A,ICCS0703,P_HTHAB,LI,2018-01-01,36.73,,
ESTAT:CRIM_OFF_CAT(1.0),29/04/26 11:00:00,A,ICCS0703,P_HTHAB,LT,2018-01-01,19.76,,
ESTAT:CRIM_OFF_CAT(1.0),29/04/26 11:00:00,A,ICCS0703,P_HTHAB,LU,2018-01-01,0.5,,
ESTAT:CRIM_OFF_CAT(1.0),29/04/26 11:00:00,A,ICCS0703,P_HTHAB,LV,2018-01-01,12.51,,
ESTAT:CRIM_OFF_CAT(1.0),29/04/26 11:00:00,A,ICCS0703,P_HTHAB,ME,2018-01-01,38.88,,
ESTAT:CRIM_OFF_CAT(1.0),29/04/26 11:00:00,A,ICCS0703,P_HTHAB,MT,2018-01-01,1.68,,
ESTAT:CRIM_OFF_CAT(1.0),29/04/26 11:00:00,A,ICCS0703,P_HTHAB,NL,2018-01-01,38.59,,
ESTAT:CRIM_OFF_CAT(1.0),29/04/26 11:00:00,A,ICCS0703,P_HTHAB,NO,2018-01-01,0.68,,
ESTAT:CRIM_OFF_CAT(1.0),29/04/26 11:00:00,A,ICCS0703,P_HTHAB,PL,2018-01-01,26.43,,
ESTAT:CRIM_OFF_CAT(1.0),29/04/26 11:00:00,A,ICCS0703,P_HTHAB,PT,2018-01-01,1.61,,
ESTAT:CRIM_OFF_CAT(1.0),29/04/26 11:00:00,A,ICCS0703,P_HTHAB,RO,2018-01-01,22.42,,
ESTAT:CRIM_OFF_CAT(1.0),29/04/26 11:00:00,A,ICCS0703,P_HTHAB,RS,2018-01-01,16.84,,
ESTAT:CRIM_OFF_CAT(1.0),29/04/26 11:00:00,A,ICCS0703,P_HTHAB,SE,2018-01-01,207.81,,
ESTAT:CRIM_OFF_CAT(1.0),29/04/26 11:00:00,A,ICCS0703,P_HTHAB,SI,2018-01-01,10.31,,
ESTAT:CRIM_OFF_CAT(1.0),29/04/26 11:00:00,A,ICCS0703,P_HTHAB,SK,2018-01-01,2.77,,
ESTAT:CRIM_OFF_CAT(1.0),29/04/26 11:00:00,A,ICCS07031,P_HTHAB,AL,2018-01-01,9.55,,
ESTAT:CRIM_OFF_CAT(1.0),29/04/26 11:00:00,A,ICCS07031,P_HTHAB,AT,2018-01-01,0.27,,
ESTAT:CRIM_OFF_CAT(1.0),29/04/26 11:00:00,A,ICCS07031,P_HTHAB,BE,2018-01-01,0.85,,
ESTAT:CRIM_OFF_CAT(1.0),29/04/26 11:00:00,A,ICCS07031,P_HTHAB,BG,2018-01-01,2.37,,
ESTAT:CRIM_OFF_CAT(1.0),29/04/26 11:00:00,A,ICCS07031,P_HTHAB,CH,2018-01-01,0.21,,
ESTAT:CRIM_OFF_CAT(1.0),29/04/26 11:00:00,A,ICCS07031,P_HTHAB,CY,2018-01-01,1.85,,
ESTAT:CRIM_OFF_CAT(1.0),29/04/26 11:00:00,A,ICCS07031,P_HTHAB,CZ,2018-01-01,2.65,,
ESTAT:CRIM_OFF_CAT(1.0),29/04/26 11:00:00,A,ICCS07031,P_HTHAB,DE,2018-01-01,4.8,,
ESTAT:CRIM_OFF_CAT(1.0),29/04/26 11:00:00,A,ICCS07031,P_HTHAB,DK,2018-01-01,5.45,,
ESTAT:CRIM_OFF_CAT(1.0),29/04/26 11:00:00,A,ICCS07031,P_HTHAB,EE,2018-01-01,13.42,,
ESTAT:CRIM_OFF_CAT(1.0),29/04/26 11:00:00,A,ICCS07031,P_HTHAB,EL,2018-01-01,2.15,,
ESTAT:CRIM_OFF_CAT(1.0),29/04/26 11:00:00,A,ICCS07031,P_HTHAB,ES,2018-01-01,0.17,,
ESTAT:CRIM_OFF_CAT(1.0),29/04/26 11:00:00,A,ICCS07031,P_HTHAB,FI,2018-01-01,0.49,,
ESTAT:CRIM_OFF_CAT(1.0),29/04/26 11:00:00,A,ICCS07031,P_HTHAB,FR,2018-01-01,0.34,,
ESTAT:CRIM_OFF_CAT(1.0),29/04/26 11:00:00,A,ICCS07031,P_HTHAB,HR,2018-01-01,1.1,,
ESTAT:CRIM_OFF_CAT(1.0),29/04/26 11:00:00,A,ICCS07031,P_HTHAB,HU,2018-01-01,19.13,,
ESTAT:CRIM_OFF_CAT(1.0),29/04/26 11:00:00,A,ICCS07031,P_HTHAB,IT,2018-01-01,0.67,,
ESTAT:CRIM_OFF_CAT(1.0),29/04/26 11:00:00,A,ICCS07031,P_HTHAB,LT,2018-01-01,1.35,,
ESTAT:CRIM_OFF_CAT(1.0),29/04/26 11:00:00,A,ICCS07031,P_HTHAB,LU,2018-01-01,0.5,,
ESTAT:CRIM_OFF_CAT(1.0),29/04/26 11:00:00,A,ICCS07031,P_HTHAB,LV,2018-01-01,7.6,,
ESTAT:CRIM_OFF_CAT(1.0),29/04/26 11:00:00,A,ICCS07031,P_HTHAB,ME,2018-01-01,0.64,,
ESTAT:CRIM_OFF_CAT(1.0),29/04/26 11:00:00,A,ICCS07031,P_HTHAB,MT,2018-01-01,0.42,,
ESTAT:CRIM_OFF_CAT(1.0),29/04/26 11:00:00,A,ICCS07031,P_HTHAB,PL,2018-01-01,23.67,,
ESTAT:CRIM_OFF_CAT(1.0),29/04/26 11:00:00,A,ICCS07031,P_HTHAB,PT,2018-01-01,0.69,,
ESTAT:CRIM_OFF_CAT(1.0),29/04/26 11:00:00,A,ICCS07031,P_HTHAB,RO,2018-01-01,3.37,,
ESTAT:CRIM_OFF_CAT(1.0),29/04/26 11:00:00,A,ICCS07031,P_HTHAB,RS,2018-01-01,4.21,,
ESTAT:CRIM_OFF_CAT(1.0),29/04/26 11:00:00,A,ICCS07031,P_HTHAB,SE,2018-01-01,4.36,,
ESTAT:CRIM_OFF_CAT(1.0),29/04/26 11:00:00,A,ICCS07031,P_HTHAB,SI,2018-01-01,5.23,,
ESTAT:CRIM_OFF_CAT(1.0),29/04/26 11:00:00,A,ICCS07031,P_HTHAB,SK,2018-01-01,1.23,,
ESTAT:CRIM_OFF_CAT(1.0),29/04/26 11:00:00,A,ICCS07031,P_HTHAB,XK,2018-01-01,2.17,,
ESTAT:CRIM_OFF_CAT(1.0),29/04/26 11:00:00,A,ICCS07041,P_HTHAB,AL,2018-01-01,12.23,,
ESTAT:CRIM_OFF_CAT(1.0),29/04/26 11:00:00,A,ICCS07041,P_HTHAB,AT,2018-01-01,7.55,,
ESTAT:CRIM_OFF_CAT(1.0),29/04/26 11:00:00,A,ICCS07041,P_HTHAB,BE,2018-01-01,11.88,,
ESTAT:CRIM_OFF_CAT(1.0),29/04/26 11:00:00,A,ICCS07041,P_HTHAB,BG,2018-01-01,0.54,,
ESTAT:CRIM_OFF_CAT(1.0),29/04/26 11:00:00,A,ICCS07041,P_HTHAB,CH,2018-01-01,14.44,,
ESTAT:CRIM_OFF_CAT(1.0),29/04/26 11:00:00,A,ICCS07041,P_HTHAB,CZ,2018-01-01,7.35,,
ESTAT:CRIM_OFF_CAT(1.0),29/04/26 11:00:00,A,ICCS07041,P_HTHAB,DE,2018-01-01,10.45,,
ESTAT:CRIM_OFF_CAT(1.0),29/04/26 11:00:00,A,ICCS07041,P_HTHAB,DK,2018-01-01,1.82,,
ESTAT:CRIM_OFF_CAT(1.0),29/04/26 11:00:00,A,ICCS07041,P_HTHAB,EE,2018-01-01,7.66,,
ESTAT:CRIM_OFF_CAT(1.0),29/04/26 11:00:00,A,ICCS07041,P_HTHAB,EL,2018-01-01,0.24,,
ESTAT:CRIM_OFF_CAT(1.0),29/04/26 11:00:00,A,ICCS07041,P_HTHAB,ES,2018-01-01,0.58,,
ESTAT:CRIM_OFF_CAT(1.0),29/04/26 11:00:00,A,ICCS07041,P_HTHAB,FI,2018-01-01,7.73,,
ESTAT:CRIM_OFF_CAT(1.0),29/04/26 11:00:00,A,ICCS07041,P_HTHAB,FR,2018-01-01,2.27,,
ESTAT:CRIM_OFF_CAT(1.0),29/04/26 11:00:00,A,ICCS07041,P_HTHAB,HR,2018-01-01,0.63,,
ESTAT:CRIM_OFF_CAT(1.0),29/04/26 11:00:00,A,ICCS07041,P_HTHAB,HU,2018-01-01,2.46,,
ESTAT:CRIM_OFF_CAT(1.0),29/04/26 11:00:00,A,ICCS07041,P_HTHAB,IS,2018-01-01,29.85,,
ESTAT:CRIM_OFF_CAT(1.0),29/04/26 11:00:00,A,ICCS07041,P_HTHAB,IT,2018-01-01,3.24,,
ESTAT:CRIM_OFF_CAT(1.0),29/04/26 11:00:00,A,ICCS07041,P_HTHAB,LI,2018-01-01,128.56,,
ESTAT:CRIM_OFF_CAT(1.0),29/04/26 11:00:00,A,ICCS07041,P_HTHAB,LT,2018-01-01,1.96,,
ESTAT:CRIM_OFF_CAT(1.0),29/04/26 11:00:00,A,ICCS07041,P_HTHAB,LV,2018-01-01,10.13,,
ESTAT:CRIM_OFF_CAT(1.0),29/04/26 11:00:00,A,ICCS07041,P_HTHAB,ME,2018-01-01,29.56,,
ESTAT:CRIM_OFF_CAT(1.0),29/04/26 11:00:00,A,ICCS07041,P_HTHAB,MT,2018-01-01,6.94,,
ESTAT:CRIM_OFF_CAT(1.0),29/04/26 11:00:00,A,ICCS07041,P_HTHAB,NL,2018-01-01,5.24,,
ESTAT:CRIM_OFF_CAT(1.0),29/04/26 11:00:00,A,ICCS07041,P_HTHAB,NO,2018-01-01,1.78,,
ESTAT:CRIM_OFF_CAT(1.0),29/04/26 11:00:00,A,ICCS07041,P_HTHAB,PL,2018-01-01,1.26,,
ESTAT:CRIM_OFF_CAT(1.0),29/04/26 11:00:00,A,ICCS07041,P_HTHAB,PT,2018-01-01,0.3,,
ESTAT:CRIM_OFF_CAT(1.0),29/04/26 11:00:00,A,ICCS07041,P_HTHAB,RO,2018-01-01,2.24,,
ESTAT:CRIM_OFF_CAT(1.0),29/04/26 11:00:00,A,ICCS07041,P_HTHAB,RS,2018-01-01,1.96,,
ESTAT:CRIM_OFF_CAT(1.0),29/04/26 11:00:00,A,ICCS07041,P_HTHAB,SE,2018-01-01,67.06,,
ESTAT:CRIM_OFF_CAT(1.0),29/04/26 11:00:00,A,ICCS07041,P_HTHAB,SK,2018-01-01,2.04,,
ESTAT:CRIM_OFF_CAT(1.0),29/04/26 11:00:00,A,ICCS07041,P_HTHAB,XK,2018-01-01,0.17,,
ESTAT:CRIM_OFF_CAT(1.0),29/04/26 11:00:00,A,ICCS09051,P_HTHAB,AL,2018-01-01,1.11,,
ESTAT:CRIM_OFF_CAT(1.0),29/04/26 11:00:00,A,ICCS09051,P_HTHAB,AT,2018-01-01,0.9,,
ESTAT:CRIM_OFF_CAT(1.0),29/04/26 11:00:00,A,ICCS09051,P_HTHAB,BE,2018-01-01,2.31,,
ESTAT:CRIM_OFF_CAT(1.0),29/04/26 11:00:00,A,ICCS09051,P_HTHAB,BG,2018-01-01,1.46,,
ESTAT:CRIM_OFF_CAT(1.0),29/04/26 11:00:00,A,ICCS09051,P_HTHAB,CH,2018-01-01,0.13,,
ESTAT:CRIM_OFF_CAT(1.0),29/04/26 11:00:00,A,ICCS09051,P_HTHAB,CY,2018-01-01,0.12,,
ESTAT:CRIM_OFF_CAT(1.0),29/04/26 11:00:00,A,ICCS09051,P_HTHAB,CZ,2018-01-01,0.08,,
ESTAT:CRIM_OFF_CAT(1.0),29/04/26 11:00:00,A,ICCS09051,P_HTHAB,DE,2018-01-01,0.65,,
ESTAT:CRIM_OFF_CAT(1.0),29/04/26 11:00:00,A,ICCS09051,P_HTHAB,EE,2018-01-01,1.21,,
ESTAT:CRIM_OFF_CAT(1.0),29/04/26 11:00:00,A,ICCS09051,P_HTHAB,EL,2018-01-01,3.12,,
ESTAT:CRIM_OFF_CAT(1.0),29/04/26 11:00:00,A,ICCS09051,P_HTHAB,ES,2018-01-01,3.05,,
ESTAT:CRIM_OFF_CAT(1.0),29/04/26 11:00:00,A,ICCS09051,P_HTHAB,FI,2018-01-01,0.02,,
ESTAT:CRIM_OFF_CAT(1.0),29/04/26 11:00:00,A,ICCS09051,P_HTHAB,FR,2018-01-01,2.31,,
ESTAT:CRIM_OFF_CAT(1.0),29/04/26 11:00:00,A,ICCS09051,P_HTHAB,HR,2018-01-01,0.37,,
ESTAT:CRIM_OFF_CAT(1.0),29/04/26 11:00:00,A,ICCS09051,P_HTHAB,IT,2018-01-01,1.02,,
ESTAT:CRIM_OFF_CAT(1.0),29/04/26 11:00:00,A,ICCS09051,P_HTHAB,LT,2018-01-01,0.32,,
ESTAT:CRIM_OFF_CAT(1.0),29/04/26 11:00:00,A,ICCS09051,P_HTHAB,LU,2018-01-01,4.82,,
ESTAT:CRIM_OFF_CAT(1.0),29/04/26 11:00:00,A,ICCS09051,P_HTHAB,ME,2018-01-01,19.44,,
ESTAT:CRIM_OFF_CAT(1.0),29/04/26 11:00:00,A,ICCS09051,P_HTHAB,MT,2018-01-01,0.0,,
ESTAT:CRIM_OFF_CAT(1.0),29/04/26 11:00:00,A,ICCS09051,P_HTHAB,PL,2018-01-01,1.2,,
ESTAT:CRIM_OFF_CAT(1.0),29/04/26 11:00:00,A,ICCS09051,P_HTHAB,PT,2018-01-01,0.06,,
ESTAT:CRIM_OFF_CAT(1.0),29/04/26 11:00:00,A,ICCS09051,P_HTHAB,RO,2018-01-01,3.52,,
ESTAT:CRIM_OFF_CAT(1.0),29/04/26 11:00:00,A,ICCS09051,P_HTHAB,SI,2018-01-01,0.19,,
ESTAT:CRIM_OFF_CAT(1.0),29/04/26 11:00:00,A,ICCS09051,P_HTHAB,SK,2018-01-01,0.17,,
ESTAT:CRIM_OFF_CAT(1.0),29/04/26 11:00:00,A,ICCS09051,P_HTHAB,XK,2018-01-01,0.11,,
ESTAT:CRIM_OFF_CAT(1.0),29/04/26 11:00:00,A,ICCS0703,P_HTHAB,AL,2019-01-01,46.46,,
ESTAT:CRIM_OFF_CAT(1.0),29/04/26 11:00:00,A,ICCS0703,P_HTHAB,AT,2019-01-01,35.65,,
ESTAT:CRIM_OFF_CAT(1.0),29/04/26 11:00:00,A,ICCS0703,P_HTHAB,BE,2019-01-01,42.33,,
ESTAT:CRIM_OFF_CAT(1.0),29/04/26 11:00:00,A,ICCS0703,P_HTHAB,BG,2019-01-01,8.36,,
ESTAT:CRIM_OFF_CAT(1.0),29/04/26 11:00:00,A,ICCS0703,P_HTHAB,CH,2019-01-01,0.16,,
ESTAT:CRIM_OFF_CAT(1.0),29/04/26 11:00:00,A,ICCS0703,P_HTHAB,CY,2019-01-01,1.71,,
ESTAT:CRIM_OFF_CAT(1.0),29/04/26 11:00:00,A,ICCS0703,P_HTHAB,CZ,2019-01-01,21.96,,
ESTAT:CRIM_OFF_CAT(1.0),29/04/26 11:00:00,A,ICCS0703,P_HTHAB,DE,2019-01-01,5.0,,
ESTAT:CRIM_OFF_CAT(1.0),29/04/26 11:00:00,A,ICCS0703,P_HTHAB,DK,2019-01-01,87.15,,
ESTAT:CRIM_OFF_CAT(1.0),29/04/26 11:00:00,A,ICCS0703,P_HTHAB,EE,2019-01-01,5.43,,
ESTAT:CRIM_OFF_CAT(1.0),29/04/26 11:00:00,A,ICCS0703,P_HTHAB,EL,2019-01-01,5.73,,
ESTAT:CRIM_OFF_CAT(1.0),29/04/26 11:00:00,A,ICCS0703,P_HTHAB,ES,2019-01-01,1.88,,
ESTAT:CRIM_OFF_CAT(1.0),29/04/26 11:00:00,A,ICCS0703,P_HTHAB,FI,2019-01-01,71.77,,
ESTAT:CRIM_OFF_CAT(1.0),29/04/26 11:00:00,A,ICCS0703,P_HTHAB,FR,2019-01-01,3.57,,
ESTAT:CRIM_OFF_CAT(1.0),29/04/26 11:00:00,A,ICCS0703,P_HTHAB,HR,2019-01-01,19.26,,
ESTAT:CRIM_OFF_CAT(1.0),29/04/26 11:00:00,A,ICCS0703,P_HTHAB,HU,2019-01-01,18.48,,
ESTAT:CRIM_OFF_CAT(1.0),29/04/26 11:00:00,A,ICCS0703,P_HTHAB,IE,2019-01-01,0.1,,
ESTAT:CRIM_OFF_CAT(1.0),29/04/26 11:00:00,A,ICCS0703,P_HTHAB,IT,2019-01-01,5.8,,
ESTAT:CRIM_OFF_CAT(1.0),29/04/26 11:00:00,A,ICCS0703,P_HTHAB,LI,2019-01-01,28.66,,
ESTAT:CRIM_OFF_CAT(1.0),29/04/26 11:00:00,A,ICCS0703,P_HTHAB,LT,2019-01-01,17.72,,
ESTAT:CRIM_OFF_CAT(1.0),29/04/26 11:00:00,A,ICCS0703,P_HTHAB,LU,2019-01-01,0.16,,
ESTAT:CRIM_OFF_CAT(1.0),29/04/26 11:00:00,A,ICCS0703,P_HTHAB,LV,2019-01-01,18.44,,
ESTAT:CRIM_OFF_CAT(1.0),29/04/26 11:00:00,A,ICCS0703,P_HTHAB,ME,2019-01-01,27.64,,
ESTAT:CRIM_OFF_CAT(1.0),29/04/26 11:00:00,A,ICCS0703,P_HTHAB,MK,2019-01-01,0.34,,
ESTAT:CRIM_OFF_CAT(1.0),29/04/26 11:00:00,A,ICCS0703,P_HTHAB,MT,2019-01-01,0.81,,
ESTAT:CRIM_OFF_CAT(1.0),29/04/26 11:00:00,A,ICCS0703,P_HTHAB,NL,2019-01-01,38.22,,
ESTAT:CRIM_OFF_CAT(1.0),29/04/26 11:00:00,A,ICCS0703,P_HTHAB,NO,2019-01-01,0.88,,
ESTAT:CRIM_OFF_CAT(1.0),29/04/26 11:00:00,A,ICCS0703,P_HTHAB,PL,2019-01-01,16.44,,
ESTAT:CRIM_OFF_CAT(1.0),29/04/26 11:00:00,A,ICCS0703,P_HTHAB,PT,2019-01-01,1.65,,
ESTAT:CRIM_OFF_CAT(1.0),29/04/26 11:00:00,A,ICCS0703,P_HTHAB,RO,2019-01-01,21.07,,
ESTAT:CRIM_OFF_CAT(1.0),29/04/26 11:00:00,A,ICCS0703,P_HTHAB,RS,2019-01-01,15.12,,
ESTAT:CRIM_OFF_CAT(1.0),29/04/26 11:00:00,A,ICCS0703,P_HTHAB,SE,2019-01-01,201.53,,
ESTAT:CRIM_OFF_CAT(1.0),29/04/26 11:00:00,A,ICCS0703,P_HTHAB,SI,2019-01-01,10.52,,
ESTAT:CRIM_OFF_CAT(1.0),29/04/26 11:00:00,A,ICCS0703,P_HTHAB,SK,2019-01-01,2.5,,
ESTAT:CRIM_OFF_CAT(1.0),29/04/26 11:00:00,A,ICCS07031,P_HTHAB,AL,2019-01-01,10.66,,
ESTAT:CRIM_OFF_CAT(1.0),29/04/26 11:00:00,A,ICCS07031,P_HTHAB,AT,2019-01-01,0.43,,
ESTAT:CRIM_OFF_CAT(1.0),29/04/26 11:00:00,A,ICCS07031,P_HTHAB,BE,2019-01-01,0.87,,
ESTAT:CRIM_OFF_CAT(1.0),29/04/26 11:00:00,A,ICCS07031,P_HTHAB,BG,2019-01-01,1.86,,
ESTAT:CRIM_OFF_CAT(1.0),29/04/26 11:00:00,A,ICCS07031,P_HTHAB,CH,2019-01-01,0.15,,
ESTAT:CRIM_OFF_CAT(1.0),29/04/26 11:00:00,A,ICCS07031,P_HTHAB,CY,2019-01-01,1.6,,
ESTAT:CRIM_OFF_CAT(1.0),29/04/26 11:00:00,A,ICCS07031,P_HTHAB,CZ,2019-01-01,1.15,,
ESTAT:CRIM_OFF_CAT(1.0),29/04/26 11:00:00,A,ICCS07031,P_HTHAB,DE,2019-01-01,5.0,,
ESTAT:CRIM_OFF_CAT(1.0),29/04/26 11:00:00,A,ICCS07031,P_HTHAB,DK,2019-01-01,0.79,,
ESTAT:CRIM_OFF_CAT(1.0),29/04/26 11:00:00,A,ICCS07031,P_HTHAB,EE,2019-01-01,2.79,,
ESTAT:CRIM_OFF_CAT(1.0),29/04/26 11:00:00,A,ICCS07031,P_HTHAB,EL,2019-01-01,1.77,,
ESTAT:CRIM_OFF_CAT(1.0),29/04/26 11:00:00,A,ICCS07031,P_HTHAB,ES,2019-01-01,0.12,,
ESTAT:CRIM_OFF_CAT(1.0),29/04/26 11:00:00,A,ICCS07031,P_HTHAB,FI,2019-01-01,0.24,,
ESTAT:CRIM_OFF_CAT(1.0),29/04/26 11:00:00,A,ICCS07031,P_HTHAB,FR,2019-01-01,0.34,,
ESTAT:CRIM_OFF_CAT(1.0),29/04/26 11:00:00,A,ICCS07031,P_HTHAB,HR,2019-01-01,0.96,,
ESTAT:CRIM_OFF_CAT(1.0),29/04/26 11:00:00,A,ICCS07031,P_HTHAB,HU,2019-01-01,3.96,,
ESTAT:CRIM_OFF_CAT(1.0),29/04/26 11:00:00,A,ICCS07031,P_HTHAB,IT,2019-01-01,0.77,,
ESTAT:CRIM_OFF_CAT(1.0),29/04/26 11:00:00,A,ICCS07031,P_HTHAB,LT,2019-01-01,2.72,,
ESTAT:CRIM_OFF_CAT(1.0),29/04/26 11:00:00,A,ICCS07031,P_HTHAB,LU,2019-01-01,0.16,,
ESTAT:CRIM_OFF_CAT(1.0),29/04/26 11:00:00,A,ICCS07031,P_HTHAB,LV,2019-01-01,5.36,,
ESTAT:CRIM_OFF_CAT(1.0),29/04/26 11:00:00,A,ICCS07031,P_HTHAB,ME,2019-01-01,0.16,,
ESTAT:CRIM_OFF_CAT(1.0),29/04/26 11:00:00,A,ICCS07031,P_HTHAB,MK,2019-01-01,0.34,,
ESTAT:CRIM_OFF_CAT(1.0),29/04/26 11:00:00,A,ICCS07031,P_HTHAB,MT,2019-01-01,0.2,,
ESTAT:CRIM_OFF_CAT(1.0),29/04/26 11:00:00,A,ICCS07031,P_HTHAB,PL,2019-01-01,10.76,,
ESTAT:CRIM_OFF_CAT(1.0),29/04/26 11:00:00,A,ICCS07031,P_HTHAB,PT,2019-01-01,0.68,,
ESTAT:CRIM_OFF_CAT(1.0),29/04/26 11:00:00,A,ICCS07031,P_HTHAB,RO,2019-01-01,3.33,,
ESTAT:CRIM_OFF_CAT(1.0),29/04/26 11:00:00,A,ICCS07031,P_HTHAB,RS,2019-01-01,3.14,,
ESTAT:CRIM_OFF_CAT(1.0),29/04/26 11:00:00,A,ICCS07031,P_HTHAB,SE,2019-01-01,1.57,,
ESTAT:CRIM_OFF_CAT(1.0),29/04/26 11:00:00,A,ICCS07031,P_HTHAB,SI,2019-01-01,8.89,,
ESTAT:CRIM_OFF_CAT(1.0),29/04/26 11:00:00,A,ICCS07031,P_HTHAB,SK,2019-01-01,1.14,,
ESTAT:CRIM_OFF_CAT(1.0),29/04/26 11:00:00,A,ICCS07031,P_HTHAB,XK,2019-01-01,1.11,,
ESTAT:CRIM_OFF_CAT(1.0),29/04/26 11:00:00,A,ICCS07041,P_HTHAB,AL,2019-01-01,14.01,,
ESTAT:CRIM_OFF_CAT(1.0),29/04/26 11:00:00,A,ICCS07041,P_HTHAB,AT,2019-01-01,4.85,,
ESTAT:CRIM_OFF_CAT(1.0),29/04/26 11:00:00,A,ICCS07041,P_HTHAB,BE,2019-01-01,20.73,,
ESTAT:CRIM_OFF_CAT(1.0),29/04/26 11:00:00,A,ICCS07041,P_HTHAB,BG,2019-01-01,0.44,,
ESTAT:CRIM_OFF_CAT(1.0),29/04/26 11:00:00,A,ICCS07041,P_HTHAB,CH,2019-01-01,20.74,,
ESTAT:CRIM_OFF_CAT(1.0),29/04/26 11:00:00,A,ICCS07041,P_HTHAB,CZ,2019-01-01,5.88,,
ESTAT:CRIM_OFF_CAT(1.0),29/04/26 11:00:00,A,ICCS07041,P_HTHAB,DE,2019-01-01,11.76,,
ESTAT:CRIM_OFF_CAT(1.0),29/04/26 11:00:00,A,ICCS07041,P_HTHAB,DK,2019-01-01,4.44,,
ESTAT:CRIM_OFF_CAT(1.0),29/04/26 11:00:00,A,ICCS07041,P_HTHAB,EE,2019-01-01,14.34,,
ESTAT:CRIM_OFF_CAT(1.0),29/04/26 11:00:00,A,ICCS07041,P_HTHAB,EL,2019-01-01,0.34,,
ESTAT:CRIM_OFF_CAT(1.0),29/04/26 11:00:00,A,ICCS07041,P_HTHAB,ES,2019-01-01,0.63,,
ESTAT:CRIM_OFF_CAT(1.0),29/04/26 11:00:00,A,ICCS07041,P_HTHAB,FI,2019-01-01,8.19,,
ESTAT:CRIM_OFF_CAT(1.0),29/04/26 11:00:00,A,ICCS07041,P_HTHAB,FR,2019-01-01,2.55,,
ESTAT:CRIM_OFF_CAT(1.0),29/04/26 11:00:00,A,ICCS07041,P_HTHAB,HR,2019-01-01,1.01,,
ESTAT:CRIM_OFF_CAT(1.0),29/04/26 11:00:00,A,ICCS07041,P_HTHAB,HU,2019-01-01,1.92,,
ESTAT:CRIM_OFF_CAT(1.0),29/04/26 11:00:00,A,ICCS07041,P_HTHAB,IE,2019-01-01,5.18,,
ESTAT:CRIM_OFF_CAT(1.0),29/04/26 11:00:00,A,ICCS07041,P_HTHAB,IS,2019-01-01,68.63,,
ESTAT:CRIM_OFF_CAT(1.0),29/04/26 11:00:00,A,ICCS07041,P_HTHAB,IT,2019-01-01,3.71,,
ESTAT:CRIM_OFF_CAT(1.0),29/04/26 11:00:00,A,ICCS07041,P_HTHAB,LI,2019-01-01,182.4,,
ESTAT:CRIM_OFF_CAT(1.0),29/04/26 11:00:00,A,ICCS07041,P_HTHAB,LT,2019-01-01,1.86,,
ESTAT:CRIM_OFF_CAT(1.0),29/04/26 11:00:00,A,ICCS07041,P_HTHAB,LV,2019-01-01,17.45,,
ESTAT:CRIM_OFF_CAT(1.0),29/04/26 11:00:00,A,ICCS07041,P_HTHAB,ME,2019-01-01,5.79,,
ESTAT:CRIM_OFF_CAT(1.0),29/04/26 11:00:00,A,ICCS07041,P_HTHAB,MT,2019-01-01,7.29,,
ESTAT:CRIM_OFF_CAT(1.0),29/04/26 11:00:00,A,ICCS07041,P_HTHAB,NL,2019-01-01,7.99,,
ESTAT:CRIM_OFF_CAT(1.0),29/04/26 11:00:00,A,ICCS07041,P_HTHAB,NO,2019-01-01,2.63,,
ESTAT:CRIM_OFF_CAT(1.0),29/04/26 11:00:00,A,ICCS07041,P_HTHAB,PL,2019-01-01,3.4,,
ESTAT:CRIM_OFF_CAT(1.0),29/04/26 11:00:00,A,ICCS07041,P_HTHAB,PT,2019-01-01,0.35,,
ESTAT:CRIM_OFF_CAT(1.0),29/04/26 11:00:00,A,ICCS07041,P_HTHAB,RO,2019-01-01,3.31,,
ESTAT:CRIM_OFF_CAT(1.0),29/04/26 11:00:00,A,ICCS07041,P_HTHAB,RS,2019-01-01,2.51,,
ESTAT:CRIM_OFF_CAT(1.0),29/04/26 11:00:00,A,ICCS07041,P_HTHAB,SE,2019-01-01,66.21,,
ESTAT:CRIM_OFF_CAT(1.0),29/04/26 11:00:00,A,ICCS07041,P_HTHAB,SI,2019-01-01,2.84,,
ESTAT:CRIM_OFF_CAT(1.0),29/04/26 11:00:00,A,ICCS07041,P_HTHAB,SK,2019-01-01,1.14,,
ESTAT:CRIM_OFF_CAT(1.0),29/04/26 11:00:00,A,ICCS07041,P_HTHAB,XK,2019-01-01,0.33,,
ESTAT:CRIM_OFF_CAT(1.0),29/04/26 11:00:00,A,ICCS09051,P_HTHAB,AL,2019-01-01,1.33,,
ESTAT:CRIM_OFF_CAT(1.0),29/04/26 11:00:00,A,ICCS09051,P_HTHAB,AT,2019-01-01,1.34,,
ESTAT:CRIM_OFF_CAT(1.0),29/04/26 11:00:00,A,ICCS09051,P_HTHAB,BE,2019-01-01,2.69,,
ESTAT:CRIM_OFF_CAT(1.0),29/04/26 11:00:00,A,ICCS09051,P_HTHAB,BG,2019-01-01,1.51,,
ESTAT:CRIM_OFF_CAT(1.0),29/04/26 11:00:00,A,ICCS09051,P_HTHAB,CH,2019-01-01,0.67,,
ESTAT:CRIM_OFF_CAT(1.0),29/04/26 11:00:00,A,ICCS09051,P_HTHAB,CY,2019-01-01,0.0,,
ESTAT:CRIM_OFF_CAT(1.0),29/04/26 11:00:00,A,ICCS09051,P_HTHAB,CZ,2019-01-01,0.23,,
ESTAT:CRIM_OFF_CAT(1.0),29/04/26 11:00:00,A,ICCS09051,P_HTHAB,DE,2019-01-01,0.7,,
ESTAT:CRIM_OFF_CAT(1.0),29/04/26 11:00:00,A,ICCS09051,P_HTHAB,EE,2019-01-01,0.38,,
ESTAT:CRIM_OFF_CAT(1.0),29/04/26 11:00:00,A,ICCS09051,P_HTHAB,EL,2019-01-01,3.52,,
ESTAT:CRIM_OFF_CAT(1.0),29/04/26 11:00:00,A,ICCS09051,P_HTHAB,ES,2019-01-01,2.48,,
ESTAT:CRIM_OFF_CAT(1.0),29/04/26 11:00:00,A,ICCS09051,P_HTHAB,FI,2019-01-01,0.04,,
ESTAT:CRIM_OFF_CAT(1.0),29/04/26 11:00:00,A,ICCS09051,P_HTHAB,FR,2019-01-01,2.39,,
ESTAT:CRIM_OFF_CAT(1.0),29/04/26 11:00:00,A,ICCS09051,P_HTHAB,HR,2019-01-01,0.61,,
ESTAT:CRIM_OFF_CAT(1.0),29/04/26 11:00:00,A,ICCS09051,P_HTHAB,IT,2019-01-01,0.93,,
ESTAT:CRIM_OFF_CAT(1.0),29/04/26 11:00:00,A,ICCS09051,P_HTHAB,LT,2019-01-01,0.0,,
ESTAT:CRIM_OFF_CAT(1.0),29/04/26 11:00:00,A,ICCS09051,P_HTHAB,LU,2019-01-01,2.93,,
ESTAT:CRIM_OFF_CAT(1.0),29/04/26 11:00:00,A,ICCS09051,P_HTHAB,ME,2019-01-01,10.13,,
ESTAT:CRIM_OFF_CAT(1.0),29/04/26 11:00:00,A,ICCS09051,P_HTHAB,MT,2019-01-01,0.0,,
ESTAT:CRIM_OFF_CAT(1.0),29/04/26 11:00:00,A,ICCS09051,P_HTHAB,PL,2019-01-01,1.3,,
ESTAT:CRIM_OFF_CAT(1.0),29/04/26 11:00:00,A,ICCS09051,P_HTHAB,PT,2019-01-01,0.08,,
ESTAT:CRIM_OFF_CAT(1.0),29/04/26 11:00:00,A,ICCS09051,P_HTHAB,RO,2019-01-01,2.81,,
ESTAT:CRIM_OFF_CAT(1.0),29/04/26 11:00:00,A,ICCS09051,P_HTHAB,SI,2019-01-01,0.24,,
ESTAT:CRIM_OFF_CAT(1.0),29/04/26 11:00:00,A,ICCS09051,P_HTHAB,SK,2019-01-01,0.11,,
ESTAT:CRIM_OFF_CAT(1.0),29/04/26 11:00:00,A,ICCS09051,P_HTHAB,XK,2019-01-01,0.17,,
ESTAT:CRIM_OFF_CAT(1.0),29/04/26 11:00:00,A,ICCS0703,P_HTHAB,AL,2020-01-01,29.76,,
ESTAT:CRIM_OFF_CAT(1.0),29/04/26 11:00:00,A,ICCS0703,P_HTHAB,AT,2020-01-01,32.34,,
ESTAT:CRIM_OFF_CAT(1.0),29/04/26 11:00:00,A,ICCS0703,P_HTHAB,BE,2020-01-01,37.78,,
ESTAT:CRIM_OFF_CAT(1.0),29/04/26 11:00:00,A,ICCS0703,P_HTHAB,BG,2020-01-01,6.99,,
ESTAT:CRIM_OFF_CAT(1.0),29/04/26 11:00:00,A,ICCS0703,P_HTHAB,CH,2020-01-01,0.24,,
ESTAT:CRIM_OFF_CAT(1.0),29/04/26 11:00:00,A,ICCS0703,P_HTHAB,CY,2020-01-01,1.46,,
ESTAT:CRIM_OFF_CAT(1.0),29/04/26 11:00:00,A,ICCS0703,P_HTHAB,CZ,2020-01-01,15.79,,
ESTAT:CRIM_OFF_CAT(1.0),29/04/26 11:00:00,A,ICCS0703,P_HTHAB,DE,2020-01-01,5.01,,
ESTAT:CRIM_OFF_CAT(1.0),29/04/26 11:00:00,A,ICCS0703,P_HTHAB,DK,2020-01-01,66.51,,
ESTAT:CRIM_OFF_CAT(1.0),29/04/26 11:00:00,A,ICCS0703,P_HTHAB,EE,2020-01-01,6.09,,
ESTAT:CRIM_OFF_CAT(1.0),29/04/26 11:00:00,A,ICCS0703,P_HTHAB,EL,2020-01-01,5.66,,
ESTAT:CRIM_OFF_CAT(1.0),29/04/26 11:00:00,A,ICCS0703,P_HTHAB,ES,2020-01-01,1.61,,
ESTAT:CRIM_OFF_CAT(1.0),29/04/26 11:00:00,A,ICCS0703,P_HTHAB,FI,2020-01-01,73.14,,
ESTAT:CRIM_OFF_CAT(1.0),29/04/26 11:00:00,A,ICCS0703,P_HTHAB,FR,2020-01-01,3.41,,
ESTAT:CRIM_OFF_CAT(1.0),29/04/26 11:00:00,A,ICCS0703,P_HTHAB,HR,2020-01-01,13.26,,
ESTAT:CRIM_OFF_CAT(1.0),29/04/26 11:00:00,A,ICCS0703,P_HTHAB,HU,2020-01-01,24.33,,
ESTAT:CRIM_OFF_CAT(1.0),29/04/26 11:00:00,A,ICCS0703,P_HTHAB,IE,2020-01-01,0.16,,
ESTAT:CRIM_OFF_CAT(1.0),29/04/26 11:00:00,A,ICCS0703,P_HTHAB,IT,2020-01-01,6.32,,
ESTAT:CRIM_OFF_CAT(1.0),29/04/26 11:00:00,A,ICCS0703,P_HTHAB,LI,2020-01-01,25.81,,
ESTAT:CRIM_OFF_CAT(1.0),29/04/26 11:00:00,A,ICCS0703,P_HTHAB,LT,2020-01-01,19.72,,
ESTAT:CRIM_OFF_CAT(1.0),29/04/26 11:00:00,A,ICCS0703,P_HTHAB,LU,2020-01-01,0.8,,
ESTAT:CRIM_OFF_CAT(1.0),29/04/26 11:00:00,A,ICCS0703,P_HTHAB,LV,2020-01-01,9.54,,
ESTAT:CRIM_OFF_CAT(1.0),29/04/26 11:00:00,A,ICCS0703,P_HTHAB,ME,2020-01-01,24.76,,
ESTAT:CRIM_OFF_CAT(1.0),29/04/26 11:00:00,A,ICCS0703,P_HTHAB,MK,2020-01-01,0.29,,
ESTAT:CRIM_OFF_CAT(1.0),29/04/26 11:00:00,A,ICCS0703,P_HTHAB,MT,2020-01-01,3.11,,
ESTAT:CRIM_OFF_CAT(1.0),29/04/26 11:00:00,A,ICCS0703,P_HTHAB,NL,2020-01-01,33.84,,
ESTAT:CRIM_OFF_CAT(1.0),29/04/26 11:00:00,A,ICCS0703,P_HTHAB,NO,2020-01-01,0.75,,
ESTAT:CRIM_OFF_CAT(1.0),29/04/26 11:00:00,A,ICCS0703,P_HTHAB,PL,2020-01-01,19.77,,
ESTAT:CRIM_OFF_CAT(1.0),29/04/26 11:00:00,A,ICCS0703,P_HTHAB,PT,2020-01-01,1.5,,
ESTAT:CRIM_OFF_CAT(1.0),29/04/26 11:00:00,A,ICCS0703,P_HTHAB,RO,2020-01-01,17.66,,
ESTAT:CRIM_OFF_CAT(1.0),29/04/26 11:00:00,A,ICCS0703,P_HTHAB,RS,2020-01-01,10.77,,
ESTAT:CRIM_OFF_CAT(1.0),29/04/26 11:00:00,A,ICCS0703,P_HTHAB,SE,2020-01-01,191.63,,
ESTAT:CRIM_OFF_CAT(1.0),29/04/26 11:00:00,A,ICCS0703,P_HTHAB,SI,2020-01-01,14.89,,
ESTAT:CRIM_OFF_CAT(1.0),29/04/26 11:00:00,A,ICCS0703,P_HTHAB,SK,2020-01-01,2.4,,
ESTAT:CRIM_OFF_CAT(1.0),29/04/26 11:00:00,A,ICCS07031,P_HTHAB,AL,2020-01-01,5.66,,
ESTAT:CRIM_OFF_CAT(1.0),29/04/26 11:00:00,A,ICCS07031,P_HTHAB,AT,2020-01-01,0.42,,
ESTAT:CRIM_OFF_CAT(1.0),29/04/26 11:00:00,A,ICCS07031,P_HTHAB,BE,2020-01-01,0.65,,
ESTAT:CRIM_OFF_CAT(1.0),29/04/26 11:00:00,A,ICCS07031,P_HTHAB,BG,2020-01-01,1.7,,
ESTAT:CRIM_OFF_CAT(1.0),29/04/26 11:00:00,A,ICCS07031,P_HTHAB,CH,2020-01-01,0.23,,
ESTAT:CRIM_OFF_CAT(1.0),29/04/26 11:00:00,A,ICCS07031,P_HTHAB,CY,2020-01-01,1.24,,
ESTAT:CRIM_OFF_CAT(1.0),29/04/26 11:00:00,A,ICCS07031,P_HTHAB,CZ,2020-01-01,1.08,,
ESTAT:CRIM_OFF_CAT(1.0),29/04/26 11:00:00,A,ICCS07031,P_HTHAB,DE,2020-01-01,5.01,,
ESTAT:CRIM_OFF_CAT(1.0),29/04/26 11:00:00,A,ICCS07031,P_HTHAB,DK,2020-01-01,0.22,,
ESTAT:CRIM_OFF_CAT(1.0),29/04/26 11:00:00,A,ICCS07031,P_HTHAB,EE,2020-01-01,3.01,,
ESTAT:CRIM_OFF_CAT(1.0),29/04/26 11:00:00,A,ICCS07031,P_HTHAB,EL,2020-01-01,0.6,,
ESTAT:CRIM_OFF_CAT(1.0),29/04/26 11:00:00,A,ICCS07031,P_HTHAB,ES,2020-01-01,0.1,,
ESTAT:CRIM_OFF_CAT(1.0),29/04/26 11:00:00,A,ICCS07031,P_HTHAB,FI,2020-01-01,4.83,,
ESTAT:CRIM_OFF_CAT(1.0),29/04/26 11:00:00,A,ICCS07031,P_HTHAB,FR,2020-01-01,0.3,,
ESTAT:CRIM_OFF_CAT(1.0),29/04/26 11:00:00,A,ICCS07031,P_HTHAB,HR,2020-01-01,1.5,,
ESTAT:CRIM_OFF_CAT(1.0),29/04/26 11:00:00,A,ICCS07031,P_HTHAB,HU,2020-01-01,20.73,,
ESTAT:CRIM_OFF_CAT(1.0),29/04/26 11:00:00,A,ICCS07031,P_HTHAB,IT,2020-01-01,0.69,,
ESTAT:CRIM_OFF_CAT(1.0),29/04/26 11:00:00,A,ICCS07031,P_HTHAB,LT,2020-01-01,11.2,,
ESTAT:CRIM_OFF_CAT(1.0),29/04/26 11:00:00,A,ICCS07031,P_HTHAB,LU,2020-01-01,0.8,,
ESTAT:CRIM_OFF_CAT(1.0),29/04/26 11:00:00,A,ICCS07031,P_HTHAB,LV,2020-01-01,6.34,,
ESTAT:CRIM_OFF_CAT(1.0),29/04/26 11:00:00,A,ICCS07031,P_HTHAB,ME,2020-01-01,0.96,,
ESTAT:CRIM_OFF_CAT(1.0),29/04/26 11:00:00,A,ICCS07031,P_HTHAB,MK,2020-01-01,0.29,,
ESTAT:CRIM_OFF_CAT(1.0),29/04/26 11:00:00,A,ICCS07031,P_HTHAB,MT,2020-01-01,0.19,,
ESTAT:CRIM_OFF_CAT(1.0),29/04/26 11:00:00,A,ICCS07031,P_HTHAB,PL,2020-01-01,13.34,,
ESTAT:CRIM_OFF_CAT(1.0),29/04/26 11:00:00,A,ICCS07031,P_HTHAB,PT,2020-01-01,0.6,,
ESTAT:CRIM_OFF_CAT(1.0),29/04/26 11:00:00,A,ICCS07031,P_HTHAB,RO,2020-01-01,3.51,,
ESTAT:CRIM_OFF_CAT(1.0),29/04/26 11:00:00,A,ICCS07031,P_HTHAB,RS,2020-01-01,2.6,,
ESTAT:CRIM_OFF_CAT(1.0),29/04/26 11:00:00,A,ICCS07031,P_HTHAB,SE,2020-01-01,1.47,,
ESTAT:CRIM_OFF_CAT(1.0),29/04/26 11:00:00,A,ICCS07031,P_HTHAB,SI,2020-01-01,14.22,,
ESTAT:CRIM_OFF_CAT(1.0),29/04/26 11:00:00,A,ICCS07031,P_HTHAB,SK,2020-01-01,1.21,,
ESTAT:CRIM_OFF_CAT(1.0),29/04/26 11:00:00,A,ICCS07031,P_HTHAB,XK,2020-01-01,2.24,,
ESTAT:CRIM_OFF_CAT(1.0),29/04/26 11:00:00,A,ICCS07041,P_HTHAB,AL,2020-01-01,14.65,,
ESTAT:CRIM_OFF_CAT(1.0),29/04/26 11:00:00,A,ICCS07041,P_HTHAB,AT,2020-01-01,5.92,,
ESTAT:CRIM_OFF_CAT(1.0),29/04/26 11:00:00,A,ICCS07041,P_HTHAB,BE,2020-01-01,52.88,,
ESTAT:CRIM_OFF_CAT(1.0),29/04/26 11:00:00,A,ICCS07041,P_HTHAB,BG,2020-01-01,0.69,,
ESTAT:CRIM_OFF_CAT(1.0),29/04/26 11:00:00,A,ICCS07041,P_HTHAB,CH,2020-01-01,35.67,,
ESTAT:CRIM_OFF_CAT(1.0),29/04/26 11:00:00,A,ICCS07041,P_HTHAB,CZ,2020-01-01,5.2,,
ESTAT:CRIM_OFF_CAT(1.0),29/04/26 11:00:00,A,ICCS07041,P_HTHAB,DE,2020-01-01,10.75,,
ESTAT:CRIM_OFF_CAT(1.0),29/04/26 11:00:00,A,ICCS07041,P_HTHAB,DK,2020-01-01,20.33,,
ESTAT:CRIM_OFF_CAT(1.0),29/04/26 11:00:00,A,ICCS07041,P_HTHAB,EE,2020-01-01,1.58,,
ESTAT:CRIM_OFF_CAT(1.0),29/04/26 11:00:00,A,ICCS07041,P_HTHAB,EL,2020-01-01,0.35,,
ESTAT:CRIM_OFF_CAT(1.0),29/04/26 11:00:00,A,ICCS07041,P_HTHAB,ES,2020-01-01,0.65,,
ESTAT:CRIM_OFF_CAT(1.0),29/04/26 11:00:00,A,ICCS07041,P_HTHAB,FI,2020-01-01,10.75,,
ESTAT:CRIM_OFF_CAT(1.0),29/04/26 11:00:00,A,ICCS07041,P_HTHAB,FR,2020-01-01,3.12,,
ESTAT:CRIM_OFF_CAT(1.0),29/04/26 11:00:00,A,ICCS07041,P_HTHAB,HR,2020-01-01,0.52,,
ESTAT:CRIM_OFF_CAT(1.0),29/04/26 11:00:00,A,ICCS07041,P_HTHAB,HU,2020-01-01,3.08,,
ESTAT:CRIM_OFF_CAT(1.0),29/04/26 11:00:00,A,ICCS07041,P_HTHAB,IE,2020-01-01,12.57,,
ESTAT:CRIM_OFF_CAT(1.0),29/04/26 11:00:00,A,ICCS07041,P_HTHAB,IS,2020-01-01,79.09,,
ESTAT:CRIM_OFF_CAT(1.0),29/04/26 11:00:00,A,ICCS07041,P_HTHAB,IT,2020-01-01,3.52,,
ESTAT:CRIM_OFF_CAT(1.0),29/04/26 11:00:00,A,ICCS07041,P_HTHAB,LI,2020-01-01,149.69,,
ESTAT:CRIM_OFF_CAT(1.0),29/04/26 11:00:00,A,ICCS07041,P_HTHAB,LT,2020-01-01,2.97,,
ESTAT:CRIM_OFF_CAT(1.0),29/04/26 11:00:00,A,ICCS07041,P_HTHAB,LV,2020-01-01,21.75,,
ESTAT:CRIM_OFF_CAT(1.0),29/04/26 11:00:00,A,ICCS07041,P_HTHAB,ME,2020-01-01,6.43,,
ESTAT:CRIM_OFF_CAT(1.0),29/04/26 11:00:00,A,ICCS07041,P_HTHAB,MT,2020-01-01,20.79,,
ESTAT:CRIM_OFF_CAT(1.0),29/04/26 11:00:00,A,ICCS07041,P_HTHAB,NL,2020-01-01,11.17,,
ESTAT:CRIM_OFF_CAT(1.0),29/04/26 11:00:00,A,ICCS07041,P_HTHAB,NO,2020-01-01,2.92,,
ESTAT:CRIM_OFF_CAT(1.0),29/04/26 11:00:00,A,ICCS07041,P_HTHAB,PL,2020-01-01,1.71,,
ESTAT:CRIM_OFF_CAT(1.0),29/04/26 11:00:00,A,ICCS07041,P_HTHAB,PT,2020-01-01,0.46,,
ESTAT:CRIM_OFF_CAT(1.0),29/04/26 11:00:00,A,ICCS07041,P_HTHAB,RO,2020-01-01,1.24,,
ESTAT:CRIM_OFF_CAT(1.0),29/04/26 11:00:00,A,ICCS07041,P_HTHAB,RS,2020-01-01,1.65,,
ESTAT:CRIM_OFF_CAT(1.0),29/04/26 11:00:00,A,ICCS07041,P_HTHAB,SE,2020-01-01,90.08,,
ESTAT:CRIM_OFF_CAT(1.0),29/04/26 11:00:00,A,ICCS07041,P_HTHAB,SI,2020-01-01,3.29,,
ESTAT:CRIM_OFF_CAT(1.0),29/04/26 11:00:00,A,ICCS07041,P_HTHAB,SK,2020-01-01,1.41,,
ESTAT:CRIM_OFF_CAT(1.0),29/04/26 11:00:00,A,ICCS07041,P_HTHAB,XK,2020-01-01,0.22,,
ESTAT:CRIM_OFF_CAT(1.0),29/04/26 11:00:00,A,ICCS09051,P_HTHAB,AL,2020-01-01,0.53,,
ESTAT:CRIM_OFF_CAT(1.0),29/04/26 11:00:00,A,ICCS09051,P_HTHAB,AT,2020-01-01,1.06,,
ESTAT:CRIM_OFF_CAT(1.0),29/04/26 11:00:00,A,ICCS09051,P_HTHAB,BE,2020-01-01,2.86,,
ESTAT:CRIM_OFF_CAT(1.0),29/04/26 11:00:00,A,ICCS09051,P_HTHAB,BG,2020-01-01,1.28,,
ESTAT:CRIM_OFF_CAT(1.0),29/04/26 11:00:00,A,ICCS09051,P_HTHAB,CH,2020-01-01,0.49,,
ESTAT:CRIM_OFF_CAT(1.0),29/04/26 11:00:00,A,ICCS09051,P_HTHAB,CY,2020-01-01,0.0,,
ESTAT:CRIM_OFF_CAT(1.0),29/04/26 11:00:00,A,ICCS09051,P_HTHAB,CZ,2020-01-01,0.17,,
ESTAT:CRIM_OFF_CAT(1.0),29/04/26 11:00:00,A,ICCS09051,P_HTHAB,DE,2020-01-01,0.71,,
ESTAT:CRIM_OFF_CAT(1.0),29/04/26 11:00:00,A,ICCS09051,P_HTHAB,EE,2020-01-01,0.23,,
ESTAT:CRIM_OFF_CAT(1.0),29/04/26 11:00:00,A,ICCS09051,P_HTHAB,EL,2020-01-01,3.69,,
ESTAT:CRIM_OFF_CAT(1.0),29/04/26 11:00:00,A,ICCS09051,P_HTHAB,ES,2020-01-01,2.78,,
ESTAT:CRIM_OFF_CAT(1.0),29/04/26 11:00:00,A,ICCS09051,P_HTHAB,FI,2020-01-01,0.05,,
ESTAT:CRIM_OFF_CAT(1.0),29/04/26 11:00:00,A,ICCS09051,P_HTHAB,FR,2020-01-01,2.45,,
ESTAT:CRIM_OFF_CAT(1.0),29/04/26 11:00:00,A,ICCS09051,P_HTHAB,HR,2020-01-01,0.69,,
ESTAT:CRIM_OFF_CAT(1.0),29/04/26 11:00:00,A,ICCS09051,P_HTHAB,IT,2020-01-01,1.01,,
ESTAT:CRIM_OFF_CAT(1.0),29/04/26 11:00:00,A,ICCS09051,P_HTHAB,LT,2020-01-01,0.36,,
ESTAT:CRIM_OFF_CAT(1.0),29/04/26 11:00:00,A,ICCS09051,P_HTHAB,LU,2020-01-01,5.75,,
ESTAT:CRIM_OFF_CAT(1.0),29/04/26 11:00:00,A,ICCS09051,P_HTHAB,ME,2020-01-01,17.85,,
ESTAT:CRIM_OFF_CAT(1.0),29/04/26 11:00:00,A,ICCS09051,P_HTHAB,MT,2020-01-01,0.0,,
ESTAT:CRIM_OFF_CAT(1.0),29/04/26 11:00:00,A,ICCS09051,P_HTHAB,PL,2020-01-01,2.3,,
ESTAT:CRIM_OFF_CAT(1.0),29/04/26 11:00:00,A,ICCS09051,P_HTHAB,PT,2020-01-01,0.05,,
ESTAT:CRIM_OFF_CAT(1.0),29/04/26 11:00:00,A,ICCS09051,P_HTHAB,RO,2020-01-01,2.53,,
ESTAT:CRIM_OFF_CAT(1.0),29/04/26 11:00:00,A,ICCS09051,P_HTHAB,SI,2020-01-01,0.05,,
ESTAT:CRIM_OFF_CAT(1.0),29/04/26 11:00:00,A,ICCS09051,P_HTHAB,SK,2020-01-01,0.75,,
ESTAT:CRIM_OFF_CAT(1.0),29/04/26 11:00:00,A,ICCS09051,P_HTHAB,XK,2020-01-01,0.28,,
ESTAT:CRIM_OFF_CAT(1.0),29/04/26 11:00:00,A,ICCS0703,P_HTHAB,AL,2021-01-01,34.53,,
ESTAT:CRIM_OFF_CAT(1.0),29/04/26 11:00:00,A,ICCS0703,P_HTHAB,AT,2021-01-01,32.63,,
ESTAT:CRIM_OFF_CAT(1.0),29/04/26 11:00:00,A,ICCS0703,P_HTHAB,BE,2021-01-01,42.72,,
ESTAT:CRIM_OFF_CAT(1.0),29/04/26 11:00:00,A,ICCS0703,P_HTHAB,BG,2021-01-01,8.17,,
ESTAT:CRIM_OFF_CAT(1.0),29/04/26 11:00:00,A,ICCS0703,P_HTHAB,CH,2021-01-01,0.69,,
ESTAT:CRIM_OFF_CAT(1.0),29/04/26 11:00:00,A,ICCS0703,P_HTHAB,CY,2021-01-01,1.34,,
ESTAT:CRIM_OFF_CAT(1.0),29/04/26 11:00:00,A,ICCS0703,P_HTHAB,CZ,2021-01-01,13.3,,
ESTAT:CRIM_OFF_CAT(1.0),29/04/26 11:00:00,A,ICCS0703,P_HTHAB,DE,2021-01-01,7.67,,
ESTAT:CRIM_OFF_CAT(1.0),29/04/26 11:00:00,A,ICCS0703,P_HTHAB,DK,2021-01-01,81.8,,
ESTAT:CRIM_OFF_CAT(1.0),29/04/26 11:00:00,A,ICCS0703,P_HTHAB,EE,2021-01-01,6.54,,
ESTAT:CRIM_OFF_CAT(1.0),29/04/26 11:00:00,A,ICCS0703,P_HTHAB,EL,2021-01-01,7.09,,
ESTAT:CRIM_OFF_CAT(1.0),29/04/26 11:00:00,A,ICCS0703,P_HTHAB,ES,2021-01-01,2.24,,
ESTAT:CRIM_OFF_CAT(1.0),29/04/26 11:00:00,A,ICCS0703,P_HTHAB,FI,2021-01-01,76.33,,
ESTAT:CRIM_OFF_CAT(1.0),29/04/26 11:00:00,A,ICCS0703,P_HTHAB,FR,2021-01-01,4.05,,
ESTAT:CRIM_OFF_CAT(1.0),29/04/26 11:00:00,A,ICCS0703,P_HTHAB,HR,2021-01-01,22.59,,
ESTAT:CRIM_OFF_CAT(1.0),29/04/26 11:00:00,A,ICCS0703,P_HTHAB,HU,2021-01-01,66.96,,
ESTAT:CRIM_OFF_CAT(1.0),29/04/26 11:00:00,A,ICCS0703,P_HTHAB,IE,2021-01-01,0.18,,
ESTAT:CRIM_OFF_CAT(1.0),29/04/26 11:00:00,A,ICCS0703,P_HTHAB,IT,2021-01-01,6.49,,
ESTAT:CRIM_OFF_CAT(1.0),29/04/26 11:00:00,A,ICCS0703,P_HTHAB,LI,2021-01-01,35.85,,
ESTAT:CRIM_OFF_CAT(1.0),29/04/26 11:00:00,A,ICCS0703,P_HTHAB,LT,2021-01-01,22.32,,
ESTAT:CRIM_OFF_CAT(1.0),29/04/26 11:00:00,A,ICCS0703,P_HTHAB,LU,2021-01-01,0.63,,
ESTAT:CRIM_OFF_CAT(1.0),29/04/26 11:00:00,A,ICCS0703,P_HTHAB,LV,2021-01-01,10.83,,
ESTAT:CRIM_OFF_CAT(1.0),29/04/26 11:00:00,A,ICCS0703,P_HTHAB,ME,2021-01-01,28.68,,
ESTAT:CRIM_OFF_CAT(1.0),29/04/26 11:00:00,A,ICCS0703,P_HTHAB,MK,2021-01-01,0.34,,
ESTAT:CRIM_OFF_CAT(1.0),29/04/26 11:00:00,A,ICCS0703,P_HTHAB,MT,2021-01-01,5.04,,
ESTAT:CRIM_OFF_CAT(1.0),29/04/26 11:00:00,A,ICCS0703,P_HTHAB,NL,2021-01-01,30.44,,
ESTAT:CRIM_OFF_CAT(1.0),29/04/26 11:00:00,A,ICCS0703,P_HTHAB,NO,2021-01-01,0.57,,
ESTAT:CRIM_OFF_CAT(1.0),29/04/26 11:00:00,A,ICCS0703,P_HTHAB,PL,2021-01-01,16.14,,
ESTAT:CRIM_OFF_CAT(1.0),29/04/26 11:00:00,A,ICCS0703,P_HTHAB,PT,2021-01-01,2.06,,
ESTAT:CRIM_OFF_CAT(1.0),29/04/26 11:00:00,A,ICCS0703,P_HTHAB,RO,2021-01-01,20.92,,
ESTAT:CRIM_OFF_CAT(1.0),29/04/26 11:00:00,A,ICCS0703,P_HTHAB,RS,2021-01-01,17.04,,
ESTAT:CRIM_OFF_CAT(1.0),29/04/26 11:00:00,A,ICCS0703,P_HTHAB,SE,2021-01-01,205.03,,
ESTAT:CRIM_OFF_CAT(1.0),29/04/26 11:00:00,A,ICCS0703,P_HTHAB,SI,2021-01-01,11.81,,
ESTAT:CRIM_OFF_CAT(1.0),29/04/26 11:00:00,A,ICCS0703,P_HTHAB,SK,2021-01-01,3.41,,
ESTAT:CRIM_OFF_CAT(1.0),29/04/26 11:00:00,A,ICCS07031,P_HTHAB,AL,2021-01-01,9.29,,
ESTAT:CRIM_OFF_CAT(1.0),29/04/26 11:00:00,A,ICCS07031,P_HTHAB,AT,2021-01-01,0.64,,
ESTAT:CRIM_OFF_CAT(1.0),29/04/26 11:00:00,A,ICCS07031,P_HTHAB,BE,2021-01-01,0.95,,
ESTAT:CRIM_OFF_CAT(1.0),29/04/26 11:00:00,A,ICCS07031,P_HTHAB,BG,2021-01-01,1.46,,
ESTAT:CRIM_OFF_CAT(1.0),29/04/26 11:00:00,A,ICCS07031,P_HTHAB,CH,2021-01-01,0.69,,
ESTAT:CRIM_OFF_CAT(1.0),29/04/26 11:00:00,A,ICCS07031,P_HTHAB,CY,2021-01-01,1.34,,
ESTAT:CRIM_OFF_CAT(1.0),29/04/26 11:00:00,A,ICCS07031,P_HTHAB,CZ,2021-01-01,0.89,,
ESTAT:CRIM_OFF_CAT(1.0),29/04/26 11:00:00,A,ICCS07031,P_HTHAB,DE,2021-01-01,1.29,,
ESTAT:CRIM_OFF_CAT(1.0),29/04/26 11:00:00,A,ICCS07031,P_HTHAB,DK,2021-01-01,0.91,,
ESTAT:CRIM_OFF_CAT(1.0),29/04/26 11:00:00,A,ICCS07031,P_HTHAB,EE,2021-01-01,3.08,,
ESTAT:CRIM_OFF_CAT(1.0),29/04/26 11:00:00,A,ICCS07031,P_HTHAB,EL,2021-01-01,2.37,,
ESTAT:CRIM_OFF_CAT(1.0),29/04/26 11:00:00,A,ICCS07031,P_HTHAB,ES,2021-01-01,0.29,,
ESTAT:CRIM_OFF_CAT(1.0),29/04/26 11:00:00,A,ICCS07031,P_HTHAB,FI,2021-01-01,0.43,,
ESTAT:CRIM_OFF_CAT(1.0),29/04/26 11:00:00,A,ICCS07031,P_HTHAB,FR,2021-01-01,0.39,,
ESTAT:CRIM_OFF_CAT(1.0),29/04/26 11:00:00,A,ICCS07031,P_HTHAB,HR,2021-01-01,2.55,,
ESTAT:CRIM_OFF_CAT(1.0),29/04/26 11:00:00,A,ICCS07031,P_HTHAB,HU,2021-01-01,63.18,,
ESTAT:CRIM_OFF_CAT(1.0),29/04/26 11:00:00,A,ICCS07031,P_HTHAB,IT,2021-01-01,0.58,,
ESTAT:CRIM_OFF_CAT(1.0),29/04/26 11:00:00,A,ICCS07031,P_HTHAB,LT,2021-01-01,12.52,,
ESTAT:CRIM_OFF_CAT(1.0),29/04/26 11:00:00,A,ICCS07031,P_HTHAB,LU,2021-01-01,0.63,,
ESTAT:CRIM_OFF_CAT(1.0),29/04/26 11:00:00,A,ICCS07031,P_HTHAB,LV,2021-01-01,7.76,,
ESTAT:CRIM_OFF_CAT(1.0),29/04/26 11:00:00,A,ICCS07031,P_HTHAB,ME,2021-01-01,1.29,,
ESTAT:CRIM_OFF_CAT(1.0),29/04/26 11:00:00,A,ICCS07031,P_HTHAB,MK,2021-01-01,0.34,,
ESTAT:CRIM_OFF_CAT(1.0),29/04/26 11:00:00,A,ICCS07031,P_HTHAB,MT,2021-01-01,1.16,,
ESTAT:CRIM_OFF_CAT(1.0),29/04/26 11:00:00,A,ICCS07031,P_HTHAB,PL,2021-01-01,13.1,,
ESTAT:CRIM_OFF_CAT(1.0),29/04/26 11:00:00,A,ICCS07031,P_HTHAB,PT,2021-01-01,0.97,,
ESTAT:CRIM_OFF_CAT(1.0),29/04/26 11:00:00,A,ICCS07031,P_HTHAB,RO,2021-01-01,3.97,,
ESTAT:CRIM_OFF_CAT(1.0),29/04/26 11:00:00,A,ICCS07031,P_HTHAB,RS,2021-01-01,2.84,,
ESTAT:CRIM_OFF_CAT(1.0),29/04/26 11:00:00,A,ICCS07031,P_HTHAB,SE,2021-01-01,3.85,,
ESTAT:CRIM_OFF_CAT(1.0),29/04/26 11:00:00,A,ICCS07031,P_HTHAB,SI,2021-01-01,8.87,,
ESTAT:CRIM_OFF_CAT(1.0),29/04/26 11:00:00,A,ICCS07031,P_HTHAB,SK,2021-01-01,3.32,,
ESTAT:CRIM_OFF_CAT(1.0),29/04/26 11:00:00,A,ICCS07041,P_HTHAB,AL,2021-01-01,13.85,,
ESTAT:CRIM_OFF_CAT(1.0),29/04/26 11:00:00,A,ICCS07041,P_HTHAB,AT,2021-01-01,8.31,,
ESTAT:CRIM_OFF_CAT(1.0),29/04/26 11:00:00,A,ICCS07041,P_HTHAB,BE,2021-01-01,56.79,,
ESTAT:CRIM_OFF_CAT(1.0),29/04/26 11:00:00,A,ICCS07041,P_HTHAB,BG,2021-01-01,0.64,,
ESTAT:CRIM_OFF_CAT(1.0),29/04/26 11:00:00,A,ICCS07041,P_HTHAB,CH,2021-01-01,41.52,,
ESTAT:CRIM_OFF_CAT(1.0),29/04/26 11:00:00,A,ICCS07041,P_HTHAB,CZ,2021-01-01,5.37,,
ESTAT:CRIM_OFF_CAT(1.0),29/04/26 11:00:00,A,ICCS07041,P_HTHAB,DE,2021-01-01,17.78,,
ESTAT:CRIM_OFF_CAT(1.0),29/04/26 11:00:00,A,ICCS07041,P_HTHAB,DK,2021-01-01,43.78,,
ESTAT:CRIM_OFF_CAT(1.0),29/04/26 11:00:00,A,ICCS07041,P_HTHAB,EE,2021-01-01,1.35,,
ESTAT:CRIM_OFF_CAT(1.0),29/04/26 11:00:00,A,ICCS07041,P_HTHAB,EL,2021-01-01,0.75,,
ESTAT:CRIM_OFF_CAT(1.0),29/04/26 11:00:00,A,ICCS07041,P_HTHAB,ES,2021-01-01,0.72,,
ESTAT:CRIM_OFF_CAT(1.0),29/04/26 11:00:00,A,ICCS07041,P_HTHAB,FI,2021-01-01,12.74,,
ESTAT:CRIM_OFF_CAT(1.0),29/04/26 11:00:00,A,ICCS07041,P_HTHAB,FR,2021-01-01,4.01,,
ESTAT:CRIM_OFF_CAT(1.0),29/04/26 11:00:00,A,ICCS07041,P_HTHAB,HR,2021-01-01,1.29,,
ESTAT:CRIM_OFF_CAT(1.0),29/04/26 11:00:00,A,ICCS07041,P_HTHAB,HU,2021-01-01,3.61,,
ESTAT:CRIM_OFF_CAT(1.0),29/04/26 11:00:00,A,ICCS07041,P_HTHAB,IE,2021-01-01,17.7,,
ESTAT:CRIM_OFF_CAT(1.0),29/04/26 11:00:00,A,ICCS07041,P_HTHAB,IS,2021-01-01,69.96,,
ESTAT:CRIM_OFF_CAT(1.0),29/04/26 11:00:00,A,ICCS07041,P_HTHAB,IT,2021-01-01,2.85,,
ESTAT:CRIM_OFF_CAT(1.0),29/04/26 11:00:00,A,ICCS07041,P_HTHAB,LI,2021-01-01,161.31,,
ESTAT:CRIM_OFF_CAT(1.0),29/04/26 11:00:00,A,ICCS07041,P_HTHAB,LT,2021-01-01,1.5,,
ESTAT:CRIM_OFF_CAT(1.0),29/04/26 11:00:00,A,ICCS07041,P_HTHAB,LV,2021-01-01,22.29,,
ESTAT:CRIM_OFF_CAT(1.0),29/04/26 11:00:00,A,ICCS07041,P_HTHAB,ME,2021-01-01,1.61,,
ESTAT:CRIM_OFF_CAT(1.0),29/04/26 11:00:00,A,ICCS07041,P_HTHAB,MK,2021-01-01,0.29,,
ESTAT:CRIM_OFF_CAT(1.0),29/04/26 11:00:00,A,ICCS07041,P_HTHAB,MT,2021-01-01,34.88,,
ESTAT:CRIM_OFF_CAT(1.0),29/04/26 11:00:00,A,ICCS07041,P_HTHAB,NL,2021-01-01,14.16,,
ESTAT:CRIM_OFF_CAT(1.0),29/04/26 11:00:00,A,ICCS07041,P_HTHAB,NO,2021-01-01,3.41,,
ESTAT:CRIM_OFF_CAT(1.0),29/04/26 11:00:00,A,ICCS07041,P_HTHAB,PL,2021-01-01,2.24,,
ESTAT:CRIM_OFF_CAT(1.0),29/04/26 11:00:00,A,ICCS07041,P_HTHAB,PT,2021-01-01,0.5,,
ESTAT:CRIM_OFF_CAT(1.0),29/04/26 11:00:00,A,ICCS07041,P_HTHAB,RO,2021-01-01,1.35,,
ESTAT:CRIM_OFF_CAT(1.0),29/04/26 11:00:00,A,ICCS07041,P_HTHAB,RS,2021-01-01,3.29,,
ESTAT:CRIM_OFF_CAT(1.0),29/04/26 11:00:00,A,ICCS07041,P_HTHAB,SE,2021-01-01,101.49,,
ESTAT:CRIM_OFF_CAT(1.0),29/04/26 11:00:00,A,ICCS07041,P_HTHAB,SI,2021-01-01,2.84,,
ESTAT:CRIM_OFF_CAT(1.0),29/04/26 11:00:00,A,ICCS07041,P_HTHAB,SK,2021-01-01,1.5,,
ESTAT:CRIM_OFF_CAT(1.0),29/04/26 11:00:00,A,ICCS09051,P_HTHAB,AL,2021-01-01,0.95,,
ESTAT:CRIM_OFF_CAT(1.0),29/04/26 11:00:00,A,ICCS09051,P_HTHAB,AT,2021-01-01,1.01,,
ESTAT:CRIM_OFF_CAT(1.0),29/04/26 11:00:00,A,ICCS09051,P_HTHAB,BE,2021-01-01,5.63,,
ESTAT:CRIM_OFF_CAT(1.0),29/04/26 11:00:00,A,ICCS09051,P_HTHAB,BG,2021-01-01,0.95,,
ESTAT:CRIM_OFF_CAT(1.0),29/04/26 11:00:00,A,ICCS09051,P_HTHAB,CH,2021-01-01,0.24,,
ESTAT:CRIM_OFF_CAT(1.0),29/04/26 11:00:00,A,ICCS09051,P_HTHAB,CY,2021-01-01,0.0,,
ESTAT:CRIM_OFF_CAT(1.0),29/04/26 11:00:00,A,ICCS09051,P_HTHAB,CZ,2021-01-01,0.21,,
ESTAT:CRIM_OFF_CAT(1.0),29/04/26 11:00:00,A,ICCS09051,P_HTHAB,DE,2021-01-01,0.84,,
ESTAT:CRIM_OFF_CAT(1.0),29/04/26 11:00:00,A,ICCS09051,P_HTHAB,EE,2021-01-01,0.08,,
ESTAT:CRIM_OFF_CAT(1.0),29/04/26 11:00:00,A,ICCS09051,P_HTHAB,EL,2021-01-01,3.35,,
ESTAT:CRIM_OFF_CAT(1.0),29/04/26 11:00:00,A,ICCS09051,P_HTHAB,ES,2021-01-01,3.52,,
ESTAT:CRIM_OFF_CAT(1.0),29/04/26 11:00:00,A,ICCS09051,P_HTHAB,FI,2021-01-01,0.05,,
ESTAT:CRIM_OFF_CAT(1.0),29/04/26 11:00:00,A,ICCS09051,P_HTHAB,FR,2021-01-01,3.21,,
ESTAT:CRIM_OFF_CAT(1.0),29/04/26 11:00:00,A,ICCS09051,P_HTHAB,HR,2021-01-01,0.5,,
ESTAT:CRIM_OFF_CAT(1.0),29/04/26 11:00:00,A,ICCS09051,P_HTHAB,IT,2021-01-01,1.19,,
ESTAT:CRIM_OFF_CAT(1.0),29/04/26 11:00:00,A,ICCS09051,P_HTHAB,LT,2021-01-01,0.18,,
ESTAT:CRIM_OFF_CAT(1.0),29/04/26 11:00:00,A,ICCS09051,P_HTHAB,LU,2021-01-01,9.61,,
ESTAT:CRIM_OFF_CAT(1.0),29/04/26 11:00:00,A,ICCS09051,P_HTHAB,ME,2021-01-01,8.05,,
ESTAT:CRIM_OFF_CAT(1.0),29/04/26 11:00:00,A,ICCS09051,P_HTHAB,MT,2021-01-01,0.0,,
ESTAT:CRIM_OFF_CAT(1.0),29/04/26 11:00:00,A,ICCS09051,P_HTHAB,PL,2021-01-01,2.37,,
ESTAT:CRIM_OFF_CAT(1.0),29/04/26 11:00:00,A,ICCS09051,P_HTHAB,PT,2021-01-01,0.03,,
ESTAT:CRIM_OFF_CAT(1.0),29/04/26 11:00:00,A,ICCS09051,P_HTHAB,RO,2021-01-01,3.07,,
ESTAT:CRIM_OFF_CAT(1.0),29/04/26 11:00:00,A,ICCS09051,P_HTHAB,SI,2021-01-01,0.19,,
ESTAT:CRIM_OFF_CAT(1.0),29/04/26 11:00:00,A,ICCS09051,P_HTHAB,SK,2021-01-01,0.26,,
ESTAT:CRIM_OFF_CAT(1.0),29/04/26 11:00:00,A,ICCS0703,P_HTHAB,AL,2022-01-01,42.24,,
ESTAT:CRIM_OFF_CAT(1.0),29/04/26 11:00:00,A,ICCS0703,P_HTHAB,AT,2022-01-01,34.36,,
ESTAT:CRIM_OFF_CAT(1.0),29/04/26 11:00:00,A,ICCS0703,P_HTHAB,BE,2022-01-01,45.84,,
ESTAT:CRIM_OFF_CAT(1.0),29/04/26 11:00:00,A,ICCS0703,P_HTHAB,BG,2022-01-01,7.81,,
ESTAT:CRIM_OFF_CAT(1.0),29/04/26 11:00:00,A,ICCS0703,P_HTHAB,CH,2022-01-01,0.65,,
ESTAT:CRIM_OFF_CAT(1.0),29/04/26 11:00:00,A,ICCS0703,P_HTHAB,CY,2022-01-01,2.65,,
ESTAT:CRIM_OFF_CAT(1.0),29/04/26 11:00:00,A,ICCS0703,P_HTHAB,CZ,2022-01-01,15.31,,
ESTAT:CRIM_OFF_CAT(1.0),29/04/26 11:00:00,A,ICCS0703,P_HTHAB,DE,2022-01-01,7.81,,
ESTAT:CRIM_OFF_CAT(1.0),29/04/26 11:00:00,A,ICCS0703,P_HTHAB,DK,2022-01-01,59.27,,
ESTAT:CRIM_OFF_CAT(1.0),29/04/26 11:00:00,A,ICCS0703,P_HTHAB,EE,2022-01-01,12.39,,
ESTAT:CRIM_OFF_CAT(1.0),29/04/26 11:00:00,A,ICCS0703,P_HTHAB,EL,2022-01-01,6.23,,
ESTAT:CRIM_OFF_CAT(1.0),29/04/26 11:00:00,A,ICCS0703,P_HTHAB,ES,2022-01-01,3.19,,
ESTAT:CRIM_OFF_CAT(1.0),29/04/26 11:00:00,A,ICCS0703,P_HTHAB,FI,2022-01-01,77.74,,
ESTAT:CRIM_OFF_CAT(1.0),29/04/26 11:00:00,A,ICCS0703,P_HTHAB,FR,2022-01-01,3.69,,
ESTAT:CRIM_OFF_CAT(1.0),29/04/26 11:00:00,A,ICCS0703,P_HTHAB,HR,2022-01-01,30.73,,
ESTAT:CRIM_OFF_CAT(1.0),29/04/26 11:00:00,A,ICCS0703,P_HTHAB,HU,2022-01-01,11.47,,
ESTAT:CRIM_OFF_CAT(1.0),29/04/26 11:00:00,A,ICCS0703,P_HTHAB,IE,2022-01-01,0.17,,
ESTAT:CRIM_OFF_CAT(1.0),29/04/26 11:00:00,A,ICCS0703,P_HTHAB,IT,2022-01-01,6.22,,
ESTAT:CRIM_OFF_CAT(1.0),29/04/26 11:00:00,A,ICCS0703,P_HTHAB,LI,2022-01-01,27.98,,
ESTAT:CRIM_OFF_CAT(1.0),29/04/26 11:00:00,A,ICCS0703,P_HTHAB,LT,2022-01-01,18.71,,
ESTAT:CRIM_OFF_CAT(1.0),29/04/26 11:00:00,A,ICCS0703,P_HTHAB,LU,2022-01-01,0.0,,
ESTAT:CRIM_OFF_CAT(1.0),29/04/26 11:00:00,A,ICCS0703,P_HTHAB,LV,2022-01-01,10.4,,
ESTAT:CRIM_OFF_CAT(1.0),29/04/26 11:00:00,A,ICCS0703,P_HTHAB,ME,2022-01-01,54.4,,
ESTAT:CRIM_OFF_CAT(1.0),29/04/26 11:00:00,A,ICCS0703,P_HTHAB,MK,2022-01-01,0.87,,
ESTAT:CRIM_OFF_CAT(1.0),29/04/26 11:00:00,A,ICCS0703,P_HTHAB,MT,2022-01-01,4.41,,
ESTAT:CRIM_OFF_CAT(1.0),29/04/26 11:00:00,A,ICCS0703,P_HTHAB,NL,2022-01-01,30.98,,
ESTAT:CRIM_OFF_CAT(1.0),29/04/26 11:00:00,A,ICCS0703,P_HTHAB,NO,2022-01-01,0.76,,
ESTAT:CRIM_OFF_CAT(1.0),29/04/26 11:00:00,A,ICCS0703,P_HTHAB,PL,2022-01-01,14.27,,
ESTAT:CRIM_OFF_CAT(1.0),29/04/26 11:00:00,A,ICCS0703,P_HTHAB,PT,2022-01-01,1.69,,
ESTAT:CRIM_OFF_CAT(1.0),29/04/26 11:00:00,A,ICCS0703,P_HTHAB,RO,2022-01-01,20.66,,
ESTAT:CRIM_OFF_CAT(1.0),29/04/26 11:00:00,A,ICCS0703,P_HTHAB,RS,2022-01-01,14.73,,
ESTAT:CRIM_OFF_CAT(1.0),29/04/26 11:00:00,A,ICCS0703,P_HTHAB,SE,2022-01-01,186.47,,
ESTAT:CRIM_OFF_CAT(1.0),29/04/26 11:00:00,A,ICCS0703,P_HTHAB,SI,2022-01-01,29.76,,
ESTAT:CRIM_OFF_CAT(1.0),29/04/26 11:00:00,A,ICCS0703,P_HTHAB,SK,2022-01-01,2.52,,
ESTAT:CRIM_OFF_CAT(1.0),29/04/26 11:00:00,A,ICCS07031,P_HTHAB,AL,2022-01-01,17.68,,
ESTAT:CRIM_OFF_CAT(1.0),29/04/26 11:00:00,A,ICCS07031,P_HTHAB,AT,2022-01-01,1.65,,
ESTAT:CRIM_OFF_CAT(1.0),29/04/26 11:00:00,A,ICCS07031,P_HTHAB,BE,2022-01-01,0.9,,
ESTAT:CRIM_OFF_CAT(1.0),29/04/26 11:00:00,A,ICCS07031,P_HTHAB,BG,2022-01-01,1.54,,
ESTAT:CRIM_OFF_CAT(1.0),29/04/26 11:00:00,A,ICCS07031,P_HTHAB,CH,2022-01-01,0.65,,
ESTAT:CRIM_OFF_CAT(1.0),29/04/26 11:00:00,A,ICCS07031,P_HTHAB,CY,2022-01-01,2.54,,
ESTAT:CRIM_OFF_CAT(1.0),29/04/26 11:00:00,A,ICCS07031,P_HTHAB,CZ,2022-01-01,1.71,,
ESTAT:CRIM_OFF_CAT(1.0),29/04/26 11:00:00,A,ICCS07031,P_HTHAB,DE,2022-01-01,1.36,,
ESTAT:CRIM_OFF_CAT(1.0),29/04/26 11:00:00,A,ICCS07031,P_HTHAB,DK,2022-01-01,0.17,,
ESTAT:CRIM_OFF_CAT(1.0),29/04/26 11:00:00,A,ICCS07031,P_HTHAB,EE,2022-01-01,8.11,,
ESTAT:CRIM_OFF_CAT(1.0),29/04/26 11:00:00,A,ICCS07031,P_HTHAB,EL,2022-01-01,1.25,,
ESTAT:CRIM_OFF_CAT(1.0),29/04/26 11:00:00,A,ICCS07031,P_HTHAB,ES,2022-01-01,0.37,,
ESTAT:CRIM_OFF_CAT(1.0),29/04/26 11:00:00,A,ICCS07031,P_HTHAB,FI,2022-01-01,0.41,,
ESTAT:CRIM_OFF_CAT(1.0),29/04/26 11:00:00,A,ICCS07031,P_HTHAB,FR,2022-01-01,0.35,,
ESTAT:CRIM_OFF_CAT(1.0),29/04/26 11:00:00,A,ICCS07031,P_HTHAB,HR,2022-01-01,8.85,,
ESTAT:CRIM_OFF_CAT(1.0),29/04/26 11:00:00,A,ICCS07031,P_HTHAB,HU,2022-01-01,8.44,,
ESTAT:CRIM_OFF_CAT(1.0),29/04/26 11:00:00,A,ICCS07031,P_HTHAB,IT,2022-01-01,0.6,,
ESTAT:CRIM_OFF_CAT(1.0),29/04/26 11:00:00,A,ICCS07031,P_HTHAB,LT,2022-01-01,12.01,,
ESTAT:CRIM_OFF_CAT(1.0),29/04/26 11:00:00,A,ICCS07031,P_HTHAB,LU,2022-01-01,0.0,,
ESTAT:CRIM_OFF_CAT(1.0),29/04/26 11:00:00,A,ICCS07031,P_HTHAB,LV,2022-01-01,8.0,,
ESTAT:CRIM_OFF_CAT(1.0),29/04/26 11:00:00,A,ICCS07031,P_HTHAB,ME,2022-01-01,1.94,,
ESTAT:CRIM_OFF_CAT(1.0),29/04/26 11:00:00,A,ICCS07031,P_HTHAB,MK,2022-01-01,0.87,,
ESTAT:CRIM_OFF_CAT(1.0),29/04/26 11:00:00,A,ICCS07031,P_HTHAB,MT,2022-01-01,0.96,,
ESTAT:CRIM_OFF_CAT(1.0),29/04/26 11:00:00,A,ICCS07031,P_HTHAB,PL,2022-01-01,8.16,,
ESTAT:CRIM_OFF_CAT(1.0),29/04/26 11:00:00,A,ICCS07031,P_HTHAB,PT,2022-01-01,0.54,,
ESTAT:CRIM_OFF_CAT(1.0),29/04/26 11:00:00,A,ICCS07031,P_HTHAB,RO,2022-01-01,2.25,,
ESTAT:CRIM_OFF_CAT(1.0),29/04/26 11:00:00,A,ICCS07031,P_HTHAB,RS,2022-01-01,2.13,,
ESTAT:CRIM_OFF_CAT(1.0),29/04/26 11:00:00,A,ICCS07031,P_HTHAB,SE,2022-01-01,1.66,,
ESTAT:CRIM_OFF_CAT(1.0),29/04/26 11:00:00,A,ICCS07031,P_HTHAB,SI,2022-01-01,9.06,,
ESTAT:CRIM_OFF_CAT(1.0),29/04/26 11:00:00,A,ICCS07031,P_HTHAB,SK,2022-01-01,2.24,,
ESTAT:CRIM_OFF_CAT(1.0),29/04/26 11:00:00,A,ICCS07041,P_HTHAB,AL,2022-01-01,17.0,,
ESTAT:CRIM_OFF_CAT(1.0),29/04/26 11:00:00,A,ICCS07041,P_HTHAB,AT,2022-01-01,8.41,,
ESTAT:CRIM_OFF_CAT(1.0),29/04/26 11:00:00,A,ICCS07041,P_HTHAB,BE,2022-01-01,41.01,,
ESTAT:CRIM_OFF_CAT(1.0),29/04/26 11:00:00,A,ICCS07041,P_HTHAB,BG,2022-01-01,0.6,,
ESTAT:CRIM_OFF_CAT(1.0),29/04/26 11:00:00,A,ICCS07041,P_HTHAB,CH,2022-01-01,42.92,,
ESTAT:CRIM_OFF_CAT(1.0),29/04/26 11:00:00,A,ICCS07041,P_HTHAB,CZ,2022-01-01,6.57,,
ESTAT:CRIM_OFF_CAT(1.0),29/04/26 11:00:00,A,ICCS07041,P_HTHAB,DE,2022-01-01,27.17,,
ESTAT:CRIM_OFF_CAT(1.0),29/04/26 11:00:00,A,ICCS07041,P_HTHAB,DK,2022-01-01,100.5,,
ESTAT:CRIM_OFF_CAT(1.0),29/04/26 11:00:00,A,ICCS07041,P_HTHAB,EE,2022-01-01,1.5,,
ESTAT:CRIM_OFF_CAT(1.0),29/04/26 11:00:00,A,ICCS07041,P_HTHAB,EL,2022-01-01,1.18,,
ESTAT:CRIM_OFF_CAT(1.0),29/04/26 11:00:00,A,ICCS07041,P_HTHAB,ES,2022-01-01,0.87,,
ESTAT:CRIM_OFF_CAT(1.0),29/04/26 11:00:00,A,ICCS07041,P_HTHAB,FI,2022-01-01,16.74,,
ESTAT:CRIM_OFF_CAT(1.0),29/04/26 11:00:00,A,ICCS07041,P_HTHAB,FR,2022-01-01,4.26,,
ESTAT:CRIM_OFF_CAT(1.0),29/04/26 11:00:00,A,ICCS07041,P_HTHAB,HR,2022-01-01,2.05,,
ESTAT:CRIM_OFF_CAT(1.0),29/04/26 11:00:00,A,ICCS07041,P_HTHAB,HU,2022-01-01,5.5,,
ESTAT:CRIM_OFF_CAT(1.0),29/04/26 11:00:00,A,ICCS07041,P_HTHAB,IE,2022-01-01,12.34,,
ESTAT:CRIM_OFF_CAT(1.0),29/04/26 11:00:00,A,ICCS07041,P_HTHAB,IS,2022-01-01,41.46,,
ESTAT:CRIM_OFF_CAT(1.0),29/04/26 11:00:00,A,ICCS07041,P_HTHAB,IT,2022-01-01,2.64,,
ESTAT:CRIM_OFF_CAT(1.0),29/04/26 11:00:00,A,ICCS07041,P_HTHAB,LI,2022-01-01,178.08,,
ESTAT:CRIM_OFF_CAT(1.0),29/04/26 11:00:00,A,ICCS07041,P_HTHAB,LT,2022-01-01,1.35,,
ESTAT:CRIM_OFF_CAT(1.0),29/04/26 11:00:00,A,ICCS07041,P_HTHAB,LV,2022-01-01,24.68,,
ESTAT:CRIM_OFF_CAT(1.0),29/04/26 11:00:00,A,ICCS07041,P_HTHAB,ME,2022-01-01,0.32,,
ESTAT:CRIM_OFF_CAT(1.0),29/04/26 11:00:00,A,ICCS07041,P_HTHAB,MK,2022-01-01,0.05,,
ESTAT:CRIM_OFF_CAT(1.0),29/04/26 11:00:00,A,ICCS07041,P_HTHAB,MT,2022-01-01,24.95,,
ESTAT:CRIM_OFF_CAT(1.0),29/04/26 11:00:00,A,ICCS07041,P_HTHAB,NL,2022-01-01,8.75,,
ESTAT:CRIM_OFF_CAT(1.0),29/04/26 11:00:00,A,ICCS07041,P_HTHAB,NO,2022-01-01,3.47,,
ESTAT:CRIM_OFF_CAT(1.0),29/04/26 11:00:00,A,ICCS07041,P_HTHAB,PL,2022-01-01,2.8,,
ESTAT:CRIM_OFF_CAT(1.0),29/04/26 11:00:00,A,ICCS07041,P_HTHAB,PT,2022-01-01,0.47,,
ESTAT:CRIM_OFF_CAT(1.0),29/04/26 11:00:00,A,ICCS07041,P_HTHAB,RO,2022-01-01,1.7,,
ESTAT:CRIM_OFF_CAT(1.0),29/04/26 11:00:00,A,ICCS07041,P_HTHAB,RS,2022-01-01,2.68,,
ESTAT:CRIM_OFF_CAT(1.0),29/04/26 11:00:00,A,ICCS07041,P_HTHAB,SE,2022-01-01,143.11,,
ESTAT:CRIM_OFF_CAT(1.0),29/04/26 11:00:00,A,ICCS07041,P_HTHAB,SI,2022-01-01,4.41,,
ESTAT:CRIM_OFF_CAT(1.0),29/04/26 11:00:00,A,ICCS07041,P_HTHAB,SK,2022-01-01,2.32,,
ESTAT:CRIM_OFF_CAT(1.0),29/04/26 11:00:00,A,ICCS09051,P_HTHAB,AL,2022-01-01,1.36,,
ESTAT:CRIM_OFF_CAT(1.0),29/04/26 11:00:00,A,ICCS09051,P_HTHAB,AT,2022-01-01,0.98,,
ESTAT:CRIM_OFF_CAT(1.0),29/04/26 11:00:00,A,ICCS09051,P_HTHAB,BE,2022-01-01,3.31,,
ESTAT:CRIM_OFF_CAT(1.0),29/04/26 11:00:00,A,ICCS09051,P_HTHAB,BG,2022-01-01,0.72,,
ESTAT:CRIM_OFF_CAT(1.0),29/04/26 11:00:00,A,ICCS09051,P_HTHAB,CH,2022-01-01,0.29,,
ESTAT:CRIM_OFF_CAT(1.0),29/04/26 11:00:00,A,ICCS09051,P_HTHAB,CY,2022-01-01,0.0,,
ESTAT:CRIM_OFF_CAT(1.0),29/04/26 11:00:00,A,ICCS09051,P_HTHAB,CZ,2022-01-01,0.21,,
ESTAT:CRIM_OFF_CAT(1.0),29/04/26 11:00:00,A,ICCS09051,P_HTHAB,DE,2022-01-01,0.77,,
ESTAT:CRIM_OFF_CAT(1.0),29/04/26 11:00:00,A,ICCS09051,P_HTHAB,EE,2022-01-01,0.15,,
ESTAT:CRIM_OFF_CAT(1.0),29/04/26 11:00:00,A,ICCS09051,P_HTHAB,EL,2022-01-01,3.27,,
ESTAT:CRIM_OFF_CAT(1.0),29/04/26 11:00:00,A,ICCS09051,P_HTHAB,ES,2022-01-01,4.29,,
ESTAT:CRIM_OFF_CAT(1.0),29/04/26 11:00:00,A,ICCS09051,P_HTHAB,FI,2022-01-01,0.05,,
ESTAT:CRIM_OFF_CAT(1.0),29/04/26 11:00:00,A,ICCS09051,P_HTHAB,FR,2022-01-01,3.09,,
ESTAT:CRIM_OFF_CAT(1.0),29/04/26 11:00:00,A,ICCS09051,P_HTHAB,HR,2022-01-01,0.93,,
ESTAT:CRIM_OFF_CAT(1.0),29/04/26 11:00:00,A,ICCS09051,P_HTHAB,IT,2022-01-01,0.75,,
ESTAT:CRIM_OFF_CAT(1.0),29/04/26 11:00:00,A,ICCS09051,P_HTHAB,LT,2022-01-01,0.21,,
ESTAT:CRIM_OFF_CAT(1.0),29/04/26 11:00:00,A,ICCS09051,P_HTHAB,LU,2022-01-01,10.85,,
ESTAT:CRIM_OFF_CAT(1.0),29/04/26 11:00:00,A,ICCS09051,P_HTHAB,ME,2022-01-01,4.05,,
ESTAT:CRIM_OFF_CAT(1.0),29/04/26 11:00:00,A,ICCS09051,P_HTHAB,MT,2022-01-01,0.0,,
ESTAT:CRIM_OFF_CAT(1.0),29/04/26 11:00:00,A,ICCS09051,P_HTHAB,PL,2022-01-01,2.88,,
ESTAT:CRIM_OFF_CAT(1.0),29/04/26 11:00:00,A,ICCS09051,P_HTHAB,PT,2022-01-01,0.06,,
ESTAT:CRIM_OFF_CAT(1.0),29/04/26 11:00:00,A,ICCS09051,P_HTHAB,RO,2022-01-01,2.71,,
ESTAT:CRIM_OFF_CAT(1.0),29/04/26 11:00:00,A,ICCS09051,P_HTHAB,SI,2022-01-01,0.0,,
ESTAT:CRIM_OFF_CAT(1.0),29/04/26 11:00:00,A,ICCS09051,P_HTHAB,SK,2022-01-01,0.15,,
ESTAT:CRIM_OFF_CAT(1.0),29/04/26 11:00:00,A,ICCS0703,P_HTHAB,AL,2023-01-01,30.89,,
ESTAT:CRIM_OFF_CAT(1.0),29/04/26 11:00:00,A,ICCS0703,P_HTHAB,AT,2023-01-01,49.46,,
ESTAT:CRIM_OFF_CAT(1.0),29/04/26 11:00:00,A,ICCS0703,P_HTHAB,BE,2023-01-01,44.68,,
ESTAT:CRIM_OFF_CAT(1.0),29/04/26 11:00:00,A,ICCS0703,P_HTHAB,BG,2023-01-01,8.87,,
ESTAT:CRIM_OFF_CAT(1.0),29/04/26 11:00:00,A,ICCS0703,P_HTHAB,CH,2023-01-01,0.34,,
ESTAT:CRIM_OFF_CAT(1.0),29/04/26 11:00:00,A,ICCS0703,P_HTHAB,CY,2023-01-01,0.74,,
ESTAT:CRIM_OFF_CAT(1.0),29/04/26 11:00:00,A,ICCS0703,P_HTHAB,CZ,2023-01-01,14.6,,
ESTAT:CRIM_OFF_CAT(1.0),29/04/26 11:00:00,A,ICCS0703,P_HTHAB,DE,2023-01-01,8.92,,
ESTAT:CRIM_OFF_CAT(1.0),29/04/26 11:00:00,A,ICCS0703,P_HTHAB,DK,2023-01-01,120.87,,
ESTAT:CRIM_OFF_CAT(1.0),29/04/26 11:00:00,A,ICCS0703,P_HTHAB,EE,2023-01-01,5.2,,
ESTAT:CRIM_OFF_CAT(1.0),29/04/26 11:00:00,A,ICCS0703,P_HTHAB,EL,2023-01-01,6.01,,
ESTAT:CRIM_OFF_CAT(1.0),29/04/26 11:00:00,A,ICCS0703,P_HTHAB,ES,2023-01-01,2.47,,
ESTAT:CRIM_OFF_CAT(1.0),29/04/26 11:00:00,A,ICCS0703,P_HTHAB,FI,2023-01-01,87.17,,
ESTAT:CRIM_OFF_CAT(1.0),29/04/26 11:00:00,A,ICCS0703,P_HTHAB,FR,2023-01-01,3.78,,
ESTAT:CRIM_OFF_CAT(1.0),29/04/26 11:00:00,A,ICCS0703,P_HTHAB,HR,2023-01-01,22.38,,
ESTAT:CRIM_OFF_CAT(1.0),29/04/26 11:00:00,A,ICCS0703,P_HTHAB,HU,2023-01-01,22.05,,
ESTAT:CRIM_OFF_CAT(1.0),29/04/26 11:00:00,A,ICCS0703,P_HTHAB,IE,2023-01-01,0.04,,
ESTAT:CRIM_OFF_CAT(1.0),29/04/26 11:00:00,A,ICCS0703,P_HTHAB,IT,2023-01-01,4.68,,
ESTAT:CRIM_OFF_CAT(1.0),29/04/26 11:00:00,A,ICCS0703,P_HTHAB,LI,2023-01-01,32.76,,
ESTAT:CRIM_OFF_CAT(1.0),29/04/26 11:00:00,A,ICCS0703,P_HTHAB,LT,2023-01-01,11.51,,
ESTAT:CRIM_OFF_CAT(1.0),29/04/26 11:00:00,A,ICCS0703,P_HTHAB,LU,2023-01-01,0.61,,
ESTAT:CRIM_OFF_CAT(1.0),29/04/26 11:00:00,A,ICCS0703,P_HTHAB,LV,2023-01-01,8.34,,
ESTAT:CRIM_OFF_CAT(1.0),29/04/26 11:00:00,A,ICCS0703,P_HTHAB,ME,2023-01-01,16.86,,
ESTAT:CRIM_OFF_CAT(1.0),29/04/26 11:00:00,A,ICCS0703,P_HTHAB,MK,2023-01-01,1.2,,
ESTAT:CRIM_OFF_CAT(1.0),29/04/26 11:00:00,A,ICCS0703,P_HTHAB,MT,2023-01-01,14.21,,
ESTAT:CRIM_OFF_CAT(1.0),29/04/26 11:00:00,A,ICCS0703,P_HTHAB,NL,2023-01-01,30.65,,
ESTAT:CRIM_OFF_CAT(1.0),29/04/26 11:00:00,A,ICCS0703,P_HTHAB,NO,2023-01-01,0.51,,
ESTAT:CRIM_OFF_CAT(1.0),29/04/26 11:00:00,A,ICCS0703,P_HTHAB,PL,2023-01-01,9.33,,
ESTAT:CRIM_OFF_CAT(1.0),29/04/26 11:00:00,A,ICCS0703,P_HTHAB,PT,2023-01-01,2.12,,
ESTAT:CRIM_OFF_CAT(1.0),29/04/26 11:00:00,A,ICCS0703,P_HTHAB,RO,2023-01-01,17.04,,
ESTAT:CRIM_OFF_CAT(1.0),29/04/26 11:00:00,A,ICCS0703,P_HTHAB,RS,2023-01-01,10.56,,
ESTAT:CRIM_OFF_CAT(1.0),29/04/26 11:00:00,A,ICCS0703,P_HTHAB,SE,2023-01-01,197.54,,
ESTAT:CRIM_OFF_CAT(1.0),29/04/26 11:00:00,A,ICCS0703,P_HTHAB,SI,2023-01-01,10.06,,
ESTAT:CRIM_OFF_CAT(1.0),29/04/26 11:00:00,A,ICCS0703,P_HTHAB,SK,2023-01-01,1.51,,
ESTAT:CRIM_OFF_CAT(1.0),29/04/26 11:00:00,A,ICCS07031,P_HTHAB,AL,2023-01-01,10.54,,
ESTAT:CRIM_OFF_CAT(1.0),29/04/26 11:00:00,A,ICCS07031,P_HTHAB,AT,2023-01-01,13.51,,
ESTAT:CRIM_OFF_CAT(1.0),29/04/26 11:00:00,A,ICCS07031,P_HTHAB,BE,2023-01-01,0.89,,
ESTAT:CRIM_OFF_CAT(1.0),29/04/26 11:00:00,A,ICCS07031,P_HTHAB,BG,2023-01-01,1.52,,
ESTAT:CRIM_OFF_CAT(1.0),29/04/26 11:00:00,A,ICCS07031,P_HTHAB,CH,2023-01-01,0.33,,
ESTAT:CRIM_OFF_CAT(1.0),29/04/26 11:00:00,A,ICCS07031,P_HTHAB,CY,2023-01-01,0.63,,
ESTAT:CRIM_OFF_CAT(1.0),29/04/26 11:00:00,A,ICCS07031,P_HTHAB,CZ,2023-01-01,1.26,,
ESTAT:CRIM_OFF_CAT(1.0),29/04/26 11:00:00,A,ICCS07031,P_HTHAB,DE,2023-01-01,1.76,,
ESTAT:CRIM_OFF_CAT(1.0),29/04/26 11:00:00,A,ICCS07031,P_HTHAB,DK,2023-01-01,2.41,,
ESTAT:CRIM_OFF_CAT(1.0),29/04/26 11:00:00,A,ICCS07031,P_HTHAB,EE,2023-01-01,1.83,,
ESTAT:CRIM_OFF_CAT(1.0),29/04/26 11:00:00,A,ICCS07031,P_HTHAB,EL,2023-01-01,1.41,,
ESTAT:CRIM_OFF_CAT(1.0),29/04/26 11:00:00,A,ICCS07031,P_HTHAB,ES,2023-01-01,0.18,,
ESTAT:CRIM_OFF_CAT(1.0),29/04/26 11:00:00,A,ICCS07031,P_HTHAB,FI,2023-01-01,0.22,,
ESTAT:CRIM_OFF_CAT(1.0),29/04/26 11:00:00,A,ICCS07031,P_HTHAB,FR,2023-01-01,0.42,,
ESTAT:CRIM_OFF_CAT(1.0),29/04/26 11:00:00,A,ICCS07031,P_HTHAB,HR,2023-01-01,2.99,,
ESTAT:CRIM_OFF_CAT(1.0),29/04/26 11:00:00,A,ICCS07031,P_HTHAB,HU,2023-01-01,11.23,,
ESTAT:CRIM_OFF_CAT(1.0),29/04/26 11:00:00,A,ICCS07031,P_HTHAB,IT,2023-01-01,0.41,,
ESTAT:CRIM_OFF_CAT(1.0),29/04/26 11:00:00,A,ICCS07031,P_HTHAB,LT,2023-01-01,5.67,,
ESTAT:CRIM_OFF_CAT(1.0),29/04/26 11:00:00,A,ICCS07031,P_HTHAB,LU,2023-01-01,0.61,,
ESTAT:CRIM_OFF_CAT(1.0),29/04/26 11:00:00,A,ICCS07031,P_HTHAB,LV,2023-01-01,4.94,,
ESTAT:CRIM_OFF_CAT(1.0),29/04/26 11:00:00,A,ICCS07031,P_HTHAB,ME,2023-01-01,1.46,,
ESTAT:CRIM_OFF_CAT(1.0),29/04/26 11:00:00,A,ICCS07031,P_HTHAB,MK,2023-01-01,1.2,,
ESTAT:CRIM_OFF_CAT(1.0),29/04/26 11:00:00,A,ICCS07031,P_HTHAB,MT,2023-01-01,0.74,,
ESTAT:CRIM_OFF_CAT(1.0),29/04/26 11:00:00,A,ICCS07031,P_HTHAB,PL,2023-01-01,7.82,,
ESTAT:CRIM_OFF_CAT(1.0),29/04/26 11:00:00,A,ICCS07031,P_HTHAB,PT,2023-01-01,0.68,,
ESTAT:CRIM_OFF_CAT(1.0),29/04/26 11:00:00,A,ICCS07031,P_HTHAB,RO,2023-01-01,1.76,,
ESTAT:CRIM_OFF_CAT(1.0),29/04/26 11:00:00,A,ICCS07031,P_HTHAB,RS,2023-01-01,1.69,,
ESTAT:CRIM_OFF_CAT(1.0),29/04/26 11:00:00,A,ICCS07031,P_HTHAB,SE,2023-01-01,2.56,,
ESTAT:CRIM_OFF_CAT(1.0),29/04/26 11:00:00,A,ICCS07031,P_HTHAB,SI,2023-01-01,4.96,,
ESTAT:CRIM_OFF_CAT(1.0),29/04/26 11:00:00,A,ICCS07031,P_HTHAB,SK,2023-01-01,1.4,,
ESTAT:CRIM_OFF_CAT(1.0),29/04/26 11:00:00,A,ICCS07041,P_HTHAB,AL,2023-01-01,14.01,,
ESTAT:CRIM_OFF_CAT(1.0),29/04/26 11:00:00,A,ICCS07041,P_HTHAB,AT,2023-01-01,9.63,,
ESTAT:CRIM_OFF_CAT(1.0),29/04/26 11:00:00,A,ICCS07041,P_HTHAB,BE,2023-01-01,43.26,,
ESTAT:CRIM_OFF_CAT(1.0),29/04/26 11:00:00,A,ICCS07041,P_HTHAB,BG,2023-01-01,0.65,,
ESTAT:CRIM_OFF_CAT(1.0),29/04/26 11:00:00,A,ICCS07041,P_HTHAB,CH,2023-01-01,53.3,,
ESTAT:CRIM_OFF_CAT(1.0),29/04/26 11:00:00,A,ICCS07041,P_HTHAB,CZ,2023-01-01,9.83,,
ESTAT:CRIM_OFF_CAT(1.0),29/04/26 11:00:00,A,ICCS07041,P_HTHAB,DE,2023-01-01,39.19,,
ESTAT:CRIM_OFF_CAT(1.0),29/04/26 11:00:00,A,ICCS07041,P_HTHAB,DK,2023-01-01,66.58,,
ESTAT:CRIM_OFF_CAT(1.0),29/04/26 11:00:00,A,ICCS07041,P_HTHAB,EE,2023-01-01,1.17,,
ESTAT:CRIM_OFF_CAT(1.0),29/04/26 11:00:00,A,ICCS07041,P_HTHAB,EL,2023-01-01,1.39,,
ESTAT:CRIM_OFF_CAT(1.0),29/04/26 11:00:00,A,ICCS07041,P_HTHAB,ES,2023-01-01,1.07,,
ESTAT:CRIM_OFF_CAT(1.0),29/04/26 11:00:00,A,ICCS07041,P_HTHAB,FI,2023-01-01,17.99,,
ESTAT:CRIM_OFF_CAT(1.0),29/04/26 11:00:00,A,ICCS07041,P_HTHAB,FR,2023-01-01,4.36,,
ESTAT:CRIM_OFF_CAT(1.0),29/04/26 11:00:00,A,ICCS07041,P_HTHAB,HR,2023-01-01,4.62,,
ESTAT:CRIM_OFF_CAT(1.0),29/04/26 11:00:00,A,ICCS07041,P_HTHAB,HU,2023-01-01,7.79,,
ESTAT:CRIM_OFF_CAT(1.0),29/04/26 11:00:00,A,ICCS07041,P_HTHAB,IS,2023-01-01,52.87,,
ESTAT:CRIM_OFF_CAT(1.0),29/04/26 11:00:00,A,ICCS07041,P_HTHAB,IT,2023-01-01,2.57,,
ESTAT:CRIM_OFF_CAT(1.0),29/04/26 11:00:00,A,ICCS07041,P_HTHAB,LT,2023-01-01,1.01,,
ESTAT:CRIM_OFF_CAT(1.0),29/04/26 11:00:00,A,ICCS07041,P_HTHAB,LV,2023-01-01,15.2,,
ESTAT:CRIM_OFF_CAT(1.0),29/04/26 11:00:00,A,ICCS07041,P_HTHAB,MK,2023-01-01,0.55,,
ESTAT:CRIM_OFF_CAT(1.0),29/04/26 11:00:00,A,ICCS07041,P_HTHAB,MT,2023-01-01,15.5,,
ESTAT:CRIM_OFF_CAT(1.0),29/04/26 11:00:00,A,ICCS07041,P_HTHAB,NL,2023-01-01,8.59,,
ESTAT:CRIM_OFF_CAT(1.0),29/04/26 11:00:00,A,ICCS07041,P_HTHAB,NO,2023-01-01,5.28,,
ESTAT:CRIM_OFF_CAT(1.0),29/04/26 11:00:00,A,ICCS07041,P_HTHAB,PL,2023-01-01,2.99,,
ESTAT:CRIM_OFF_CAT(1.0),29/04/26 11:00:00,A,ICCS07041,P_HTHAB,PT,2023-01-01,0.99,,
ESTAT:CRIM_OFF_CAT(1.0),29/04/26 11:00:00,A,ICCS07041,P_HTHAB,RO,2023-01-01,2.43,,
ESTAT:CRIM_OFF_CAT(1.0),29/04/26 11:00:00,A,ICCS07041,P_HTHAB,RS,2023-01-01,2.42,,
ESTAT:CRIM_OFF_CAT(1.0),29/04/26 11:00:00,A,ICCS07041,P_HTHAB,SE,2023-01-01,180.9,,
ESTAT:CRIM_OFF_CAT(1.0),29/04/26 11:00:00,A,ICCS07041,P_HTHAB,SI,2023-01-01,7.75,,
ESTAT:CRIM_OFF_CAT(1.0),29/04/26 11:00:00,A,ICCS07041,P_HTHAB,SK,2023-01-01,1.03,,
ESTAT:CRIM_OFF_CAT(1.0),29/04/26 11:00:00,A,ICCS09051,P_HTHAB,AL,2023-01-01,1.63,,
ESTAT:CRIM_OFF_CAT(1.0),29/04/26 11:00:00,A,ICCS09051,P_HTHAB,AT,2023-01-01,1.61,,
ESTAT:CRIM_OFF_CAT(1.0),29/04/26 11:00:00,A,ICCS09051,P_HTHAB,BE,2023-01-01,3.02,,
ESTAT:CRIM_OFF_CAT(1.0),29/04/26 11:00:00,A,ICCS09051,P_HTHAB,BG,2023-01-01,1.19,,
ESTAT:CRIM_OFF_CAT(1.0),29/04/26 11:00:00,A,ICCS09051,P_HTHAB,CH,2023-01-01,0.35,,
ESTAT:CRIM_OFF_CAT(1.0),29/04/26 11:00:00,A,ICCS09051,P_HTHAB,CY,2023-01-01,0.0,,
ESTAT:CRIM_OFF_CAT(1.0),29/04/26 11:00:00,A,ICCS09051,P_HTHAB,CZ,2023-01-01,0.3,,
ESTAT:CRIM_OFF_CAT(1.0),29/04/26 11:00:00,A,ICCS09051,P_HTHAB,DE,2023-01-01,0.77,,
ESTAT:CRIM_OFF_CAT(1.0),29/04/26 11:00:00,A,ICCS09051,P_HTHAB,EE,2023-01-01,0.0,,
ESTAT:CRIM_OFF_CAT(1.0),29/04/26 11:00:00,A,ICCS09051,P_HTHAB,EL,2023-01-01,4.2,,
ESTAT:CRIM_OFF_CAT(1.0),29/04/26 11:00:00,A,ICCS09051,P_HTHAB,ES,2023-01-01,4.25,,
ESTAT:CRIM_OFF_CAT(1.0),29/04/26 11:00:00,A,ICCS09051,P_HTHAB,FI,2023-01-01,0.0,,
ESTAT:CRIM_OFF_CAT(1.0),29/04/26 11:00:00,A,ICCS09051,P_HTHAB,FR,2023-01-01,4.07,,
ESTAT:CRIM_OFF_CAT(1.0),29/04/26 11:00:00,A,ICCS09051,P_HTHAB,HR,2023-01-01,0.39,,
ESTAT:CRIM_OFF_CAT(1.0),29/04/26 11:00:00,A,ICCS09051,P_HTHAB,IT,2023-01-01,0.68,,
ESTAT:CRIM_OFF_CAT(1.0),29/04/26 11:00:00,A,ICCS09051,P_HTHAB,LT,2023-01-01,0.14,,
ESTAT:CRIM_OFF_CAT(1.0),29/04/26 11:00:00,A,ICCS09051,P_HTHAB,LU,2023-01-01,15.13,,
ESTAT:CRIM_OFF_CAT(1.0),29/04/26 11:00:00,A,ICCS09051,P_HTHAB,ME,2023-01-01,18.65,,
ESTAT:CRIM_OFF_CAT(1.0),29/04/26 11:00:00,A,ICCS09051,P_HTHAB,MT,2023-01-01,0.0,,
ESTAT:CRIM_OFF_CAT(1.0),29/04/26 11:00:00,A,ICCS09051,P_HTHAB,PL,2023-01-01,2.58,,
ESTAT:CRIM_OFF_CAT(1.0),29/04/26 11:00:00,A,ICCS09051,P_HTHAB,PT,2023-01-01,0.07,,
ESTAT:CRIM_OFF_CAT(1.0),29/04/26 11:00:00,A,ICCS09051,P_HTHAB,RO,2023-01-01,2.45,,
ESTAT:CRIM_OFF_CAT(1.0),29/04/26 11:00:00,A,ICCS09051,P_HTHAB,SI,2023-01-01,0.05,,
ESTAT:CRIM_OFF_CAT(1.0),29/04/26 11:00:00,A,ICCS09051,P_HTHAB,SK,2023-01-01,0.18,,
ESTAT:CRIM_OFF_CAT(1.0),29/04/26 11:00:00,A,ICCS0703,P_HTHAB,AT,2024-01-01,58.06,,
ESTAT:CRIM_OFF_CAT(1.0),29/04/26 11:00:00,A,ICCS0703,P_HTHAB,BE,2024-01-01,38.6,,
ESTAT:CRIM_OFF_CAT(1.0),29/04/26 11:00:00,A,ICCS0703,P_HTHAB,BG,2024-01-01,8.1,,
ESTAT:CRIM_OFF_CAT(1.0),29/04/26 11:00:00,A,ICCS0703,P_HTHAB,CH,2024-01-01,0.44,,
ESTAT:CRIM_OFF_CAT(1.0),29/04/26 11:00:00,A,ICCS0703,P_HTHAB,CY,2024-01-01,1.14,,
ESTAT:CRIM_OFF_CAT(1.0),29/04/26 11:00:00,A,ICCS0703,P_HTHAB,CZ,2024-01-01,13.77,,
ESTAT:CRIM_OFF_CAT(1.0),29/04/26 11:00:00,A,ICCS0703,P_HTHAB,DE,2024-01-01,8.85,,
ESTAT:CRIM_OFF_CAT(1.0),29/04/26 11:00:00,A,ICCS0703,P_HTHAB,DK,2024-01-01,81.17,,
ESTAT:CRIM_OFF_CAT(1.0),29/04/26 11:00:00,A,ICCS0703,P_HTHAB,EE,2024-01-01,4.51,,
ESTAT:CRIM_OFF_CAT(1.0),29/04/26 11:00:00,A,ICCS0703,P_HTHAB,EL,2024-01-01,6.87,,
ESTAT:CRIM_OFF_CAT(1.0),29/04/26 11:00:00,A,ICCS0703,P_HTHAB,ES,2024-01-01,3.1,,
ESTAT:CRIM_OFF_CAT(1.0),29/04/26 11:00:00,A,ICCS0703,P_HTHAB,FI,2024-01-01,126.65,,
ESTAT:CRIM_OFF_CAT(1.0),29/04/26 11:00:00,A,ICCS0703,P_HTHAB,FR,2024-01-01,4.21,,
ESTAT:CRIM_OFF_CAT(1.0),29/04/26 11:00:00,A,ICCS0703,P_HTHAB,HR,2024-01-01,15.56,,
ESTAT:CRIM_OFF_CAT(1.0),29/04/26 11:00:00,A,ICCS0703,P_HTHAB,HU,2024-01-01,65.91,,
ESTAT:CRIM_OFF_CAT(1.0),29/04/26 11:00:00,A,ICCS0703,P_HTHAB,IE,2024-01-01,0.06,,
ESTAT:CRIM_OFF_CAT(1.0),29/04/26 11:00:00,A,ICCS0703,P_HTHAB,IT,2024-01-01,4.25,,
ESTAT:CRIM_OFF_CAT(1.0),29/04/26 11:00:00,A,ICCS0703,P_HTHAB,LI,2024-01-01,12.5,,
ESTAT:CRIM_OFF_CAT(1.0),29/04/26 11:00:00,A,ICCS0703,P_HTHAB,LT,2024-01-01,10.19,,
ESTAT:CRIM_OFF_CAT(1.0),29/04/26 11:00:00,A,ICCS0703,P_HTHAB,LU,2024-01-01,0.45,,
ESTAT:CRIM_OFF_CAT(1.0),29/04/26 11:00:00,A,ICCS0703,P_HTHAB,LV,2024-01-01,5.0,,
ESTAT:CRIM_OFF_CAT(1.0),29/04/26 11:00:00,A,ICCS0703,P_HTHAB,ME,2024-01-01,22.61,,
ESTAT:CRIM_OFF_CAT(1.0),29/04/26 11:00:00,A,ICCS0703,P_HTHAB,MK,2024-01-01,1.2,,
ESTAT:CRIM_OFF_CAT(1.0),29/04/26 11:00:00,A,ICCS0703,P_HTHAB,MT,2024-01-01,17.93,,
ESTAT:CRIM_OFF_CAT(1.0),29/04/26 11:00:00,A,ICCS0703,P_HTHAB,NL,2024-01-01,31.15,,
ESTAT:CRIM_OFF_CAT(1.0),29/04/26 11:00:00,A,ICCS0703,P_HTHAB,NO,2024-01-01,0.56,,
ESTAT:CRIM_OFF_CAT(1.0),29/04/26 11:00:00,A,ICCS0703,P_HTHAB,PL,2024-01-01,9.77,,
ESTAT:CRIM_OFF_CAT(1.0),29/04/26 11:00:00,A,ICCS0703,P_HTHAB,PT,2024-01-01,2.04,,
ESTAT:CRIM_OFF_CAT(1.0),29/04/26 11:00:00,A,ICCS0703,P_HTHAB,RO,2024-01-01,15.54,,
ESTAT:CRIM_OFF_CAT(1.0),29/04/26 11:00:00,A,ICCS0703,P_HTHAB,RS,2024-01-01,10.17,,
ESTAT:CRIM_OFF_CAT(1.0),29/04/26 11:00:00,A,ICCS0703,P_HTHAB,SE,2024-01-01,222.96,,
ESTAT:CRIM_OFF_CAT(1.0),29/04/26 11:00:00,A,ICCS0703,P_HTHAB,SI,2024-01-01,33.05,,
ESTAT:CRIM_OFF_CAT(1.0),29/04/26 11:00:00,A,ICCS0703,P_HTHAB,SK,2024-01-01,0.9,,
ESTAT:CRIM_OFF_CAT(1.0),29/04/26 11:00:00,A,ICCS07031,P_HTHAB,AT,2024-01-01,0.57,,
ESTAT:CRIM_OFF_CAT(1.0),29/04/26 11:00:00,A,ICCS07031,P_HTHAB,BE,2024-01-01,0.54,,
ESTAT:CRIM_OFF_CAT(1.0),29/04/26 11:00:00,A,ICCS07031,P_HTHAB,BG,2024-01-01,1.21,,
ESTAT:CRIM_OFF_CAT(1.0),29/04/26 11:00:00,A,ICCS07031,P_HTHAB,CH,2024-01-01,0.41,,
ESTAT:CRIM_OFF_CAT(1.0),29/04/26 11:00:00,A,ICCS07031,P_HTHAB,CY,2024-01-01,1.14,,
ESTAT:CRIM_OFF_CAT(1.0),29/04/26 11:00:00,A,ICCS07031,P_HTHAB,CZ,2024-01-01,1.12,,
ESTAT:CRIM_OFF_CAT(1.0),29/04/26 11:00:00,A,ICCS07031,P_HTHAB,DE,2024-01-01,1.41,,
ESTAT:CRIM_OFF_CAT(1.0),29/04/26 11:00:00,A,ICCS07031,P_HTHAB,DK,2024-01-01,0.32,,
ESTAT:CRIM_OFF_CAT(1.0),29/04/26 11:00:00,A,ICCS07031,P_HTHAB,EE,2024-01-01,1.82,,
ESTAT:CRIM_OFF_CAT(1.0),29/04/26 11:00:00,A,ICCS07031,P_HTHAB,EL,2024-01-01,2.31,,
ESTAT:CRIM_OFF_CAT(1.0),29/04/26 11:00:00,A,ICCS07031,P_HTHAB,ES,2024-01-01,0.18,,
ESTAT:CRIM_OFF_CAT(1.0),29/04/26 11:00:00,A,ICCS07031,P_HTHAB,FI,2024-01-01,1.0,,
ESTAT:CRIM_OFF_CAT(1.0),29/04/26 11:00:00,A,ICCS07031,P_HTHAB,FR,2024-01-01,0.57,,
ESTAT:CRIM_OFF_CAT(1.0),29/04/26 11:00:00,A,ICCS07031,P_HTHAB,HR,2024-01-01,4.43,,
ESTAT:CRIM_OFF_CAT(1.0),29/04/26 11:00:00,A,ICCS07031,P_HTHAB,HU,2024-01-01,38.99,,
ESTAT:CRIM_OFF_CAT(1.0),29/04/26 11:00:00,A,ICCS07031,P_HTHAB,IT,2024-01-01,0.52,,
ESTAT:CRIM_OFF_CAT(1.0),29/04/26 11:00:00,A,ICCS07031,P_HTHAB,LT,2024-01-01,2.77,,
ESTAT:CRIM_OFF_CAT(1.0),29/04/26 11:00:00,A,ICCS07031,P_HTHAB,LU,2024-01-01,0.45,,
ESTAT:CRIM_OFF_CAT(1.0),29/04/26 11:00:00,A,ICCS07031,P_HTHAB,LV,2024-01-01,3.03,,
ESTAT:CRIM_OFF_CAT(1.0),29/04/26 11:00:00,A,ICCS07031,P_HTHAB,ME,2024-01-01,4.01,,
ESTAT:CRIM_OFF_CAT(1.0),29/04/26 11:00:00,A,ICCS07031,P_HTHAB,MK,2024-01-01,1.2,,
ESTAT:CRIM_OFF_CAT(1.0),29/04/26 11:00:00,A,ICCS07031,P_HTHAB,MT,2024-01-01,0.35,,
ESTAT:CRIM_OFF_CAT(1.0),29/04/26 11:00:00,A,ICCS07031,P_HTHAB,PL,2024-01-01,5.13,,
ESTAT:CRIM_OFF_CAT(1.0),29/04/26 11:00:00,A,ICCS07031,P_HTHAB,PT,2024-01-01,0.48,,
ESTAT:CRIM_OFF_CAT(1.0),29/04/26 11:00:00,A,ICCS07031,P_HTHAB,RO,2024-01-01,1.63,,
ESTAT:CRIM_OFF_CAT(1.0),29/04/26 11:00:00,A,ICCS07031,P_HTHAB,RS,2024-01-01,1.83,,
ESTAT:CRIM_OFF_CAT(1.0),29/04/26 11:00:00,A,ICCS07031,P_HTHAB,SE,2024-01-01,1.44,,
ESTAT:CRIM_OFF_CAT(1.0),29/04/26 11:00:00,A,ICCS07031,P_HTHAB,SI,2024-01-01,4.61,,
ESTAT:CRIM_OFF_CAT(1.0),29/04/26 11:00:00,A,ICCS07031,P_HTHAB,SK,2024-01-01,0.77,,
ESTAT:CRIM_OFF_CAT(1.0),29/04/26 11:00:00,A,ICCS07041,P_HTHAB,AT,2024-01-01,9.62,,
ESTAT:CRIM_OFF_CAT(1.0),29/04/26 11:00:00,A,ICCS07041,P_HTHAB,BE,2024-01-01,41.44,,
ESTAT:CRIM_OFF_CAT(1.0),29/04/26 11:00:00,A,ICCS07041,P_HTHAB,BG,2024-01-01,0.79,,
ESTAT:CRIM_OFF_CAT(1.0),29/04/26 11:00:00,A,ICCS07041,P_HTHAB,CH,2024-01-01,64.25,,
ESTAT:CRIM_OFF_CAT(1.0),29/04/26 11:00:00,A,ICCS07041,P_HTHAB,CZ,2024-01-01,12.35,,
ESTAT:CRIM_OFF_CAT(1.0),29/04/26 11:00:00,A,ICCS07041,P_HTHAB,DE,2024-01-01,45.13,,
ESTAT:CRIM_OFF_CAT(1.0),29/04/26 11:00:00,A,ICCS07041,P_HTHAB,DK,2024-01-01,44.62,,
ESTAT:CRIM_OFF_CAT(1.0),29/04/26 11:00:00,A,ICCS07041,P_HTHAB,EE,2024-01-01,1.38,,
ESTAT:CRIM_OFF_CAT(1.0),29/04/26 11:00:00,A,ICCS07041,P_HTHAB,EL,2024-01-01,1.48,,
ESTAT:CRIM_OFF_CAT(1.0),29/04/26 11:00:00,A,ICCS07041,P_HTHAB,ES,2024-01-01,1.66,,
ESTAT:CRIM_OFF_CAT(1.0),29/04/26 11:00:00,A,ICCS07041,P_HTHAB,FI,2024-01-01,25.39,,
ESTAT:CRIM_OFF_CAT(1.0),29/04/26 11:00:00,A,ICCS07041,P_HTHAB,FR,2024-01-01,5.6,,
ESTAT:CRIM_OFF_CAT(1.0),29/04/26 11:00:00,A,ICCS07041,P_HTHAB,HR,2024-01-01,3.65,,
ESTAT:CRIM_OFF_CAT(1.0),29/04/26 11:00:00,A,ICCS07041,P_HTHAB,HU,2024-01-01,13.27,,
ESTAT:CRIM_OFF_CAT(1.0),29/04/26 11:00:00,A,ICCS07041,P_HTHAB,IE,2024-01-01,11.44,,
ESTAT:CRIM_OFF_CAT(1.0),29/04/26 11:00:00,A,ICCS07041,P_HTHAB,IS,2024-01-01,54.49,,
ESTAT:CRIM_OFF_CAT(1.0),29/04/26 11:00:00,A,ICCS07041,P_HTHAB,IT,2024-01-01,3.23,,
ESTAT:CRIM_OFF_CAT(1.0),29/04/26 11:00:00,A,ICCS07041,P_HTHAB,LI,2024-01-01,179.93,,
ESTAT:CRIM_OFF_CAT(1.0),29/04/26 11:00:00,A,ICCS07041,P_HTHAB,LT,2024-01-01,2.7,,
ESTAT:CRIM_OFF_CAT(1.0),29/04/26 11:00:00,A,ICCS07041,P_HTHAB,LV,2024-01-01,15.01,,
ESTAT:CRIM_OFF_CAT(1.0),29/04/26 11:00:00,A,ICCS07041,P_HTHAB,ME,2024-01-01,2.24,,
ESTAT:CRIM_OFF_CAT(1.0),29/04/26 11:00:00,A,ICCS07041,P_HTHAB,MK,2024-01-01,0.38,,
ESTAT:CRIM_OFF_CAT(1.0),29/04/26 11:00:00,A,ICCS07041,P_HTHAB,MT,2024-01-01,11.36,,
ESTAT:CRIM_OFF_CAT(1.0),29/04/26 11:00:00,A,ICCS07041,P_HTHAB,NL,2024-01-01,8.22,,
ESTAT:CRIM_OFF_CAT(1.0),29/04/26 11:00:00,A,ICCS07041,P_HTHAB,NO,2024-01-01,6.9,,
ESTAT:CRIM_OFF_CAT(1.0),29/04/26 11:00:00,A,ICCS07041,P_HTHAB,PL,2024-01-01,4.13,,
ESTAT:CRIM_OFF_CAT(1.0),29/04/26 11:00:00,A,ICCS07041,P_HTHAB,PT,2024-01-01,1.24,,
ESTAT:CRIM_OFF_CAT(1.0),29/04/26 11:00:00,A,ICCS07041,P_HTHAB,RO,2024-01-01,1.53,,
ESTAT:CRIM_OFF_CAT(1.0),29/04/26 11:00:00,A,ICCS07041,P_HTHAB,RS,2024-01-01,1.59,,
ESTAT:CRIM_OFF_CAT(1.0),29/04/26 11:00:00,A,ICCS07041,P_HTHAB,SE,2024-01-01,180.23,,
ESTAT:CRIM_OFF_CAT(1.0),29/04/26 11:00:00,A,ICCS07041,P_HTHAB,SI,2024-01-01,14.55,,
ESTAT:CRIM_OFF_CAT(1.0),29/04/26 11:00:00,A,ICCS07041,P_HTHAB,SK,2024-01-01,1.22,,
ESTAT:CRIM_OFF_CAT(1.0),29/04/26 11:00:00,A,ICCS09051,P_HTHAB,AT,2024-01-01,1.94,,
ESTAT:CRIM_OFF_CAT(1.0),29/04/26 11:00:00,A,ICCS09051,P_HTHAB,BE,2024-01-01,3.27,,
ESTAT:CRIM_OFF_CAT(1.0),29/04/26 11:00:00,A,ICCS09051,P_HTHAB,BG,2024-01-01,1.3,,
ESTAT:CRIM_OFF_CAT(1.0),29/04/26 11:00:00,A,ICCS09051,P_HTHAB,CH,2024-01-01,0.4,,
ESTAT:CRIM_OFF_CAT(1.0),29/04/26 11:00:00,A,ICCS09051,P_HTHAB,CY,2024-01-01,0.0,,
ESTAT:CRIM_OFF_CAT(1.0),29/04/26 11:00:00,A,ICCS09051,P_HTHAB,CZ,2024-01-01,0.2,,
ESTAT:CRIM_OFF_CAT(1.0),29/04/26 11:00:00,A,ICCS09051,P_HTHAB,DE,2024-01-01,0.78,,
ESTAT:CRIM_OFF_CAT(1.0),29/04/26 11:00:00,A,ICCS09051,P_HTHAB,EE,2024-01-01,0.07,,
ESTAT:CRIM_OFF_CAT(1.0),29/04/26 11:00:00,A,ICCS09051,P_HTHAB,EL,2024-01-01,4.73,,
ESTAT:CRIM_OFF_CAT(1.0),29/04/26 11:00:00,A,ICCS09051,P_HTHAB,ES,2024-01-01,5.61,,
ESTAT:CRIM_OFF_CAT(1.0),29/04/26 11:00:00,A,ICCS09051,P_HTHAB,FI,2024-01-01,0.04,,
ESTAT:CRIM_OFF_CAT(1.0),29/04/26 11:00:00,A,ICCS09051,P_HTHAB,FR,2024-01-01,4.31,,
ESTAT:CRIM_OFF_CAT(1.0),29/04/26 11:00:00,A,ICCS09051,P_HTHAB,HR,2024-01-01,0.7,,
ESTAT:CRIM_OFF_CAT(1.0),29/04/26 11:00:00,A,ICCS09051,P_HTHAB,IT,2024-01-01,0.85,,
ESTAT:CRIM_OFF_CAT(1.0),29/04/26 11:00:00,A,ICCS09051,P_HTHAB,LT,2024-01-01,0.0,,
ESTAT:CRIM_OFF_CAT(1.0),29/04/26 11:00:00,A,ICCS09051,P_HTHAB,LU,2024-01-01,13.39,,
ESTAT:CRIM_OFF_CAT(1.0),29/04/26 11:00:00,A,ICCS09051,P_HTHAB,ME,2024-01-01,14.75,,
ESTAT:CRIM_OFF_CAT(1.0),29/04/26 11:00:00,A,ICCS09051,P_HTHAB,MT,2024-01-01,0.0,,
ESTAT:CRIM_OFF_CAT(1.0),29/04/26 11:00:00,A,ICCS09051,P_HTHAB,PL,2024-01-01,2.0,,
ESTAT:CRIM_OFF_CAT(1.0),29/04/26 11:00:00,A,ICCS09051,P_HTHAB,PT,2024-01-01,0.05,,
ESTAT:CRIM_OFF_CAT(1.0),29/04/26 11:00:00,A,ICCS09051,P_HTHAB,RO,2024-01-01,2.09,,
ESTAT:CRIM_OFF_CAT(1.0),29/04/26 11:00:00,A,ICCS09051,P_HTHAB,SI,2024-01-01,0.05,,
ESTAT:CRIM_OFF_CAT(1.0),29/04/26 11:00:00,A,ICCS09051,P_HTHAB,SK,2024-01-01,0.06,,
