DATAFLOW,LAST UPDATE,freq,leg_stat,sex,unit,geo,TIME_PERIOD,OBS_VALUE,OBS_FLAG,CONF_STATUS
ESTAT:CRIM_JUST_BRI(1.0),29/04/26 11:00:00,A,PER_CNV,T,P_HTHAB,AL,2016-01-01,4.31,,
ESTAT:CRIM_JUST_BRI(1.0),29/04/26 11:00:00,A,PER_CNV,T,P_HTHAB,AT,2016-01-01,0.01,,
ESTAT:CRIM_JUST_BRI(1.0),29/04/26 11:00:00,A,PER_CNV,T,P_HTHAB,BE,2016-01-01,0.11,,
ESTAT:CRIM_JUST_BRI(1.0),29/04/26 11:00:00,A,PER_CNV,T,P_HTHAB,BG,2016-01-01,1.66,,
ESTAT:CRIM_JUST_BRI(1.0),29/04/26 11:00:00,A,PER_CNV,T,P_HTHAB,CH,2016-01-01,0.34,,
ESTAT:CRIM_JUST_BRI(1.0),29/04/26 11:00:00,A,PER_CNV,T,P_HTHAB,CZ,2016-01-01,0.89,,
ESTAT:CRIM_JUST_BRI(1.0),29/04/26 11:00:00,A,PER_CNV,T,P_HTHAB,DK,2016-01-01,0.11,,
ESTAT:CRIM_JUST_BRI(1.0),29/04/26 11:00:00,A,PER_CNV,T,P_HTHAB,EE,2016-01-01,2.2,,
ESTAT:CRIM_JUST_BRI(1.0),29/04/26 11:00:00,A,PER_CNV,T,P_HTHAB,ES,2016-01-01,0.28,,
ESTAT:CRIM_JUST_BRI(1.0),29/04/26 11:00:00,A,PER_CNV,T,P_HTHAB,FI,2016-01-01,0.02,,
ESTAT:CRIM_JUST_BRI(1.0),29/04/26 11:00:00,A,PER_CNV,T,P_HTHAB,FR,2016-01-01,0.2,,
ESTAT:CRIM_JUST_BRI(1.0),29/04/26 11:00:00,A,PER_CNV,T,P_HTHAB,HR,2016-01-01,1.19,,
ESTAT:CRIM_JUST_BRI(1.0),29/04/26 11:00:00,A,PER_CNV,T,P_HTHAB,HU,2016-01-01,2.23,,
ESTAT:CRIM_JUST_BRI(1.0),29/04/26 11:00:00,A,PER_CNV,T,P_HTHAB,IT,2016-01-01,0.83,,
ESTAT:CRIM_JUST_BRI(1.0),29/04/26 11:00:00,A,PER_CNV,T,P_HTHAB,LT,2016-01-01,16.65,,
ESTAT:CRIM_JUST_BRI(1.0),29/04/26 11:00:00,A,PER_CNV,T,P_HTHAB,LU,2016-01-01,1.04,,
ESTAT:CRIM_JUST_BRI(1.0),29/04/26 11:00:00,A,PER_CNV,T,P_HTHAB,LV,2016-01-01,6.55,,
ESTAT:CRIM_JUST_BRI(1.0),29/04/26 11:00:00,A,PER_CNV,T,P_HTHAB,ME,2016-01-01,0.32,,
ESTAT:CRIM_JUST_BRI(1.0),29/04/26 11:00:00,A,PER_CNV,T,P_HTHAB,NL,2016-01-01,0.05,,
ESTAT:CRIM_JUST_BRI(1.0),29/04/26 11:00:00,A,PER_CNV,T,P_HTHAB,PL,2016-01-01,4.22,,
ESTAT:CRIM_JUST_BRI(1.0),29/04/26 11:00:00,A,PER_CNV,T,P_HTHAB,PT,2016-01-01,0.53,,
ESTAT:CRIM_JUST_BRI(1.0),29/04/26 11:00:00,A,PER_CNV,T,P_HTHAB,RO,2016-01-01,1.22,,
ESTAT:CRIM_JUST_BRI(1.0),29/04/26 11:00:00,A,PER_CNV,T,P_HTHAB,RS,2016-01-01,1.41,,
ESTAT:CRIM_JUST_BRI(1.0),29/04/26 11:00:00,A,PER_CNV,T,P_HTHAB,SE,2016-01-01,0.06,,
ESTAT:CRIM_JUST_BRI(1.0),29/04/26 11:00:00,A,PER_CNV,T,P_HTHAB,SI,2016-01-01,1.26,,
ESTAT:CRIM_JUST_BRI(1.0),29/04/26 11:00:00,A,PER_CNV,T,P_HTHAB,TR,2016-01-01,0.51,,
ESTAT:CRIM_JUST_BRI(1.0),29/04/26 11:00:00,A,PER_CNV,T,P_HTHAB,XK,2016-01-01,2.03,,
ESTAT:CRIM_JUST_BRI(1.0),29/04/26 11:00:00,A,PER_SUSP,T,P_HTHAB,AL,2016-01-01,12.45,,
ESTAT:CRIM_JUST_BRI(1.0),29/04/26 11:00:00,A,PER_SUSP,T,P_HTHAB,AT,2016-01-01,0.26,,
ESTAT:CRIM_JUST_BRI(1.0),29/04/26 11:00:00,A,PER_SUSP,T,P_HTHAB,BE,2016-01-01,0.42,,
ESTAT:CRIM_JUST_BRI(1.0),29/04/26 11:00:00,A,PER_SUSP,T,P_HTHAB,BG,2016-01-01,1.69,,
ESTAT:CRIM_JUST_BRI(1.0),29/04/26 11:00:00,A,PER_SUSP,T,P_HTHAB,CH,2016-01-01,0.23,,
ESTAT:CRIM_JUST_BRI(1.0),29/04/26 11:00:00,A,PER_SUSP,T,P_HTHAB,CY,2016-01-01,9.43,,
ESTAT:CRIM_JUST_BRI(1.0),29/04/26 11:00:00,A,PER_SUSP,T,P_HTHAB,CZ,2016-01-01,0.92,,
ESTAT:CRIM_JUST_BRI(1.0),29/04/26 11:00:00,A,PER_SUSP,T,P_HTHAB,DE,2016-01-01,3.1,,
ESTAT:CRIM_JUST_BRI(1.0),29/04/26 11:00:00,A,PER_SUSP,T,P_HTHAB,DK,2016-01-01,0.53,,
ESTAT:CRIM_JUST_BRI(1.0),29/04/26 11:00:00,A,PER_SUSP,T,P_HTHAB,EL,2016-01-01,5.17,,
ESTAT:CRIM_JUST_BRI(1.0),29/04/26 11:00:00,A,PER_SUSP,T,P_HTHAB,ES,2016-01-01,0.24,,
ESTAT:CRIM_JUST_BRI(1.0),29/04/26 11:00:00,A,PER_SUSP,T,P_HTHAB,FI,2016-01-01,1.39,,
ESTAT:CRIM_JUST_BRI(1.0),29/04/26 11:00:00,A,PER_SUSP,T,P_HTHAB,FR,2016-01-01,0.35,,
ESTAT:CRIM_JUST_BRI(1.0),29/04/26 11:00:00,A,PER_SUSP,T,P_HTHAB,HR,2016-01-01,0.57,,
ESTAT:CRIM_JUST_BRI(1.0),29/04/26 11:00:00,A,PER_SUSP,T,P_HTHAB,HU,2016-01-01,2.39,,
ESTAT:CRIM_JUST_BRI(1.0),29/04/26 11:00:00,A,PER_SUSP,T,P_HTHAB,IT,2016-01-01,4.69,,
ESTAT:CRIM_JUST_BRI(1.0),29/04/26 11:00:00,A,PER_SUSP,T,P_HTHAB,LT,2016-01-01,0.69,,
ESTAT:CRIM_JUST_BRI(1.0),29/04/26 11:00:00,A,PER_SUSP,T,P_HTHAB,LU,2016-01-01,1.56,,
ESTAT:CRIM_JUST_BRI(1.0),29/04/26 11:00:00,A,PER_SUSP,T,P_HTHAB,LV,2016-01-01,12.95,,
ESTAT:CRIM_JUST_BRI(1.0),29/04/26 11:00:00,A,PER_SUSP,T,P_HTHAB,ME,2016-01-01,0.32,,
ESTAT:CRIM_JUST_BRI(1.0),29/04/26 11:00:00,A,PER_SUSP,T,P_HTHAB,PL,2016-01-01,3.11,,
ESTAT:CRIM_JUST_BRI(1.0),29/04/26 11:00:00,A,PER_SUSP,T,P_HTHAB,PT,2016-01-01,0.54,,
ESTAT:CRIM_JUST_BRI(1.0),29/04/26 11:00:00,A,PER_SUSP,T,P_HTHAB,RO,2016-01-01,3.9,,
ESTAT:CRIM_JUST_BRI(1.0),29/04/26 11:00:00,A,PER_SUSP,T,P_HTHAB,RS,2016-01-01,2.08,,
ESTAT:CRIM_JUST_BRI(1.0),29/04/26 11:00:00,A,PER_SUSP,T,P_HTHAB,SE,2016-01-01,1.83,,
ESTAT:CRIM_JUST_BRI(1.0),29/04/26 11:00:00,A,PER_SUSP,T,P_HTHAB,SI,2016-01-01,5.18,,
ESTAT:CRIM_JUST_BRI(1.0),29/04/26 11:00:00,A,PER_SUSP,T,P_HTHAB,SK,2016-01-01,1.18,,
ESTAT:CRIM_JUST_BRI(1.0),29/04/26 11:00:00,A,PER_SUSP,T,P_HTHAB,TR,2016-01-01,0.19,,
ESTAT:CRIM_JUST_BRI(1.0),29/04/26 11:00:00,A,PER_SUSP,T,P_HTHAB,XK,2016-01-01,8.81,,
ESTAT:CRIM_JUST_BRI(1.0),29/04/26 11:00:00,A,PER_CNV,T,P_HTHAB,AL,2017-01-01,5.18,,
ESTAT:CRIM_JUST_BRI(1.0),29/04/26 11:00:00,A,PER_CNV,T,P_HTHAB,AT,2017-01-01,0.13,,
ESTAT:CRIM_JUST_BRI(1.0),29/04/26 11:00:00,A,PER_CNV,T,P_HTHAB,BE,2017-01-01,0.29,,
ESTAT:CRIM_JUST_BRI(1.0),29/04/26 11:00:00,A,PER_CNV,T,P_HTHAB,BG,2017-01-01,1.56,,
ESTAT:CRIM_JUST_BRI(1.0),29/04/26 11:00:00,A,PER_CNV,T,P_HTHAB,CH,2017-01-01,0.2,,
ESTAT:CRIM_JUST_BRI(1.0),29/04/26 11:00:00,A,PER_CNV,T,P_HTHAB,CZ,2017-01-01,0.8,,
ESTAT:CRIM_JUST_BRI(1.0),29/04/26 11:00:00,A,PER_CNV,T,P_HTHAB,DE,2017-01-01,0.41,,
ESTAT:CRIM_JUST_BRI(1.0),29/04/26 11:00:00,A,PER_CNV,T,P_HTHAB,DK,2017-01-01,0.28,,
ESTAT:CRIM_JUST_BRI(1.0),29/04/26 11:00:00,A,PER_CNV,T,P_HTHAB,EE,2017-01-01,3.04,,
ESTAT:CRIM_JUST_BRI(1.0),29/04/26 11:00:00,A,PER_CNV,T,P_HTHAB,ES,2017-01-01,0.09,,
ESTAT:CRIM_JUST_BRI(1.0),29/04/26 11:00:00,A,PER_CNV,T,P_HTHAB,FI,2017-01-01,0.05,,
ESTAT:CRIM_JUST_BRI(1.0),29/04/26 11:00:00,A,PER_CNV,T,P_HTHAB,FR,2017-01-01,0.23,,
ESTAT:CRIM_JUST_BRI(1.0),29/04/26 11:00:00,A,PER_CNV,T,P_HTHAB,HR,2017-01-01,0.77,,
ESTAT:CRIM_JUST_BRI(1.0),29/04/26 11:00:00,A,PER_CNV,T,P_HTHAB,HU,2017-01-01,2.42,,
ESTAT:CRIM_JUST_BRI(1.0),29/04/26 11:00:00,A,PER_CNV,T,P_HTHAB,IT,2017-01-01,0.68,,
ESTAT:CRIM_JUST_BRI(1.0),29/04/26 11:00:00,A,PER_CNV,T,P_HTHAB,LT,2017-01-01,13.27,,
ESTAT:CRIM_JUST_BRI(1.0),29/04/26 11:00:00,A,PER_CNV,T,P_HTHAB,LU,2017-01-01,0.68,,
ESTAT:CRIM_JUST_BRI(1.0),29/04/26 11:00:00,A,PER_CNV,T,P_HTHAB,LV,2017-01-01,6.0,,
ESTAT:CRIM_JUST_BRI(1.0),29/04/26 11:00:00,A,PER_CNV,T,P_HTHAB,ME,2017-01-01,1.12,,
ESTAT:CRIM_JUST_BRI(1.0),29/04/26 11:00:00,A,PER_CNV,T,P_HTHAB,NL,2017-01-01,0.06,,
ESTAT:CRIM_JUST_BRI(1.0),29/04/26 11:00:00,A,PER_CNV,T,P_HTHAB,PL,2017-01-01,3.52,,
ESTAT:CRIM_JUST_BRI(1.0),29/04/26 11:00:00,A,PER_CNV,T,P_HTHAB,PT,2017-01-01,1.07,,
ESTAT:CRIM_JUST_BRI(1.0),29/04/26 11:00:00,A,PER_CNV,T,P_HTHAB,RO,2017-01-01,1.38,,
ESTAT:CRIM_JUST_BRI(1.0),29/04/26 11:00:00,A,PER_CNV,T,P_HTHAB,RS,2017-01-01,0.68,,
ESTAT:CRIM_JUST_BRI(1.0),29/04/26 11:00:00,A,PER_CNV,T,P_HTHAB,SE,2017-01-01,0.2,,
ESTAT:CRIM_JUST_BRI(1.0),29/04/26 11:00:00,A,PER_CNV,T,P_HTHAB,SI,2017-01-01,2.57,,
ESTAT:CRIM_JUST_BRI(1.0),29/04/26 11:00:00,A,PER_CNV,T,P_HTHAB,SK,2017-01-01,1.25,,
ESTAT:CRIM_JUST_BRI(1.0),29/04/26 11:00:00,A,PER_CNV,T,P_HTHAB,TR,2017-01-01,0.33,,
ESTAT:CRIM_JUST_BRI(1.0),29/04/26 11:00:00,A,PER_CNV,T,P_HTHAB,XK,2017-01-01,3.03,,
ESTAT:CRIM_JUST_BRI(1.0),29/04/26 11:00:00,A,PER_SUSP,T,P_HTHAB,AL,2017-01-01,12.76,,
ESTAT:CRIM_JUST_BRI(1.0),29/04/26 11:00:00,A,PER_SUSP,T,P_HTHAB,AT,2017-01-01,0.42,,
ESTAT:CRIM_JUST_BRI(1.0),29/04/26 11:00:00,A,PER_SUSP,T,P_HTHAB,BE,2017-01-01,0.37,,
ESTAT:CRIM_JUST_BRI(1.0),29/04/26 11:00:00,A,PER_SUSP,T,P_HTHAB,BG,2017-01-01,1.7,,
ESTAT:CRIM_JUST_BRI(1.0),29/04/26 11:00:00,A,PER_SUSP,T,P_HTHAB,CH,2017-01-01,0.36,,
ESTAT:CRIM_JUST_BRI(1.0),29/04/26 11:00:00,A,PER_SUSP,T,P_HTHAB,CY,2017-01-01,6.08,,
ESTAT:CRIM_JUST_BRI(1.0),29/04/26 11:00:00,A,PER_SUSP,T,P_HTHAB,CZ,2017-01-01,0.71,,
ESTAT:CRIM_JUST_BRI(1.0),29/04/26 11:00:00,A,PER_SUSP,T,P_HTHAB,DE,2017-01-01,4.57,,
ESTAT:CRIM_JUST_BRI(1.0),29/04/26 11:00:00,A,PER_SUSP,T,P_HTHAB,DK,2017-01-01,0.12,,
ESTAT:CRIM_JUST_BRI(1.0),29/04/26 11:00:00,A,PER_SUSP,T,P_HTHAB,EL,2017-01-01,0.75,,
ESTAT:CRIM_JUST_BRI(1.0),29/04/26 11:00:00,A,PER_SUSP,T,P_HTHAB,ES,2017-01-01,0.24,,
ESTAT:CRIM_JUST_BRI(1.0),29/04/26 11:00:00,A,PER_SUSP,T,P_HTHAB,FI,2017-01-01,0.09,,
ESTAT:CRIM_JUST_BRI(1.0),29/04/26 11:00:00,A,PER_SUSP,T,P_HTHAB,FR,2017-01-01,0.21,,
ESTAT:CRIM_JUST_BRI(1.0),29/04/26 11:00:00,A,PER_SUSP,T,P_HTHAB,HR,2017-01-01,1.47,,
ESTAT:CRIM_JUST_BRI(1.0),29/04/26 11:00:00,A,PER_SUSP,T,P_HTHAB,HU,2017-01-01,3.15,,
ESTAT:CRIM_JUST_BRI(1.0),29/04/26 11:00:00,A,PER_SUSP,T,P_HTHAB,IT,2017-01-01,4.41,,
ESTAT:CRIM_JUST_BRI(1.0),29/04/26 11:00:00,A,PER_SUSP,T,P_HTHAB,LT,2017-01-01,1.86,,
ESTAT:CRIM_JUST_BRI(1.0),29/04/26 11:00:00,A,PER_SUSP,T,P_HTHAB,LU,2017-01-01,0.68,,
ESTAT:CRIM_JUST_BRI(1.0),29/04/26 11:00:00,A,PER_SUSP,T,P_HTHAB,LV,2017-01-01,8.61,,
ESTAT:CRIM_JUST_BRI(1.0),29/04/26 11:00:00,A,PER_SUSP,T,P_HTHAB,ME,2017-01-01,0.64,,
ESTAT:CRIM_JUST_BRI(1.0),29/04/26 11:00:00,A,PER_SUSP,T,P_HTHAB,PL,2017-01-01,2.8,,
ESTAT:CRIM_JUST_BRI(1.0),29/04/26 11:00:00,A,PER_SUSP,T,P_HTHAB,PT,2017-01-01,0.62,,
ESTAT:CRIM_JUST_BRI(1.0),29/04/26 11:00:00,A,PER_SUSP,T,P_HTHAB,RO,2017-01-01,2.85,,
ESTAT:CRIM_JUST_BRI(1.0),29/04/26 11:00:00,A,PER_SUSP,T,P_HTHAB,RS,2017-01-01,1.41,,
ESTAT:CRIM_JUST_BRI(1.0),29/04/26 11:00:00,A,PER_SUSP,T,P_HTHAB,SE,2017-01-01,1.13,,
ESTAT:CRIM_JUST_BRI(1.0),29/04/26 11:00:00,A,PER_SUSP,T,P_HTHAB,SI,2017-01-01,2.76,,
ESTAT:CRIM_JUST_BRI(1.0),29/04/26 11:00:00,A,PER_SUSP,T,P_HTHAB,SK,2017-01-01,1.75,,
ESTAT:CRIM_JUST_BRI(1.0),29/04/26 11:00:00,A,PER_SUSP,T,P_HTHAB,TR,2017-01-01,0.12,,
ESTAT:CRIM_JUST_BRI(1.0),29/04/26 11:00:00,A,PER_SUSP,T,P_HTHAB,XK,2017-01-01,2.64,,
ESTAT:CRIM_JUST_BRI(1.0),29/04/26 11:00:00,A,PER_CNV,T,P_HTHAB,AL,2018-01-01,1.81,,
ESTAT:CRIM_JUST_BRI(1.0),29/04/26 11:00:00,A,PER_CNV,T,P_HTHAB,AT,2018-01-01,0.48,,
ESTAT:CRIM_JUST_BRI(1.0),29/04/26 11:00:00,A,PER_CNV,T,P_HTHAB,BG,2018-01-01,1.93,,
ESTAT:CRIM_JUST_BRI(1.0),29/04/26 11:00:00,A,PER_CNV,T,P_HTHAB,CH,2018-01-01,0.17,,
ESTAT:CRIM_JUST_BRI(1.0),29/04/26 11:00:00,A,PER_CNV,T,P_HTHAB,CZ,2018-01-01,0.74,,
ESTAT:CRIM_JUST_BRI(1.0),29/04/26 11:00:00,A,PER_CNV,T,P_HTHAB,DE,2018-01-01,0.32,,
ESTAT:CRIM_JUST_BRI(1.0),29/04/26 11:00:00,A,PER_CNV,T,P_HTHAB,DK,2018-01-01,0.24,,
ESTAT:CRIM_JUST_BRI(1.0),29/04/26 11:00:00,A,PER_CNV,T,P_HTHAB,EE,2018-01-01,1.44,,
ESTAT:CRIM_JUST_BRI(1.0),29/04/26 11:00:00,A,PER_CNV,T,P_HTHAB,ES,2018-01-01,0.14,,
ESTAT:CRIM_JUST_BRI(1.0),29/04/26 11:00:00,A,PER_CNV,T,P_HTHAB,FI,2018-01-01,0.0,,
ESTAT:CRIM_JUST_BRI(1.0),29/04/26 11:00:00,A,PER_CNV,T,P_HTHAB,FR,2018-01-01,0.17,,
ESTAT:CRIM_JUST_BRI(1.0),29/04/26 11:00:00,A,PER_CNV,T,P_HTHAB,HR,2018-01-01,1.07,,
ESTAT:CRIM_JUST_BRI(1.0),29/04/26 11:00:00,A,PER_CNV,T,P_HTHAB,HU,2018-01-01,2.11,,
ESTAT:CRIM_JUST_BRI(1.0),29/04/26 11:00:00,A,PER_CNV,T,P_HTHAB,IT,2018-01-01,0.87,,
ESTAT:CRIM_JUST_BRI(1.0),29/04/26 11:00:00,A,PER_CNV,T,P_HTHAB,LT,2018-01-01,9.33,,
ESTAT:CRIM_JUST_BRI(1.0),29/04/26 11:00:00,A,PER_CNV,T,P_HTHAB,LU,2018-01-01,0.33,,
ESTAT:CRIM_JUST_BRI(1.0),29/04/26 11:00:00,A,PER_CNV,T,P_HTHAB,LV,2018-01-01,0.93,,
ESTAT:CRIM_JUST_BRI(1.0),29/04/26 11:00:00,A,PER_CNV,T,P_HTHAB,ME,2018-01-01,0.48,,
ESTAT:CRIM_JUST_BRI(1.0),29/04/26 11:00:00,A,PER_CNV,T,P_HTHAB,MT,2018-01-01,1.05,,
ESTAT:CRIM_JUST_BRI(1.0),29/04/26 11:00:00,A,PER_CNV,T,P_HTHAB,NL,2018-01-01,0.05,,
ESTAT:CRIM_JUST_BRI(1.0),29/04/26 11:00:00,A,PER_CNV,T,P_HTHAB,PL,2018-01-01,3.0,,
ESTAT:CRIM_JUST_BRI(1.0),29/04/26 11:00:00,A,PER_CNV,T,P_HTHAB,PT,2018-01-01,0.76,,
ESTAT:CRIM_JUST_BRI(1.0),29/04/26 11:00:00,A,PER_CNV,T,P_HTHAB,RO,2018-01-01,1.08,,
ESTAT:CRIM_JUST_BRI(1.0),29/04/26 11:00:00,A,PER_CNV,T,P_HTHAB,RS,2018-01-01,1.01,,
ESTAT:CRIM_JUST_BRI(1.0),29/04/26 11:00:00,A,PER_CNV,T,P_HTHAB,SE,2018-01-01,0.23,,
ESTAT:CRIM_JUST_BRI(1.0),29/04/26 11:00:00,A,PER_CNV,T,P_HTHAB,SI,2018-01-01,0.73,,
ESTAT:CRIM_JUST_BRI(1.0),29/04/26 11:00:00,A,PER_CNV,T,P_HTHAB,SK,2018-01-01,1.08,,
ESTAT:CRIM_JUST_BRI(1.0),29/04/26 11:00:00,A,PER_CNV,T,P_HTHAB,TR,2018-01-01,0.41,,
ESTAT:CRIM_JUST_BRI(1.0),29/04/26 11:00:00,A,PER_CNV,T,P_HTHAB,XK,2018-01-01,3.0,,
ESTAT:CRIM_JUST_BRI(1.0),29/04/26 11:00:00,A,PER_SUSP,T,P_HTHAB,AL,2018-01-01,13.17,,
ESTAT:CRIM_JUST_BRI(1.0),29/04/26 11:00:00,A,PER_SUSP,T,P_HTHAB,AT,2018-01-01,0.62,,
ESTAT:CRIM_JUST_BRI(1.0),29/04/26 11:00:00,A,PER_SUSP,T,P_HTHAB,BE,2018-01-01,0.45,,
ESTAT:CRIM_JUST_BRI(1.0),29/04/26 11:00:00,A,PER_SUSP,T,P_HTHAB,BG,2018-01-01,2.31,,
ESTAT:CRIM_JUST_BRI(1.0),29/04/26 11:00:00,A,PER_SUSP,T,P_HTHAB,CH,2018-01-01,0.25,,
ESTAT:CRIM_JUST_BRI(1.0),29/04/26 11:00:00,A,PER_SUSP,T,P_HTHAB,CY,2018-01-01,2.78,,
ESTAT:CRIM_JUST_BRI(1.0),29/04/26 11:00:00,A,PER_SUSP,T,P_HTHAB,CZ,2018-01-01,2.36,,
ESTAT:CRIM_JUST_BRI(1.0),29/04/26 11:00:00,A,PER_SUSP,T,P_HTHAB,DE,2018-01-01,4.81,,
ESTAT:CRIM_JUST_BRI(1.0),29/04/26 11:00:00,A,PER_SUSP,T,P_HTHAB,DK,2018-01-01,0.03,,
ESTAT:CRIM_JUST_BRI(1.0),29/04/26 11:00:00,A,PER_SUSP,T,P_HTHAB,EL,2018-01-01,0.58,,
ESTAT:CRIM_JUST_BRI(1.0),29/04/26 11:00:00,A,PER_SUSP,T,P_HTHAB,ES,2018-01-01,0.33,,
ESTAT:CRIM_JUST_BRI(1.0),29/04/26 11:00:00,A,PER_SUSP,T,P_HTHAB,FI,2018-01-01,0.27,,
ESTAT:CRIM_JUST_BRI(1.0),29/04/26 11:00:00,A,PER_SUSP,T,P_HTHAB,FR,2018-01-01,0.58,,
ESTAT:CRIM_JUST_BRI(1.0),29/04/26 11:00:00,A,PER_SUSP,T,P_HTHAB,HR,2018-01-01,0.68,,
ESTAT:CRIM_JUST_BRI(1.0),29/04/26 11:00:00,A,PER_SUSP,T,P_HTHAB,HU,2018-01-01,1.21,,
ESTAT:CRIM_JUST_BRI(1.0),29/04/26 11:00:00,A,PER_SUSP,T,P_HTHAB,IT,2018-01-01,3.73,,
ESTAT:CRIM_JUST_BRI(1.0),29/04/26 11:00:00,A,PER_SUSP,T,P_HTHAB,LT,2018-01-01,0.89,,
ESTAT:CRIM_JUST_BRI(1.0),29/04/26 11:00:00,A,PER_SUSP,T,P_HTHAB,LU,2018-01-01,0.5,,
ESTAT:CRIM_JUST_BRI(1.0),29/04/26 11:00:00,A,PER_SUSP,T,P_HTHAB,LV,2018-01-01,7.6,,
ESTAT:CRIM_JUST_BRI(1.0),29/04/26 11:00:00,A,PER_SUSP,T,P_HTHAB,ME,2018-01-01,0.64,,
ESTAT:CRIM_JUST_BRI(1.0),29/04/26 11:00:00,A,PER_SUSP,T,P_HTHAB,PL,2018-01-01,2.17,,
ESTAT:CRIM_JUST_BRI(1.0),29/04/26 11:00:00,A,PER_SUSP,T,P_HTHAB,PT,2018-01-01,0.49,,
ESTAT:CRIM_JUST_BRI(1.0),29/04/26 11:00:00,A,PER_SUSP,T,P_HTHAB,RO,2018-01-01,2.54,,
ESTAT:CRIM_JUST_BRI(1.0),29/04/26 11:00:00,A,PER_SUSP,T,P_HTHAB,RS,2018-01-01,4.36,,
ESTAT:CRIM_JUST_BRI(1.0),29/04/26 11:00:00,A,PER_SUSP,T,P_HTHAB,SE,2018-01-01,1.17,,
ESTAT:CRIM_JUST_BRI(1.0),29/04/26 11:00:00,A,PER_SUSP,T,P_HTHAB,SI,2018-01-01,4.31,,
ESTAT:CRIM_JUST_BRI(1.0),29/04/26 11:00:00,A,PER_SUSP,T,P_HTHAB,SK,2018-01-01,0.99,,
ESTAT:CRIM_JUST_BRI(1.0),29/04/26 11:00:00,A,PER_SUSP,T,P_HTHAB,XK,2018-01-01,2.34,,
ESTAT:CRIM_JUST_BRI(1.0),29/04/26 11:00:00,A,PER_CNV,T,P_HTHAB,AL,2019-01-01,1.75,,
ESTAT:CRIM_JUST_BRI(1.0),29/04/26 11:00:00,A,PER_CNV,T,P_HTHAB,AT,2019-01-01,1.0,,
ESTAT:CRIM_JUST_BRI(1.0),29/04/26 11:00:00,A,PER_CNV,T,P_HTHAB,BE,2019-01-01,0.15,,
ESTAT:CRIM_JUST_BRI(1.0),29/04/26 11:00:00,A,PER_CNV,T,P_HTHAB,BG,2019-01-01,1.54,,
ESTAT:CRIM_JUST_BRI(1.0),29/04/26 11:00:00,A,PER_CNV,T,P_HTHAB,CH,2019-01-01,0.12,,
ESTAT:CRIM_JUST_BRI(1.0),29/04/26 11:00:00,A,PER_CNV,T,P_HTHAB,CZ,2019-01-01,0.59,,
ESTAT:CRIM_JUST_BRI(1.0),29/04/26 11:00:00,A,PER_CNV,T,P_HTHAB,DE,2019-01-01,0.41,,
ESTAT:CRIM_JUST_BRI(1.0),29/04/26 11:00:00,A,PER_CNV,T,P_HTHAB,DK,2019-01-01,0.28,,
ESTAT:CRIM_JUST_BRI(1.0),29/04/26 11:00:00,A,PER_CNV,T,P_HTHAB,EE,2019-01-01,0.91,,
ESTAT:CRIM_JUST_BRI(1.0),29/04/26 11:00:00,A,PER_CNV,T,P_HTHAB,ES,2019-01-01,0.16,,
ESTAT:CRIM_JUST_BRI(1.0),29/04/26 11:00:00,A,PER_CNV,T,P_HTHAB,FI,2019-01-01,0.05,,
ESTAT:CRIM_JUST_BRI(1.0),29/04/26 11:00:00,A,PER_CNV,T,P_HTHAB,FR,2019-01-01,0.19,,
ESTAT:CRIM_JUST_BRI(1.0),29/04/26 11:00:00,A,PER_CNV,T,P_HTHAB,HR,2019-01-01,1.64,,
ESTAT:CRIM_JUST_BRI(1.0),29/04/26 11:00:00,A,PER_CNV,T,P_HTHAB,HU,2019-01-01,3.36,,
ESTAT:CRIM_JUST_BRI(1.0),29/04/26 11:00:00,A,PER_CNV,T,P_HTHAB,LT,2019-01-01,8.12,,
ESTAT:CRIM_JUST_BRI(1.0),29/04/26 11:00:00,A,PER_CNV,T,P_HTHAB,LU,2019-01-01,0.81,,
ESTAT:CRIM_JUST_BRI(1.0),29/04/26 11:00:00,A,PER_CNV,T,P_HTHAB,LV,2019-01-01,2.81,,
ESTAT:CRIM_JUST_BRI(1.0),29/04/26 11:00:00,A,PER_CNV,T,P_HTHAB,ME,2019-01-01,0.16,,
ESTAT:CRIM_JUST_BRI(1.0),29/04/26 11:00:00,A,PER_CNV,T,P_HTHAB,MT,2019-01-01,1.82,,
ESTAT:CRIM_JUST_BRI(1.0),29/04/26 11:00:00,A,PER_CNV,T,P_HTHAB,NL,2019-01-01,0.05,,
ESTAT:CRIM_JUST_BRI(1.0),29/04/26 11:00:00,A,PER_CNV,T,P_HTHAB,PL,2019-01-01,2.89,,
ESTAT:CRIM_JUST_BRI(1.0),29/04/26 11:00:00,A,PER_CNV,T,P_HTHAB,PT,2019-01-01,1.27,,
ESTAT:CRIM_JUST_BRI(1.0),29/04/26 11:00:00,A,PER_CNV,T,P_HTHAB,RO,2019-01-01,0.92,,
ESTAT:CRIM_JUST_BRI(1.0),29/04/26 11:00:00,A,PER_CNV,T,P_HTHAB,RS,2019-01-01,1.97,,
ESTAT:CRIM_JUST_BRI(1.0),29/04/26 11:00:00,A,PER_CNV,T,P_HTHAB,SE,2019-01-01,0.2,,
ESTAT:CRIM_JUST_BRI(1.0),29/04/26 11:00:00,A,PER_CNV,T,P_HTHAB,SI,2019-01-01,0.72,,
ESTAT:CRIM_JUST_BRI(1.0),29/04/26 11:00:00,A,PER_CNV,T,P_HTHAB,SK,2019-01-01,0.75,,
ESTAT:CRIM_JUST_BRI(1.0),29/04/26 11:00:00,A,PER_CNV,T,P_HTHAB,TR,2019-01-01,0.41,,
ESTAT:CRIM_JUST_BRI(1.0),29/04/26 11:00:00,A,PER_CNV,T,P_HTHAB,XK,2019-01-01,1.84,,
ESTAT:CRIM_JUST_BRI(1.0),29/04/26 11:00:00,A,PER_SUSP,T,P_HTHAB,AL,2019-01-01,15.02,,
ESTAT:CRIM_JUST_BRI(1.0),29/04/26 11:00:00,A,PER_SUSP,T,P_HTHAB,AT,2019-01-01,1.49,,
ESTAT:CRIM_JUST_BRI(1.0),29/04/26 11:00:00,A,PER_SUSP,T,P_HTHAB,BE,2019-01-01,0.53,,
ESTAT:CRIM_JUST_BRI(1.0),29/04/26 11:00:00,A,PER_SUSP,T,P_HTHAB,BG,2019-01-01,1.69,,
ESTAT:CRIM_JUST_BRI(1.0),29/04/26 11:00:00,A,PER_SUSP,T,P_HTHAB,CH,2019-01-01,0.16,,
ESTAT:CRIM_JUST_BRI(1.0),29/04/26 11:00:00,A,PER_SUSP,T,P_HTHAB,CY,2019-01-01,3.31,,
ESTAT:CRIM_JUST_BRI(1.0),29/04/26 11:00:00,A,PER_SUSP,T,P_HTHAB,CZ,2019-01-01,0.98,,
ESTAT:CRIM_JUST_BRI(1.0),29/04/26 11:00:00,A,PER_SUSP,T,P_HTHAB,DE,2019-01-01,4.85,,
ESTAT:CRIM_JUST_BRI(1.0),29/04/26 11:00:00,A,PER_SUSP,T,P_HTHAB,DK,2019-01-01,0.02,,
ESTAT:CRIM_JUST_BRI(1.0),29/04/26 11:00:00,A,PER_SUSP,T,P_HTHAB,EL,2019-01-01,3.47,,
ESTAT:CRIM_JUST_BRI(1.0),29/04/26 11:00:00,A,PER_SUSP,T,P_HTHAB,ES,2019-01-01,0.16,,
ESTAT:CRIM_JUST_BRI(1.0),29/04/26 11:00:00,A,PER_SUSP,T,P_HTHAB,FI,2019-01-01,0.31,,
ESTAT:CRIM_JUST_BRI(1.0),29/04/26 11:00:00,A,PER_SUSP,T,P_HTHAB,FR,2019-01-01,0.52,,
ESTAT:CRIM_JUST_BRI(1.0),29/04/26 11:00:00,A,PER_SUSP,T,P_HTHAB,HR,2019-01-01,0.59,,
ESTAT:CRIM_JUST_BRI(1.0),29/04/26 11:00:00,A,PER_SUSP,T,P_HTHAB,HU,2019-01-01,5.23,,
ESTAT:CRIM_JUST_BRI(1.0),29/04/26 11:00:00,A,PER_SUSP,T,P_HTHAB,IT,2019-01-01,4.73,,
ESTAT:CRIM_JUST_BRI(1.0),29/04/26 11:00:00,A,PER_SUSP,T,P_HTHAB,LT,2019-01-01,1.32,,
ESTAT:CRIM_JUST_BRI(1.0),29/04/26 11:00:00,A,PER_SUSP,T,P_HTHAB,LU,2019-01-01,0.16,,
ESTAT:CRIM_JUST_BRI(1.0),29/04/26 11:00:00,A,PER_SUSP,T,P_HTHAB,LV,2019-01-01,6.67,,
ESTAT:CRIM_JUST_BRI(1.0),29/04/26 11:00:00,A,PER_SUSP,T,P_HTHAB,ME,2019-01-01,0.32,,
ESTAT:CRIM_JUST_BRI(1.0),29/04/26 11:00:00,A,PER_SUSP,T,P_HTHAB,PL,2019-01-01,2.15,,
ESTAT:CRIM_JUST_BRI(1.0),29/04/26 11:00:00,A,PER_SUSP,T,P_HTHAB,PT,2019-01-01,0.61,,
ESTAT:CRIM_JUST_BRI(1.0),29/04/26 11:00:00,A,PER_SUSP,T,P_HTHAB,RO,2019-01-01,2.09,,
ESTAT:CRIM_JUST_BRI(1.0),29/04/26 11:00:00,A,PER_SUSP,T,P_HTHAB,RS,2019-01-01,3.19,,
ESTAT:CRIM_JUST_BRI(1.0),29/04/26 11:00:00,A,PER_SUSP,T,P_HTHAB,SE,2019-01-01,1.73,,
ESTAT:CRIM_JUST_BRI(1.0),29/04/26 11:00:00,A,PER_SUSP,T,P_HTHAB,SI,2019-01-01,12.98,,
ESTAT:CRIM_JUST_BRI(1.0),29/04/26 11:00:00,A,PER_SUSP,T,P_HTHAB,SK,2019-01-01,1.08,,
ESTAT:CRIM_JUST_BRI(1.0),29/04/26 11:00:00,A,PER_SUSP,T,P_HTHAB,XK,2019-01-01,1.5,,
ESTAT:CRIM_JUST_BRI(1.0),29/04/26 11:00:00,A,PER_CNV,T,P_HTHAB,AL,2020-01-01,1.65,,
ESTAT:CRIM_JUST_BRI(1.0),29/04/26 11:00:00,A,PER_CNV,T,P_HTHAB,AT,2020-01-01,0.51,,
ESTAT:CRIM_JUST_BRI(1.0),29/04/26 11:00:00,A,PER_CNV,T,P_HTHAB,BE,2020-01-01,0.17,,
ESTAT:CRIM_JUST_BRI(1.0),29/04/26 11:00:00,A,PER_CNV,T,P_HTHAB,BG,2020-01-01,1.17,,
ESTAT:CRIM_JUST_BRI(1.0),29/04/26 11:00:00,A,PER_CNV,T,P_HTHAB,CH,2020-01-01,0.13,,
ESTAT:CRIM_JUST_BRI(1.0),29/04/26 11:00:00,A,PER_CNV,T,P_HTHAB,CZ,2020-01-01,0.87,,
ESTAT:CRIM_JUST_BRI(1.0),29/04/26 11:00:00,A,PER_CNV,T,P_HTHAB,DE,2020-01-01,0.47,,
ESTAT:CRIM_JUST_BRI(1.0),29/04/26 11:00:00,A,PER_CNV,T,P_HTHAB,DK,2020-01-01,0.1,,
ESTAT:CRIM_JUST_BRI(1.0),29/04/26 11:00:00,A,PER_CNV,T,P_HTHAB,EE,2020-01-01,1.2,,
ESTAT:CRIM_JUST_BRI(1.0),29/04/26 11:00:00,A,PER_CNV,T,P_HTHAB,EL,2020-01-01,0.06,,
ESTAT:CRIM_JUST_BRI(1.0),29/04/26 11:00:00,A,PER_CNV,T,P_HTHAB,ES,2020-01-01,0.14,,
ESTAT:CRIM_JUST_BRI(1.0),29/04/26 11:00:00,A,PER_CNV,T,P_HTHAB,FI,2020-01-01,0.02,,
ESTAT:CRIM_JUST_BRI(1.0),29/04/26 11:00:00,A,PER_CNV,T,P_HTHAB,FR,2020-01-01,0.13,,
ESTAT:CRIM_JUST_BRI(1.0),29/04/26 11:00:00,A,PER_CNV,T,P_HTHAB,HR,2020-01-01,1.23,,
ESTAT:CRIM_JUST_BRI(1.0),29/04/26 11:00:00,A,PER_CNV,T,P_HTHAB,HU,2020-01-01,2.34,,
ESTAT:CRIM_JUST_BRI(1.0),29/04/26 11:00:00,A,PER_CNV,T,P_HTHAB,LT,2020-01-01,5.65,,
ESTAT:CRIM_JUST_BRI(1.0),29/04/26 11:00:00,A,PER_CNV,T,P_HTHAB,LU,2020-01-01,0.16,,
ESTAT:CRIM_JUST_BRI(1.0),29/04/26 11:00:00,A,PER_CNV,T,P_HTHAB,LV,2020-01-01,3.15,,
ESTAT:CRIM_JUST_BRI(1.0),29/04/26 11:00:00,A,PER_CNV,T,P_HTHAB,ME,2020-01-01,0.0,,
ESTAT:CRIM_JUST_BRI(1.0),29/04/26 11:00:00,A,PER_CNV,T,P_HTHAB,MT,2020-01-01,1.55,,
ESTAT:CRIM_JUST_BRI(1.0),29/04/26 11:00:00,A,PER_CNV,T,P_HTHAB,NL,2020-01-01,0.01,,
ESTAT:CRIM_JUST_BRI(1.0),29/04/26 11:00:00,A,PER_CNV,T,P_HTHAB,PL,2020-01-01,2.14,,
ESTAT:CRIM_JUST_BRI(1.0),29/04/26 11:00:00,A,PER_CNV,T,P_HTHAB,PT,2020-01-01,0.77,,
ESTAT:CRIM_JUST_BRI(1.0),29/04/26 11:00:00,A,PER_CNV,T,P_HTHAB,RO,2020-01-01,0.68,,
ESTAT:CRIM_JUST_BRI(1.0),29/04/26 11:00:00,A,PER_CNV,T,P_HTHAB,RS,2020-01-01,2.31,,
ESTAT:CRIM_JUST_BRI(1.0),29/04/26 11:00:00,A,PER_CNV,T,P_HTHAB,SE,2020-01-01,0.17,,
ESTAT:CRIM_JUST_BRI(1.0),29/04/26 11:00:00,A,PER_CNV,T,P_HTHAB,SI,2020-01-01,1.24,,
ESTAT:CRIM_JUST_BRI(1.0),29/04/26 11:00:00,A,PER_CNV,T,P_HTHAB,SK,2020-01-01,1.74,,
ESTAT:CRIM_JUST_BRI(1.0),29/04/26 11:00:00,A,PER_CNV,T,P_HTHAB,TR,2020-01-01,0.49,,
ESTAT:CRIM_JUST_BRI(1.0),29/04/26 11:00:00,A,PER_PRSC,T,P_HTHAB,AL,2020-01-01,1.19,,
ESTAT:CRIM_JUST_BRI(1.0),29/04/26 11:00:00,A,PER_PRSC,T,P_HTHAB,AT,2020-01-01,6.33,,
ESTAT:CRIM_JUST_BRI(1.0),29/04/26 11:00:00,A,PER_PRSC,T,P_HTHAB,BE,2020-01-01,1.64,,
ESTAT:CRIM_JUST_BRI(1.0),29/04/26 11:00:00,A,PER_PRSC,T,P_HTHAB,CZ,2020-01-01,0.95,,
ESTAT:CRIM_JUST_BRI(1.0),29/04/26 11:00:00,A,PER_PRSC,T,P_HTHAB,DK,2020-01-01,0.14,,
ESTAT:CRIM_JUST_BRI(1.0),29/04/26 11:00:00,A,PER_PRSC,T,P_HTHAB,EE,2020-01-01,1.2,,
ESTAT:CRIM_JUST_BRI(1.0),29/04/26 11:00:00,A,PER_PRSC,T,P_HTHAB,EL,2020-01-01,0.58,,
ESTAT:CRIM_JUST_BRI(1.0),29/04/26 11:00:00,A,PER_PRSC,T,P_HTHAB,FI,2020-01-01,0.02,,
ESTAT:CRIM_JUST_BRI(1.0),29/04/26 11:00:00,A,PER_PRSC,T,P_HTHAB,FR,2020-01-01,0.56,,
ESTAT:CRIM_JUST_BRI(1.0),29/04/26 11:00:00,A,PER_PRSC,T,P_HTHAB,HR,2020-01-01,2.31,,
ESTAT:CRIM_JUST_BRI(1.0),29/04/26 11:00:00,A,PER_PRSC,T,P_HTHAB,HU,2020-01-01,22.14,,
ESTAT:CRIM_JUST_BRI(1.0),29/04/26 11:00:00,A,PER_PRSC,T,P_HTHAB,IS,2020-01-01,0.0,,
ESTAT:CRIM_JUST_BRI(1.0),29/04/26 11:00:00,A,PER_PRSC,T,P_HTHAB,LI,2020-01-01,0.0,,
ESTAT:CRIM_JUST_BRI(1.0),29/04/26 11:00:00,A,PER_PRSC,T,P_HTHAB,LT,2020-01-01,5.69,,
ESTAT:CRIM_JUST_BRI(1.0),29/04/26 11:00:00,A,PER_PRSC,T,P_HTHAB,LU,2020-01-01,0.64,,
ESTAT:CRIM_JUST_BRI(1.0),29/04/26 11:00:00,A,PER_PRSC,T,P_HTHAB,LV,2020-01-01,6.08,,
ESTAT:CRIM_JUST_BRI(1.0),29/04/26 11:00:00,A,PER_PRSC,T,P_HTHAB,ME,2020-01-01,1.45,,
ESTAT:CRIM_JUST_BRI(1.0),29/04/26 11:00:00,A,PER_PRSC,T,P_HTHAB,NL,2020-01-01,0.09,,
ESTAT:CRIM_JUST_BRI(1.0),29/04/26 11:00:00,A,PER_PRSC,T,P_HTHAB,PL,2020-01-01,2.44,,
ESTAT:CRIM_JUST_BRI(1.0),29/04/26 11:00:00,A,PER_PRSC,T,P_HTHAB,PT,2020-01-01,0.95,,
ESTAT:CRIM_JUST_BRI(1.0),29/04/26 11:00:00,A,PER_PRSC,T,P_HTHAB,RO,2020-01-01,4.05,,
ESTAT:CRIM_JUST_BRI(1.0),29/04/26 11:00:00,A,PER_PRSC,T,P_HTHAB,RS,2020-01-01,3.85,,
ESTAT:CRIM_JUST_BRI(1.0),29/04/26 11:00:00,A,PER_PRSC,T,P_HTHAB,SE,2020-01-01,0.49,,
ESTAT:CRIM_JUST_BRI(1.0),29/04/26 11:00:00,A,PER_PRSC,T,P_HTHAB,SI,2020-01-01,1.0,,
ESTAT:CRIM_JUST_BRI(1.0),29/04/26 11:00:00,A,PER_PRSC,T,P_HTHAB,SK,2020-01-01,1.85,,
ESTAT:CRIM_JUST_BRI(1.0),29/04/26 11:00:00,A,PER_PRSC,T,P_HTHAB,TR,2020-01-01,4.55,,
ESTAT:CRIM_JUST_BRI(1.0),29/04/26 11:00:00,A,PER_SUSP,T,P_HTHAB,AL,2020-01-01,7.17,,
ESTAT:CRIM_JUST_BRI(1.0),29/04/26 11:00:00,A,PER_SUSP,T,P_HTHAB,AT,2020-01-01,0.6,,
ESTAT:CRIM_JUST_BRI(1.0),29/04/26 11:00:00,A,PER_SUSP,T,P_HTHAB,BE,2020-01-01,0.3,,
ESTAT:CRIM_JUST_BRI(1.0),29/04/26 11:00:00,A,PER_SUSP,T,P_HTHAB,BG,2020-01-01,1.38,,
ESTAT:CRIM_JUST_BRI(1.0),29/04/26 11:00:00,A,PER_SUSP,T,P_HTHAB,CH,2020-01-01,0.21,,
ESTAT:CRIM_JUST_BRI(1.0),29/04/26 11:00:00,A,PER_SUSP,T,P_HTHAB,CY,2020-01-01,3.38,,
ESTAT:CRIM_JUST_BRI(1.0),29/04/26 11:00:00,A,PER_SUSP,T,P_HTHAB,CZ,2020-01-01,1.23,,
ESTAT:CRIM_JUST_BRI(1.0),29/04/26 11:00:00,A,PER_SUSP,T,P_HTHAB,DE,2020-01-01,4.89,,
ESTAT:CRIM_JUST_BRI(1.0),29/04/26 11:00:00,A,PER_SUSP,T,P_HTHAB,DK,2020-01-01,0.03,,
ESTAT:CRIM_JUST_BRI(1.0),29/04/26 11:00:00,A,PER_SUSP,T,P_HTHAB,EL,2020-01-01,6.79,,
ESTAT:CRIM_JUST_BRI(1.0),29/04/26 11:00:00,A,PER_SUSP,T,P_HTHAB,ES,2020-01-01,0.07,,
ESTAT:CRIM_JUST_BRI(1.0),29/04/26 11:00:00,A,PER_SUSP,T,P_HTHAB,FI,2020-01-01,0.38,,
ESTAT:CRIM_JUST_BRI(1.0),29/04/26 11:00:00,A,PER_SUSP,T,P_HTHAB,FR,2020-01-01,0.43,,
ESTAT:CRIM_JUST_BRI(1.0),29/04/26 11:00:00,A,PER_SUSP,T,P_HTHAB,HR,2020-01-01,0.54,,
ESTAT:CRIM_JUST_BRI(1.0),29/04/26 11:00:00,A,PER_SUSP,T,P_HTHAB,HU,2020-01-01,22.06,,
ESTAT:CRIM_JUST_BRI(1.0),29/04/26 11:00:00,A,PER_SUSP,T,P_HTHAB,IT,2020-01-01,3.6,,
ESTAT:CRIM_JUST_BRI(1.0),29/04/26 11:00:00,A,PER_SUSP,T,P_HTHAB,LT,2020-01-01,7.12,,
ESTAT:CRIM_JUST_BRI(1.0),29/04/26 11:00:00,A,PER_SUSP,T,P_HTHAB,LU,2020-01-01,0.64,,
ESTAT:CRIM_JUST_BRI(1.0),29/04/26 11:00:00,A,PER_SUSP,T,P_HTHAB,LV,2020-01-01,6.87,,
ESTAT:CRIM_JUST_BRI(1.0),29/04/26 11:00:00,A,PER_SUSP,T,P_HTHAB,ME,2020-01-01,0.96,,
ESTAT:CRIM_JUST_BRI(1.0),29/04/26 11:00:00,A,PER_SUSP,T,P_HTHAB,PL,2020-01-01,2.48,,
ESTAT:CRIM_JUST_BRI(1.0),29/04/26 11:00:00,A,PER_SUSP,T,P_HTHAB,PT,2020-01-01,0.51,,
ESTAT:CRIM_JUST_BRI(1.0),29/04/26 11:00:00,A,PER_SUSP,T,P_HTHAB,RO,2020-01-01,2.85,,
ESTAT:CRIM_JUST_BRI(1.0),29/04/26 11:00:00,A,PER_SUSP,T,P_HTHAB,RS,2020-01-01,2.08,,
ESTAT:CRIM_JUST_BRI(1.0),29/04/26 11:00:00,A,PER_SUSP,T,P_HTHAB,SE,2020-01-01,2.0,,
ESTAT:CRIM_JUST_BRI(1.0),29/04/26 11:00:00,A,PER_SUSP,T,P_HTHAB,SI,2020-01-01,15.27,,
ESTAT:CRIM_JUST_BRI(1.0),29/04/26 11:00:00,A,PER_SUSP,T,P_HTHAB,SK,2020-01-01,1.85,,
ESTAT:CRIM_JUST_BRI(1.0),29/04/26 11:00:00,A,PER_SUSP,T,P_HTHAB,XK,2020-01-01,1.96,,
ESTAT:CRIM_JUST_BRI(1.0),29/04/26 11:00:00,A,PER_CNV,T,P_HTHAB,AL,2021-01-01,3.43,,
ESTAT:CRIM_JUST_BRI(1.0),29/04/26 11:00:00,A,PER_CNV,T,P_HTHAB,AT,2021-01-01,0.62,,
ESTAT:CRIM_JUST_BRI(1.0),29/04/26 11:00:00,A,PER_CNV,T,P_HTHAB,BG,2021-01-01,1.2,,
ESTAT:CRIM_JUST_BRI(1.0),29/04/26 11:00:00,A,PER_CNV,T,P_HTHAB,CH,2021-01-01,0.14,,
ESTAT:CRIM_JUST_BRI(1.0),29/04/26 11:00:00,A,PER_CNV,T,P_HTHAB,CZ,2021-01-01,0.78,,
ESTAT:CRIM_JUST_BRI(1.0),29/04/26 11:00:00,A,PER_CNV,T,P_HTHAB,DE,2021-01-01,1.02,,
ESTAT:CRIM_JUST_BRI(1.0),29/04/26 11:00:00,A,PER_CNV,T,P_HTHAB,DK,2021-01-01,0.03,,
ESTAT:CRIM_JUST_BRI(1.0),29/04/26 11:00:00,A,PER_CNV,T,P_HTHAB,EE,2021-01-01,1.13,,
ESTAT:CRIM_JUST_BRI(1.0),29/04/26 11:00:00,A,PER_CNV,T,P_HTHAB,EL,2021-01-01,0.03,,
ESTAT:CRIM_JUST_BRI(1.0),29/04/26 11:00:00,A,PER_CNV,T,P_HTHAB,ES,2021-01-01,0.09,,
ESTAT:CRIM_JUST_BRI(1.0),29/04/26 11:00:00,A,PER_CNV,T,P_HTHAB,FI,2021-01-01,0.27,,
ESTAT:CRIM_JUST_BRI(1.0),29/04/26 11:00:00,A,PER_CNV,T,P_HTHAB,FR,2021-01-01,0.2,,
ESTAT:CRIM_JUST_BRI(1.0),29/04/26 11:00:00,A,PER_CNV,T,P_HTHAB,HR,2021-01-01,0.57,,
ESTAT:CRIM_JUST_BRI(1.0),29/04/26 11:00:00,A,PER_CNV,T,P_HTHAB,HU,2021-01-01,2.93,,
ESTAT:CRIM_JUST_BRI(1.0),29/04/26 11:00:00,A,PER_CNV,T,P_HTHAB,IT,2021-01-01,0.4,,
ESTAT:CRIM_JUST_BRI(1.0),29/04/26 11:00:00,A,PER_CNV,T,P_HTHAB,LT,2021-01-01,3.68,,
ESTAT:CRIM_JUST_BRI(1.0),29/04/26 11:00:00,A,PER_CNV,T,P_HTHAB,LU,2021-01-01,0.16,,
ESTAT:CRIM_JUST_BRI(1.0),29/04/26 11:00:00,A,PER_CNV,T,P_HTHAB,LV,2021-01-01,3.64,,
ESTAT:CRIM_JUST_BRI(1.0),29/04/26 11:00:00,A,PER_CNV,T,P_HTHAB,ME,2021-01-01,0.16,,
ESTAT:CRIM_JUST_BRI(1.0),29/04/26 11:00:00,A,PER_CNV,T,P_HTHAB,MK,2021-01-01,0.34,,
ESTAT:CRIM_JUST_BRI(1.0),29/04/26 11:00:00,A,PER_CNV,T,P_HTHAB,NL,2021-01-01,0.04,,
ESTAT:CRIM_JUST_BRI(1.0),29/04/26 11:00:00,A,PER_CNV,T,P_HTHAB,PT,2021-01-01,0.23,,
ESTAT:CRIM_JUST_BRI(1.0),29/04/26 11:00:00,A,PER_CNV,T,P_HTHAB,RO,2021-01-01,0.84,,
ESTAT:CRIM_JUST_BRI(1.0),29/04/26 11:00:00,A,PER_CNV,T,P_HTHAB,RS,2021-01-01,1.46,,
ESTAT:CRIM_JUST_BRI(1.0),29/04/26 11:00:00,A,PER_CNV,T,P_HTHAB,SE,2021-01-01,0.34,,
ESTAT:CRIM_JUST_BRI(1.0),29/04/26 11:00:00,A,PER_CNV,T,P_HTHAB,SI,2021-01-01,0.47,,
ESTAT:CRIM_JUST_BRI(1.0),29/04/26 11:00:00,A,PER_CNV,T,P_HTHAB,SK,2021-01-01,1.47,,
ESTAT:CRIM_JUST_BRI(1.0),29/04/26 11:00:00,A,PER_CNV,T,P_HTHAB,TR,2021-01-01,0.67,,
ESTAT:CRIM_JUST_BRI(1.0),29/04/26 11:00:00,A,PER_PRSC,T,P_HTHAB,AL,2021-01-01,2.19,,
ESTAT:CRIM_JUST_BRI(1.0),29/04/26 11:00:00,A,PER_PRSC,T,P_HTHAB,AT,2021-01-01,17.79,,
ESTAT:CRIM_JUST_BRI(1.0),29/04/26 11:00:00,A,PER_PRSC,T,P_HTHAB,BE,2021-01-01,1.64,,
ESTAT:CRIM_JUST_BRI(1.0),29/04/26 11:00:00,A,PER_PRSC,T,P_HTHAB,CZ,2021-01-01,1.17,,
ESTAT:CRIM_JUST_BRI(1.0),29/04/26 11:00:00,A,PER_PRSC,T,P_HTHAB,DK,2021-01-01,0.19,,
ESTAT:CRIM_JUST_BRI(1.0),29/04/26 11:00:00,A,PER_PRSC,T,P_HTHAB,EE,2021-01-01,1.65,,
ESTAT:CRIM_JUST_BRI(1.0),29/04/26 11:00:00,A,PER_PRSC,T,P_HTHAB,EL,2021-01-01,3.49,,
ESTAT:CRIM_JUST_BRI(1.0),29/04/26 11:00:00,A,PER_PRSC,T,P_HTHAB,FI,2021-01-01,0.38,,
ESTAT:CRIM_JUST_BRI(1.0),29/04/26 11:00:00,A,PER_PRSC,T,P_HTHAB,FR,2021-01-01,0.44,,
ESTAT:CRIM_JUST_BRI(1.0),29/04/26 11:00:00,A,PER_PRSC,T,P_HTHAB,HR,2021-01-01,1.85,,
ESTAT:CRIM_JUST_BRI(1.0),29/04/26 11:00:00,A,PER_PRSC,T,P_HTHAB,HU,2021-01-01,120.42,,
ESTAT:CRIM_JUST_BRI(1.0),29/04/26 11:00:00,A,PER_PRSC,T,P_HTHAB,LI,2021-01-01,2.56,,
ESTAT:CRIM_JUST_BRI(1.0),29/04/26 11:00:00,A,PER_PRSC,T,P_HTHAB,LT,2021-01-01,5.05,,
ESTAT:CRIM_JUST_BRI(1.0),29/04/26 11:00:00,A,PER_PRSC,T,P_HTHAB,LU,2021-01-01,0.0,,
ESTAT:CRIM_JUST_BRI(1.0),29/04/26 11:00:00,A,PER_PRSC,T,P_HTHAB,LV,2021-01-01,8.56,,
ESTAT:CRIM_JUST_BRI(1.0),29/04/26 11:00:00,A,PER_PRSC,T,P_HTHAB,ME,2021-01-01,2.58,,
ESTAT:CRIM_JUST_BRI(1.0),29/04/26 11:00:00,A,PER_PRSC,T,P_HTHAB,MK,2021-01-01,0.63,,
ESTAT:CRIM_JUST_BRI(1.0),29/04/26 11:00:00,A,PER_PRSC,T,P_HTHAB,NL,2021-01-01,0.18,,
ESTAT:CRIM_JUST_BRI(1.0),29/04/26 11:00:00,A,PER_PRSC,T,P_HTHAB,PL,2021-01-01,2.85,,
ESTAT:CRIM_JUST_BRI(1.0),29/04/26 11:00:00,A,PER_PRSC,T,P_HTHAB,PT,2021-01-01,0.43,,
ESTAT:CRIM_JUST_BRI(1.0),29/04/26 11:00:00,A,PER_PRSC,T,P_HTHAB,RO,2021-01-01,2.15,,
ESTAT:CRIM_JUST_BRI(1.0),29/04/26 11:00:00,A,PER_PRSC,T,P_HTHAB,RS,2021-01-01,3.35,,
ESTAT:CRIM_JUST_BRI(1.0),29/04/26 11:00:00,A,PER_PRSC,T,P_HTHAB,SE,2021-01-01,0.66,,
ESTAT:CRIM_JUST_BRI(1.0),29/04/26 11:00:00,A,PER_PRSC,T,P_HTHAB,SI,2021-01-01,0.52,,
ESTAT:CRIM_JUST_BRI(1.0),29/04/26 11:00:00,A,PER_PRSC,T,P_HTHAB,SK,2021-01-01,2.45,,
ESTAT:CRIM_JUST_BRI(1.0),29/04/26 11:00:00,A,PER_PRSC,T,P_HTHAB,TR,2021-01-01,5.91,,
ESTAT:CRIM_JUST_BRI(1.0),29/04/26 11:00:00,A,PER_PRSC,T,P_HTHAB,XK,2021-01-01,0.72,,
ESTAT:CRIM_JUST_BRI(1.0),29/04/26 11:00:00,A,PER_SUSP,T,P_HTHAB,AL,2021-01-01,12.26,,
ESTAT:CRIM_JUST_BRI(1.0),29/04/26 11:00:00,A,PER_SUSP,T,P_HTHAB,AT,2021-01-01,0.88,,
ESTAT:CRIM_JUST_BRI(1.0),29/04/26 11:00:00,A,PER_SUSP,T,P_HTHAB,BE,2021-01-01,0.62,,
ESTAT:CRIM_JUST_BRI(1.0),29/04/26 11:00:00,A,PER_SUSP,T,P_HTHAB,BG,2021-01-01,1.27,,
ESTAT:CRIM_JUST_BRI(1.0),29/04/26 11:00:00,A,PER_SUSP,T,P_HTHAB,CH,2021-01-01,0.53,,
ESTAT:CRIM_JUST_BRI(1.0),29/04/26 11:00:00,A,PER_SUSP,T,P_HTHAB,CY,2021-01-01,1.45,,
ESTAT:CRIM_JUST_BRI(1.0),29/04/26 11:00:00,A,PER_SUSP,T,P_HTHAB,CZ,2021-01-01,0.71,,
ESTAT:CRIM_JUST_BRI(1.0),29/04/26 11:00:00,A,PER_SUSP,T,P_HTHAB,DE,2021-01-01,1.44,,
ESTAT:CRIM_JUST_BRI(1.0),29/04/26 11:00:00,A,PER_SUSP,T,P_HTHAB,DK,2021-01-01,0.03,,
ESTAT:CRIM_JUST_BRI(1.0),29/04/26 11:00:00,A,PER_SUSP,T,P_HTHAB,EL,2021-01-01,7.6,,
ESTAT:CRIM_JUST_BRI(1.0),29/04/26 11:00:00,A,PER_SUSP,T,P_HTHAB,ES,2021-01-01,0.14,,
ESTAT:CRIM_JUST_BRI(1.0),29/04/26 11:00:00,A,PER_SUSP,T,P_HTHAB,FI,2021-01-01,2.82,,
ESTAT:CRIM_JUST_BRI(1.0),29/04/26 11:00:00,A,PER_SUSP,T,P_HTHAB,FR,2021-01-01,0.7,,
ESTAT:CRIM_JUST_BRI(1.0),29/04/26 11:00:00,A,PER_SUSP,T,P_HTHAB,HR,2021-01-01,1.09,,
ESTAT:CRIM_JUST_BRI(1.0),29/04/26 11:00:00,A,PER_SUSP,T,P_HTHAB,HU,2021-01-01,119.98,,
ESTAT:CRIM_JUST_BRI(1.0),29/04/26 11:00:00,A,PER_SUSP,T,P_HTHAB,IT,2021-01-01,3.51,,
ESTAT:CRIM_JUST_BRI(1.0),29/04/26 11:00:00,A,PER_SUSP,T,P_HTHAB,LT,2021-01-01,5.87,,
ESTAT:CRIM_JUST_BRI(1.0),29/04/26 11:00:00,A,PER_SUSP,T,P_HTHAB,LU,2021-01-01,1.26,,
ESTAT:CRIM_JUST_BRI(1.0),29/04/26 11:00:00,A,PER_SUSP,T,P_HTHAB,LV,2021-01-01,10.19,,
ESTAT:CRIM_JUST_BRI(1.0),29/04/26 11:00:00,A,PER_SUSP,T,P_HTHAB,ME,2021-01-01,1.29,,
ESTAT:CRIM_JUST_BRI(1.0),29/04/26 11:00:00,A,PER_SUSP,T,P_HTHAB,PL,2021-01-01,1.75,,
ESTAT:CRIM_JUST_BRI(1.0),29/04/26 11:00:00,A,PER_SUSP,T,P_HTHAB,PT,2021-01-01,0.68,,
ESTAT:CRIM_JUST_BRI(1.0),29/04/26 11:00:00,A,PER_SUSP,T,P_HTHAB,RO,2021-01-01,2.57,,
ESTAT:CRIM_JUST_BRI(1.0),29/04/26 11:00:00,A,PER_SUSP,T,P_HTHAB,RS,2021-01-01,1.79,,
ESTAT:CRIM_JUST_BRI(1.0),29/04/26 11:00:00,A,PER_SUSP,T,P_HTHAB,SE,2021-01-01,1.56,,
ESTAT:CRIM_JUST_BRI(1.0),29/04/26 11:00:00,A,PER_SUSP,T,P_HTHAB,SI,2021-01-01,12.57,,
ESTAT:CRIM_JUST_BRI(1.0),29/04/26 11:00:00,A,PER_SUSP,T,P_HTHAB,SK,2021-01-01,3.74,,
ESTAT:CRIM_JUST_BRI(1.0),29/04/26 11:00:00,A,PER_SUSP,T,P_HTHAB,XK,2021-01-01,3.17,,
ESTAT:CRIM_JUST_BRI(1.0),29/04/26 11:00:00,A,PER_CNV,T,P_HTHAB,AL,2022-01-01,5.69,,
ESTAT:CRIM_JUST_BRI(1.0),29/04/26 11:00:00,A,PER_CNV,T,P_HTHAB,AT,2022-01-01,0.33,,
ESTAT:CRIM_JUST_BRI(1.0),29/04/26 11:00:00,A,PER_CNV,T,P_HTHAB,BG,2022-01-01,0.85,,
ESTAT:CRIM_JUST_BRI(1.0),29/04/26 11:00:00,A,PER_CNV,T,P_HTHAB,CH,2022-01-01,0.18,,
ESTAT:CRIM_JUST_BRI(1.0),29/04/26 11:00:00,A,PER_CNV,T,P_HTHAB,CZ,2022-01-01,0.65,,
ESTAT:CRIM_JUST_BRI(1.0),29/04/26 11:00:00,A,PER_CNV,T,P_HTHAB,DE,2022-01-01,0.79,,
ESTAT:CRIM_JUST_BRI(1.0),29/04/26 11:00:00,A,PER_CNV,T,P_HTHAB,DK,2022-01-01,0.07,,
ESTAT:CRIM_JUST_BRI(1.0),29/04/26 11:00:00,A,PER_CNV,T,P_HTHAB,EE,2022-01-01,0.53,,
ESTAT:CRIM_JUST_BRI(1.0),29/04/26 11:00:00,A,PER_CNV,T,P_HTHAB,EL,2022-01-01,0.05,,
ESTAT:CRIM_JUST_BRI(1.0),29/04/26 11:00:00,A,PER_CNV,T,P_HTHAB,ES,2022-01-01,0.12,,
ESTAT:CRIM_JUST_BRI(1.0),29/04/26 11:00:00,A,PER_CNV,T,P_HTHAB,FI,2022-01-01,0.88,,
ESTAT:CRIM_JUST_BRI(1.0),29/04/26 11:00:00,A,PER_CNV,T,P_HTHAB,FR,2022-01-01,0.22,,
ESTAT:CRIM_JUST_BRI(1.0),29/04/26 11:00:00,A,PER_CNV,T,P_HTHAB,HR,2022-01-01,1.45,,
ESTAT:CRIM_JUST_BRI(1.0),29/04/26 11:00:00,A,PER_CNV,T,P_HTHAB,HU,2022-01-01,2.8,,
ESTAT:CRIM_JUST_BRI(1.0),29/04/26 11:00:00,A,PER_CNV,T,P_HTHAB,IT,2022-01-01,0.51,,
ESTAT:CRIM_JUST_BRI(1.0),29/04/26 11:00:00,A,PER_CNV,T,P_HTHAB,LT,2022-01-01,3.14,,
ESTAT:CRIM_JUST_BRI(1.0),29/04/26 11:00:00,A,PER_CNV,T,P_HTHAB,LU,2022-01-01,0.62,,
ESTAT:CRIM_JUST_BRI(1.0),29/04/26 11:00:00,A,PER_CNV,T,P_HTHAB,LV,2022-01-01,3.89,,
ESTAT:CRIM_JUST_BRI(1.0),29/04/26 11:00:00,A,PER_CNV,T,P_HTHAB,ME,2022-01-01,0.16,,
ESTAT:CRIM_JUST_BRI(1.0),29/04/26 11:00:00,A,PER_CNV,T,P_HTHAB,MK,2022-01-01,0.44,,
ESTAT:CRIM_JUST_BRI(1.0),29/04/26 11:00:00,A,PER_CNV,T,P_HTHAB,MT,2022-01-01,1.15,,
ESTAT:CRIM_JUST_BRI(1.0),29/04/26 11:00:00,A,PER_CNV,T,P_HTHAB,NL,2022-01-01,0.04,,
ESTAT:CRIM_JUST_BRI(1.0),29/04/26 11:00:00,A,PER_CNV,T,P_HTHAB,PT,2022-01-01,0.83,,
ESTAT:CRIM_JUST_BRI(1.0),29/04/26 11:00:00,A,PER_CNV,T,P_HTHAB,RO,2022-01-01,0.59,,
ESTAT:CRIM_JUST_BRI(1.0),29/04/26 11:00:00,A,PER_CNV,T,P_HTHAB,RS,2022-01-01,0.75,,
ESTAT:CRIM_JUST_BRI(1.0),29/04/26 11:00:00,A,PER_CNV,T,P_HTHAB,SE,2022-01-01,0.48,,
ESTAT:CRIM_JUST_BRI(1.0),29/04/26 11:00:00,A,PER_CNV,T,P_HTHAB,SI,2022-01-01,0.81,,
ESTAT:CRIM_JUST_BRI(1.0),29/04/26 11:00:00,A,PER_CNV,T,P_HTHAB,SK,2022-01-01,1.12,,
ESTAT:CRIM_JUST_BRI(1.0),29/04/26 11:00:00,A,PER_CNV,T,P_HTHAB,TR,2022-01-01,0.75,,
ESTAT:CRIM_JUST_BRI(1.0),29/04/26 11:00:00,A,PER_PRSC,T,P_HTHAB,AL,2022-01-01,7.52,,
ESTAT:CRIM_JUST_BRI(1.0),29/04/26 11:00:00,A,PER_PRSC,T,P_HTHAB,AT,2022-01-01,12.42,,
ESTAT:CRIM_JUST_BRI(1.0),29/04/26 11:00:00,A,PER_PRSC,T,P_HTHAB,BE,2022-01-01,1.64,,
ESTAT:CRIM_JUST_BRI(1.0),29/04/26 11:00:00,A,PER_PRSC,T,P_HTHAB,CZ,2022-01-01,1.03,,
ESTAT:CRIM_JUST_BRI(1.0),29/04/26 11:00:00,A,PER_PRSC,T,P_HTHAB,DK,2022-01-01,0.24,,
ESTAT:CRIM_JUST_BRI(1.0),29/04/26 11:00:00,A,PER_PRSC,T,P_HTHAB,EE,2022-01-01,0.6,,
ESTAT:CRIM_JUST_BRI(1.0),29/04/26 11:00:00,A,PER_PRSC,T,P_HTHAB,EL,2022-01-01,0.98,,
ESTAT:CRIM_JUST_BRI(1.0),29/04/26 11:00:00,A,PER_PRSC,T,P_HTHAB,FI,2022-01-01,1.05,,
ESTAT:CRIM_JUST_BRI(1.0),29/04/26 11:00:00,A,PER_PRSC,T,P_HTHAB,FR,2022-01-01,0.62,,
ESTAT:CRIM_JUST_BRI(1.0),29/04/26 11:00:00,A,PER_PRSC,T,P_HTHAB,HR,2022-01-01,2.98,,
ESTAT:CRIM_JUST_BRI(1.0),29/04/26 11:00:00,A,PER_PRSC,T,P_HTHAB,HU,2022-01-01,12.05,,
ESTAT:CRIM_JUST_BRI(1.0),29/04/26 11:00:00,A,PER_PRSC,T,P_HTHAB,IS,2022-01-01,0.0,,
ESTAT:CRIM_JUST_BRI(1.0),29/04/26 11:00:00,A,PER_PRSC,T,P_HTHAB,LI,2022-01-01,0.0,,
ESTAT:CRIM_JUST_BRI(1.0),29/04/26 11:00:00,A,PER_PRSC,T,P_HTHAB,LT,2022-01-01,4.42,,
ESTAT:CRIM_JUST_BRI(1.0),29/04/26 11:00:00,A,PER_PRSC,T,P_HTHAB,LU,2022-01-01,0.15,,
ESTAT:CRIM_JUST_BRI(1.0),29/04/26 11:00:00,A,PER_PRSC,T,P_HTHAB,LV,2022-01-01,8.0,,
ESTAT:CRIM_JUST_BRI(1.0),29/04/26 11:00:00,A,PER_PRSC,T,P_HTHAB,ME,2022-01-01,3.08,,
ESTAT:CRIM_JUST_BRI(1.0),29/04/26 11:00:00,A,PER_PRSC,T,P_HTHAB,MK,2022-01-01,0.38,,
ESTAT:CRIM_JUST_BRI(1.0),29/04/26 11:00:00,A,PER_PRSC,T,P_HTHAB,NL,2022-01-01,0.13,,
ESTAT:CRIM_JUST_BRI(1.0),29/04/26 11:00:00,A,PER_PRSC,T,P_HTHAB,PL,2022-01-01,2.96,,
ESTAT:CRIM_JUST_BRI(1.0),29/04/26 11:00:00,A,PER_PRSC,T,P_HTHAB,PT,2022-01-01,1.11,,
ESTAT:CRIM_JUST_BRI(1.0),29/04/26 11:00:00,A,PER_PRSC,T,P_HTHAB,RO,2022-01-01,2.99,,
ESTAT:CRIM_JUST_BRI(1.0),29/04/26 11:00:00,A,PER_PRSC,T,P_HTHAB,RS,2022-01-01,2.37,,
ESTAT:CRIM_JUST_BRI(1.0),29/04/26 11:00:00,A,PER_PRSC,T,P_HTHAB,SE,2022-01-01,0.44,,
ESTAT:CRIM_JUST_BRI(1.0),29/04/26 11:00:00,A,PER_PRSC,T,P_HTHAB,SI,2022-01-01,0.28,,
ESTAT:CRIM_JUST_BRI(1.0),29/04/26 11:00:00,A,PER_PRSC,T,P_HTHAB,SK,2022-01-01,1.45,,
ESTAT:CRIM_JUST_BRI(1.0),29/04/26 11:00:00,A,PER_PRSC,T,P_HTHAB,TR,2022-01-01,6.07,,
ESTAT:CRIM_JUST_BRI(1.0),29/04/26 11:00:00,A,PER_PRSC,T,P_HTHAB,XK,2022-01-01,0.39,,
ESTAT:CRIM_JUST_BRI(1.0),29/04/26 11:00:00,A,PER_SUSP,T,P_HTHAB,AL,2022-01-01,20.98,,
ESTAT:CRIM_JUST_BRI(1.0),29/04/26 11:00:00,A,PER_SUSP,T,P_HTHAB,AT,2022-01-01,3.79,,
ESTAT:CRIM_JUST_BRI(1.0),29/04/26 11:00:00,A,PER_SUSP,T,P_HTHAB,BE,2022-01-01,0.34,,
ESTAT:CRIM_JUST_BRI(1.0),29/04/26 11:00:00,A,PER_SUSP,T,P_HTHAB,BG,2022-01-01,1.34,,
ESTAT:CRIM_JUST_BRI(1.0),29/04/26 11:00:00,A,PER_SUSP,T,P_HTHAB,CH,2022-01-01,0.72,,
ESTAT:CRIM_JUST_BRI(1.0),29/04/26 11:00:00,A,PER_SUSP,T,P_HTHAB,CY,2022-01-01,3.21,,
ESTAT:CRIM_JUST_BRI(1.0),29/04/26 11:00:00,A,PER_SUSP,T,P_HTHAB,CZ,2022-01-01,0.87,,
ESTAT:CRIM_JUST_BRI(1.0),29/04/26 11:00:00,A,PER_SUSP,T,P_HTHAB,DE,2022-01-01,1.66,,
ESTAT:CRIM_JUST_BRI(1.0),29/04/26 11:00:00,A,PER_SUSP,T,P_HTHAB,DK,2022-01-01,0.0,,
ESTAT:CRIM_JUST_BRI(1.0),29/04/26 11:00:00,A,PER_SUSP,T,P_HTHAB,EL,2022-01-01,5.03,,
ESTAT:CRIM_JUST_BRI(1.0),29/04/26 11:00:00,A,PER_SUSP,T,P_HTHAB,ES,2022-01-01,0.19,,
ESTAT:CRIM_JUST_BRI(1.0),29/04/26 11:00:00,A,PER_SUSP,T,P_HTHAB,FI,2022-01-01,0.45,,
ESTAT:CRIM_JUST_BRI(1.0),29/04/26 11:00:00,A,PER_SUSP,T,P_HTHAB,FR,2022-01-01,0.47,,
ESTAT:CRIM_JUST_BRI(1.0),29/04/26 11:00:00,A,PER_SUSP,T,P_HTHAB,HR,2022-01-01,6.65,,
ESTAT:CRIM_JUST_BRI(1.0),29/04/26 11:00:00,A,PER_SUSP,T,P_HTHAB,HU,2022-01-01,12.12,,
ESTAT:CRIM_JUST_BRI(1.0),29/04/26 11:00:00,A,PER_SUSP,T,P_HTHAB,IE,2022-01-01,0.06,,
ESTAT:CRIM_JUST_BRI(1.0),29/04/26 11:00:00,A,PER_SUSP,T,P_HTHAB,IT,2022-01-01,4.27,,
ESTAT:CRIM_JUST_BRI(1.0),29/04/26 11:00:00,A,PER_SUSP,T,P_HTHAB,LT,2022-01-01,6.56,,
ESTAT:CRIM_JUST_BRI(1.0),29/04/26 11:00:00,A,PER_SUSP,T,P_HTHAB,LU,2022-01-01,0.0,,
ESTAT:CRIM_JUST_BRI(1.0),29/04/26 11:00:00,A,PER_SUSP,T,P_HTHAB,LV,2022-01-01,9.28,,
ESTAT:CRIM_JUST_BRI(1.0),29/04/26 11:00:00,A,PER_SUSP,T,P_HTHAB,ME,2022-01-01,3.56,,
ESTAT:CRIM_JUST_BRI(1.0),29/04/26 11:00:00,A,PER_SUSP,T,P_HTHAB,MT,2022-01-01,0.0,,
ESTAT:CRIM_JUST_BRI(1.0),29/04/26 11:00:00,A,PER_SUSP,T,P_HTHAB,PL,2022-01-01,2.48,,
ESTAT:CRIM_JUST_BRI(1.0),29/04/26 11:00:00,A,PER_SUSP,T,P_HTHAB,PT,2022-01-01,0.59,,
ESTAT:CRIM_JUST_BRI(1.0),29/04/26 11:00:00,A,PER_SUSP,T,P_HTHAB,RO,2022-01-01,2.04,,
ESTAT:CRIM_JUST_BRI(1.0),29/04/26 11:00:00,A,PER_SUSP,T,P_HTHAB,RS,2022-01-01,1.02,,
ESTAT:CRIM_JUST_BRI(1.0),29/04/26 11:00:00,A,PER_SUSP,T,P_HTHAB,SE,2022-01-01,1.09,,
ESTAT:CRIM_JUST_BRI(1.0),29/04/26 11:00:00,A,PER_SUSP,T,P_HTHAB,SI,2022-01-01,11.39,,
ESTAT:CRIM_JUST_BRI(1.0),29/04/26 11:00:00,A,PER_SUSP,T,P_HTHAB,SK,2022-01-01,3.07,,
