DATAFLOW,LAST UPDATE,freq,border,unit,reason,citizen,geo,TIME_PERIOD,OBS_VALUE,OBS_FLAG,CONF_STATUS
ESTAT:MIGR_EIRFS(1.0),12/05/26 11:00:00,A,LAND,PER,TOTAL,MA,EL,2008-01-01,10.0,,
ESTAT:MIGR_EIRFS(1.0),12/05/26 11:00:00,A,LAND,PER,TOTAL,MA,ES,2008-01-01,493630.0,,
ESTAT:MIGR_EIRFS(1.0),12/05/26 11:00:00,A,LAND,PER,TOTAL,MA,IT,2008-01-01,60.0,,
ESTAT:MIGR_EIRFS(1.0),12/05/26 11:00:00,A,LAND,PER,TOTAL,TOTAL,EL,2008-01-01,1315.0,,
ESTAT:MIGR_EIRFS(1.0),12/05/26 11:00:00,A,LAND,PER,TOTAL,TOTAL,ES,2008-01-01,493705.0,,
ESTAT:MIGR_EIRFS(1.0),12/05/26 11:00:00,A,LAND,PER,TOTAL,TOTAL,IT,2008-01-01,1820.0,,
ESTAT:MIGR_EIRFS(1.0),12/05/26 11:00:00,A,SEA,PER,TOTAL,MA,EL,2008-01-01,0.0,,
ESTAT:MIGR_EIRFS(1.0),12/05/26 11:00:00,A,SEA,PER,TOTAL,MA,ES,2008-01-01,2705.0,,
ESTAT:MIGR_EIRFS(1.0),12/05/26 11:00:00,A,SEA,PER,TOTAL,MA,IT,2008-01-01,110.0,,
ESTAT:MIGR_EIRFS(1.0),12/05/26 11:00:00,A,SEA,PER,TOTAL,TOTAL,EL,2008-01-01,210.0,,
ESTAT:MIGR_EIRFS(1.0),12/05/26 11:00:00,A,SEA,PER,TOTAL,TOTAL,ES,2008-01-01,2785.0,,
ESTAT:MIGR_EIRFS(1.0),12/05/26 11:00:00,A,SEA,PER,TOTAL,TOTAL,IT,2008-01-01,1445.0,,
ESTAT:MIGR_EIRFS(1.0),12/05/26 11:00:00,A,LAND,PER,TOTAL,MA,EL,2009-01-01,10.0,,
ESTAT:MIGR_EIRFS(1.0),12/05/26 11:00:00,A,LAND,PER,TOTAL,MA,ES,2009-01-01,375880.0,,
ESTAT:MIGR_EIRFS(1.0),12/05/26 11:00:00,A,LAND,PER,TOTAL,TOTAL,EL,2009-01-01,1875.0,,
ESTAT:MIGR_EIRFS(1.0),12/05/26 11:00:00,A,LAND,PER,TOTAL,TOTAL,ES,2009-01-01,375905.0,,
ESTAT:MIGR_EIRFS(1.0),12/05/26 11:00:00,A,SEA,PER,TOTAL,MA,EL,2009-01-01,0.0,,
ESTAT:MIGR_EIRFS(1.0),12/05/26 11:00:00,A,SEA,PER,TOTAL,MA,ES,2009-01-01,1115.0,,
ESTAT:MIGR_EIRFS(1.0),12/05/26 11:00:00,A,SEA,PER,TOTAL,MA,IT,2009-01-01,60.0,,
ESTAT:MIGR_EIRFS(1.0),12/05/26 11:00:00,A,SEA,PER,TOTAL,TOTAL,EL,2009-01-01,385.0,,
ESTAT:MIGR_EIRFS(1.0),12/05/26 11:00:00,A,SEA,PER,TOTAL,TOTAL,ES,2009-01-01,1165.0,,
ESTAT:MIGR_EIRFS(1.0),12/05/26 11:00:00,A,SEA,PER,TOTAL,TOTAL,IT,2009-01-01,1190.0,,
ESTAT:MIGR_EIRFS(1.0),12/05/26 11:00:00,A,LAND,PER,TOTAL,MA,EL,2010-01-01,5.0,,
ESTAT:MIGR_EIRFS(1.0),12/05/26 11:00:00,A,LAND,PER,TOTAL,MA,ES,2010-01-01,281555.0,,
ESTAT:MIGR_EIRFS(1.0),12/05/26 11:00:00,A,LAND,PER,TOTAL,TOTAL,EL,2010-01-01,3225.0,,
ESTAT:MIGR_EIRFS(1.0),12/05/26 11:00:00,A,LAND,PER,TOTAL,TOTAL,ES,2010-01-01,281750.0,,
ESTAT:MIGR_EIRFS(1.0),12/05/26 11:00:00,A,SEA,PER,TOTAL,MA,EL,2010-01-01,0.0,,
ESTAT:MIGR_EIRFS(1.0),12/05/26 11:00:00,A,SEA,PER,TOTAL,MA,ES,2010-01-01,195.0,,
ESTAT:MIGR_EIRFS(1.0),12/05/26 11:00:00,A,SEA,PER,TOTAL,MA,IT,2010-01-01,35.0,,
ESTAT:MIGR_EIRFS(1.0),12/05/26 11:00:00,A,SEA,PER,TOTAL,TOTAL,EL,2010-01-01,165.0,,
ESTAT:MIGR_EIRFS(1.0),12/05/26 11:00:00,A,SEA,PER,TOTAL,TOTAL,ES,2010-01-01,230.0,,
ESTAT:MIGR_EIRFS(1.0),12/05/26 11:00:00,A,SEA,PER,TOTAL,TOTAL,IT,2010-01-01,1270.0,,
ESTAT:MIGR_EIRFS(1.0),12/05/26 11:00:00,A,LAND,PER,TOTAL,MA,EL,2011-01-01,10.0,,
ESTAT:MIGR_EIRFS(1.0),12/05/26 11:00:00,A,LAND,PER,TOTAL,MA,ES,2011-01-01,219455.0,,
ESTAT:MIGR_EIRFS(1.0),12/05/26 11:00:00,A,LAND,PER,TOTAL,TOTAL,EL,2011-01-01,10470.0,,
ESTAT:MIGR_EIRFS(1.0),12/05/26 11:00:00,A,LAND,PER,TOTAL,TOTAL,ES,2011-01-01,219465.0,,
ESTAT:MIGR_EIRFS(1.0),12/05/26 11:00:00,A,SEA,PER,TOTAL,MA,EL,2011-01-01,0.0,,
ESTAT:MIGR_EIRFS(1.0),12/05/26 11:00:00,A,SEA,PER,TOTAL,MA,ES,2011-01-01,220.0,,
ESTAT:MIGR_EIRFS(1.0),12/05/26 11:00:00,A,SEA,PER,TOTAL,MA,IT,2011-01-01,40.0,,
ESTAT:MIGR_EIRFS(1.0),12/05/26 11:00:00,A,SEA,PER,TOTAL,TOTAL,EL,2011-01-01,225.0,,
ESTAT:MIGR_EIRFS(1.0),12/05/26 11:00:00,A,SEA,PER,TOTAL,TOTAL,ES,2011-01-01,250.0,,
ESTAT:MIGR_EIRFS(1.0),12/05/26 11:00:00,A,SEA,PER,TOTAL,TOTAL,IT,2011-01-01,4345.0,,
ESTAT:MIGR_EIRFS(1.0),12/05/26 11:00:00,A,LAND,PER,TOTAL,MA,EL,2012-01-01,5.0,,
ESTAT:MIGR_EIRFS(1.0),12/05/26 11:00:00,A,LAND,PER,TOTAL,MA,ES,2012-01-01,194115.0,,
ESTAT:MIGR_EIRFS(1.0),12/05/26 11:00:00,A,LAND,PER,TOTAL,TOTAL,EL,2012-01-01,8690.0,,
ESTAT:MIGR_EIRFS(1.0),12/05/26 11:00:00,A,LAND,PER,TOTAL,TOTAL,ES,2012-01-01,194150.0,,
ESTAT:MIGR_EIRFS(1.0),12/05/26 11:00:00,A,SEA,PER,TOTAL,MA,EL,2012-01-01,0.0,,
ESTAT:MIGR_EIRFS(1.0),12/05/26 11:00:00,A,SEA,PER,TOTAL,MA,ES,2012-01-01,480.0,,
ESTAT:MIGR_EIRFS(1.0),12/05/26 11:00:00,A,SEA,PER,TOTAL,MA,IT,2012-01-01,35.0,,
ESTAT:MIGR_EIRFS(1.0),12/05/26 11:00:00,A,SEA,PER,TOTAL,TOTAL,EL,2012-01-01,220.0,,
ESTAT:MIGR_EIRFS(1.0),12/05/26 11:00:00,A,SEA,PER,TOTAL,TOTAL,ES,2012-01-01,510.0,,
ESTAT:MIGR_EIRFS(1.0),12/05/26 11:00:00,A,SEA,PER,TOTAL,TOTAL,IT,2012-01-01,3210.0,,
ESTAT:MIGR_EIRFS(1.0),12/05/26 11:00:00,A,LAND,PER,TOTAL,MA,EL,2013-01-01,5.0,,
ESTAT:MIGR_EIRFS(1.0),12/05/26 11:00:00,A,LAND,PER,TOTAL,MA,ES,2013-01-01,188205.0,,
ESTAT:MIGR_EIRFS(1.0),12/05/26 11:00:00,A,LAND,PER,TOTAL,TOTAL,EL,2013-01-01,6115.0,,
ESTAT:MIGR_EIRFS(1.0),12/05/26 11:00:00,A,LAND,PER,TOTAL,TOTAL,ES,2013-01-01,188220.0,,
ESTAT:MIGR_EIRFS(1.0),12/05/26 11:00:00,A,SEA,PER,TOTAL,MA,EL,2013-01-01,0.0,,
ESTAT:MIGR_EIRFS(1.0),12/05/26 11:00:00,A,SEA,PER,TOTAL,MA,ES,2013-01-01,410.0,,
ESTAT:MIGR_EIRFS(1.0),12/05/26 11:00:00,A,SEA,PER,TOTAL,MA,IT,2013-01-01,35.0,,
ESTAT:MIGR_EIRFS(1.0),12/05/26 11:00:00,A,SEA,PER,TOTAL,TOTAL,EL,2013-01-01,260.0,,
ESTAT:MIGR_EIRFS(1.0),12/05/26 11:00:00,A,SEA,PER,TOTAL,TOTAL,ES,2013-01-01,435.0,,
ESTAT:MIGR_EIRFS(1.0),12/05/26 11:00:00,A,SEA,PER,TOTAL,TOTAL,IT,2013-01-01,2225.0,,
ESTAT:MIGR_EIRFS(1.0),12/05/26 11:00:00,A,LAND,PER,TOTAL,MA,EL,2014-01-01,0.0,,
ESTAT:MIGR_EIRFS(1.0),12/05/26 11:00:00,A,LAND,PER,TOTAL,MA,ES,2014-01-01,167115.0,,
ESTAT:MIGR_EIRFS(1.0),12/05/26 11:00:00,A,LAND,PER,TOTAL,TOTAL,EL,2014-01-01,5510.0,,
ESTAT:MIGR_EIRFS(1.0),12/05/26 11:00:00,A,LAND,PER,TOTAL,TOTAL,ES,2014-01-01,167115.0,,
ESTAT:MIGR_EIRFS(1.0),12/05/26 11:00:00,A,SEA,PER,TOTAL,MA,EL,2014-01-01,5.0,,
ESTAT:MIGR_EIRFS(1.0),12/05/26 11:00:00,A,SEA,PER,TOTAL,MA,ES,2014-01-01,480.0,,
ESTAT:MIGR_EIRFS(1.0),12/05/26 11:00:00,A,SEA,PER,TOTAL,MA,IT,2014-01-01,40.0,,
ESTAT:MIGR_EIRFS(1.0),12/05/26 11:00:00,A,SEA,PER,TOTAL,TOTAL,EL,2014-01-01,235.0,,
ESTAT:MIGR_EIRFS(1.0),12/05/26 11:00:00,A,SEA,PER,TOTAL,TOTAL,ES,2014-01-01,495.0,,
ESTAT:MIGR_EIRFS(1.0),12/05/26 11:00:00,A,SEA,PER,TOTAL,TOTAL,IT,2014-01-01,2460.0,,
ESTAT:MIGR_EIRFS(1.0),12/05/26 11:00:00,A,LAND,PER,TOTAL,MA,EL,2015-01-01,15.0,,
ESTAT:MIGR_EIRFS(1.0),12/05/26 11:00:00,A,LAND,PER,TOTAL,MA,ES,2015-01-01,162775.0,,
ESTAT:MIGR_EIRFS(1.0),12/05/26 11:00:00,A,LAND,PER,TOTAL,TOTAL,EL,2015-01-01,5790.0,,
ESTAT:MIGR_EIRFS(1.0),12/05/26 11:00:00,A,LAND,PER,TOTAL,TOTAL,ES,2015-01-01,162775.0,,
ESTAT:MIGR_EIRFS(1.0),12/05/26 11:00:00,A,SEA,PER,TOTAL,MA,EL,2015-01-01,0.0,,
ESTAT:MIGR_EIRFS(1.0),12/05/26 11:00:00,A,SEA,PER,TOTAL,MA,ES,2015-01-01,520.0,,
ESTAT:MIGR_EIRFS(1.0),12/05/26 11:00:00,A,SEA,PER,TOTAL,MA,IT,2015-01-01,40.0,,
ESTAT:MIGR_EIRFS(1.0),12/05/26 11:00:00,A,SEA,PER,TOTAL,TOTAL,EL,2015-01-01,250.0,,
ESTAT:MIGR_EIRFS(1.0),12/05/26 11:00:00,A,SEA,PER,TOTAL,TOTAL,ES,2015-01-01,540.0,,
ESTAT:MIGR_EIRFS(1.0),12/05/26 11:00:00,A,SEA,PER,TOTAL,TOTAL,IT,2015-01-01,2760.0,,
ESTAT:MIGR_EIRFS(1.0),12/05/26 11:00:00,A,LAND,PER,TOTAL,MA,EL,2016-01-01,5.0,,
ESTAT:MIGR_EIRFS(1.0),12/05/26 11:00:00,A,LAND,PER,TOTAL,MA,ES,2016-01-01,185085.0,,
ESTAT:MIGR_EIRFS(1.0),12/05/26 11:00:00,A,LAND,PER,TOTAL,MA,IT,2016-01-01,0.0,,
ESTAT:MIGR_EIRFS(1.0),12/05/26 11:00:00,A,LAND,PER,TOTAL,TOTAL,EL,2016-01-01,17230.0,,
ESTAT:MIGR_EIRFS(1.0),12/05/26 11:00:00,A,LAND,PER,TOTAL,TOTAL,ES,2016-01-01,185090.0,,
ESTAT:MIGR_EIRFS(1.0),12/05/26 11:00:00,A,LAND,PER,TOTAL,TOTAL,IT,2016-01-01,0.0,,
ESTAT:MIGR_EIRFS(1.0),12/05/26 11:00:00,A,SEA,PER,TOTAL,MA,EL,2016-01-01,0.0,,
ESTAT:MIGR_EIRFS(1.0),12/05/26 11:00:00,A,SEA,PER,TOTAL,MA,ES,2016-01-01,930.0,,
ESTAT:MIGR_EIRFS(1.0),12/05/26 11:00:00,A,SEA,PER,TOTAL,MA,IT,2016-01-01,40.0,,
ESTAT:MIGR_EIRFS(1.0),12/05/26 11:00:00,A,SEA,PER,TOTAL,TOTAL,EL,2016-01-01,275.0,,
ESTAT:MIGR_EIRFS(1.0),12/05/26 11:00:00,A,SEA,PER,TOTAL,TOTAL,ES,2016-01-01,965.0,,
ESTAT:MIGR_EIRFS(1.0),12/05/26 11:00:00,A,SEA,PER,TOTAL,TOTAL,IT,2016-01-01,3725.0,,
ESTAT:MIGR_EIRFS(1.0),12/05/26 11:00:00,A,LAND,PER,TOTAL,MA,EL,2017-01-01,5.0,,
ESTAT:MIGR_EIRFS(1.0),12/05/26 11:00:00,A,LAND,PER,TOTAL,MA,ES,2017-01-01,194580.0,,
ESTAT:MIGR_EIRFS(1.0),12/05/26 11:00:00,A,LAND,PER,TOTAL,MA,IT,2017-01-01,15.0,,
ESTAT:MIGR_EIRFS(1.0),12/05/26 11:00:00,A,LAND,PER,TOTAL,TOTAL,EL,2017-01-01,19990.0,,
ESTAT:MIGR_EIRFS(1.0),12/05/26 11:00:00,A,LAND,PER,TOTAL,TOTAL,ES,2017-01-01,194590.0,,
ESTAT:MIGR_EIRFS(1.0),12/05/26 11:00:00,A,LAND,PER,TOTAL,TOTAL,IT,2017-01-01,250.0,,
ESTAT:MIGR_EIRFS(1.0),12/05/26 11:00:00,A,SEA,PER,TOTAL,MA,EL,2017-01-01,0.0,,
ESTAT:MIGR_EIRFS(1.0),12/05/26 11:00:00,A,SEA,PER,TOTAL,MA,ES,2017-01-01,1790.0,,
ESTAT:MIGR_EIRFS(1.0),12/05/26 11:00:00,A,SEA,PER,TOTAL,MA,IT,2017-01-01,45.0,,
ESTAT:MIGR_EIRFS(1.0),12/05/26 11:00:00,A,SEA,PER,TOTAL,TOTAL,EL,2017-01-01,420.0,,
ESTAT:MIGR_EIRFS(1.0),12/05/26 11:00:00,A,SEA,PER,TOTAL,TOTAL,ES,2017-01-01,1880.0,,
ESTAT:MIGR_EIRFS(1.0),12/05/26 11:00:00,A,SEA,PER,TOTAL,TOTAL,IT,2017-01-01,4395.0,,
ESTAT:MIGR_EIRFS(1.0),12/05/26 11:00:00,A,LAND,PER,TOTAL,MA,EL,2018-01-01,5.0,,
ESTAT:MIGR_EIRFS(1.0),12/05/26 11:00:00,A,LAND,PER,TOTAL,MA,ES,2018-01-01,221515.0,,
ESTAT:MIGR_EIRFS(1.0),12/05/26 11:00:00,A,LAND,PER,TOTAL,MA,IT,2018-01-01,0.0,,
ESTAT:MIGR_EIRFS(1.0),12/05/26 11:00:00,A,LAND,PER,TOTAL,TOTAL,EL,2018-01-01,13180.0,,
ESTAT:MIGR_EIRFS(1.0),12/05/26 11:00:00,A,LAND,PER,TOTAL,TOTAL,ES,2018-01-01,221520.0,,
ESTAT:MIGR_EIRFS(1.0),12/05/26 11:00:00,A,LAND,PER,TOTAL,TOTAL,IT,2018-01-01,0.0,,
ESTAT:MIGR_EIRFS(1.0),12/05/26 11:00:00,A,SEA,PER,TOTAL,MA,EL,2018-01-01,0.0,,
ESTAT:MIGR_EIRFS(1.0),12/05/26 11:00:00,A,SEA,PER,TOTAL,MA,ES,2018-01-01,1915.0,,
ESTAT:MIGR_EIRFS(1.0),12/05/26 11:00:00,A,SEA,PER,TOTAL,MA,IT,2018-01-01,0.0,,
ESTAT:MIGR_EIRFS(1.0),12/05/26 11:00:00,A,SEA,PER,TOTAL,TOTAL,EL,2018-01-01,345.0,,
ESTAT:MIGR_EIRFS(1.0),12/05/26 11:00:00,A,SEA,PER,TOTAL,TOTAL,ES,2018-01-01,1975.0,,
ESTAT:MIGR_EIRFS(1.0),12/05/26 11:00:00,A,SEA,PER,TOTAL,TOTAL,IT,2018-01-01,1345.0,,
ESTAT:MIGR_EIRFS(1.0),12/05/26 11:00:00,A,LAND,PER,TOTAL,MA,EL,2019-01-01,5.0,,
ESTAT:MIGR_EIRFS(1.0),12/05/26 11:00:00,A,LAND,PER,TOTAL,MA,ES,2019-01-01,483285.0,,
ESTAT:MIGR_EIRFS(1.0),12/05/26 11:00:00,A,LAND,PER,TOTAL,MA,IT,2019-01-01,0.0,,
ESTAT:MIGR_EIRFS(1.0),12/05/26 11:00:00,A,LAND,PER,TOTAL,TOTAL,EL,2019-01-01,6365.0,,
ESTAT:MIGR_EIRFS(1.0),12/05/26 11:00:00,A,LAND,PER,TOTAL,TOTAL,ES,2019-01-01,483455.0,,
ESTAT:MIGR_EIRFS(1.0),12/05/26 11:00:00,A,LAND,PER,TOTAL,TOTAL,IT,2019-01-01,0.0,,
ESTAT:MIGR_EIRFS(1.0),12/05/26 11:00:00,A,SEA,PER,TOTAL,MA,EL,2019-01-01,0.0,,
ESTAT:MIGR_EIRFS(1.0),12/05/26 11:00:00,A,SEA,PER,TOTAL,MA,ES,2019-01-01,1405.0,,
ESTAT:MIGR_EIRFS(1.0),12/05/26 11:00:00,A,SEA,PER,TOTAL,MA,IT,2019-01-01,30.0,,
ESTAT:MIGR_EIRFS(1.0),12/05/26 11:00:00,A,SEA,PER,TOTAL,TOTAL,EL,2019-01-01,205.0,,
ESTAT:MIGR_EIRFS(1.0),12/05/26 11:00:00,A,SEA,PER,TOTAL,TOTAL,ES,2019-01-01,1505.0,,
ESTAT:MIGR_EIRFS(1.0),12/05/26 11:00:00,A,SEA,PER,TOTAL,TOTAL,IT,2019-01-01,1840.0,,
ESTAT:MIGR_EIRFS(1.0),12/05/26 11:00:00,A,LAND,PER,TOTAL,MA,EL,2020-01-01,0.0,,
ESTAT:MIGR_EIRFS(1.0),12/05/26 11:00:00,A,LAND,PER,TOTAL,MA,ES,2020-01-01,155.0,,
ESTAT:MIGR_EIRFS(1.0),12/05/26 11:00:00,A,LAND,PER,TOTAL,TOTAL,EL,2020-01-01,2400.0,,
ESTAT:MIGR_EIRFS(1.0),12/05/26 11:00:00,A,LAND,PER,TOTAL,TOTAL,ES,2020-01-01,225.0,,
ESTAT:MIGR_EIRFS(1.0),12/05/26 11:00:00,A,SEA,PER,TOTAL,MA,EL,2020-01-01,0.0,,
ESTAT:MIGR_EIRFS(1.0),12/05/26 11:00:00,A,SEA,PER,TOTAL,MA,ES,2020-01-01,235.0,,
ESTAT:MIGR_EIRFS(1.0),12/05/26 11:00:00,A,SEA,PER,TOTAL,MA,IT,2020-01-01,20.0,,
ESTAT:MIGR_EIRFS(1.0),12/05/26 11:00:00,A,SEA,PER,TOTAL,TOTAL,EL,2020-01-01,60.0,,
ESTAT:MIGR_EIRFS(1.0),12/05/26 11:00:00,A,SEA,PER,TOTAL,TOTAL,ES,2020-01-01,240.0,,
ESTAT:MIGR_EIRFS(1.0),12/05/26 11:00:00,A,SEA,PER,TOTAL,TOTAL,IT,2020-01-01,1075.0,,
ESTAT:MIGR_EIRFS(1.0),12/05/26 11:00:00,A,LAND,PER,TOTAL,MA,EL,2021-01-01,5.0,,
ESTAT:MIGR_EIRFS(1.0),12/05/26 11:00:00,A,LAND,PER,TOTAL,MA,ES,2021-01-01,5.0,,
ESTAT:MIGR_EIRFS(1.0),12/05/26 11:00:00,A,LAND,PER,TOTAL,MA,IT,2021-01-01,0.0,,
ESTAT:MIGR_EIRFS(1.0),12/05/26 11:00:00,A,LAND,PER,TOTAL,TOTAL,EL,2021-01-01,2150.0,,
ESTAT:MIGR_EIRFS(1.0),12/05/26 11:00:00,A,LAND,PER,TOTAL,TOTAL,ES,2021-01-01,80.0,,
ESTAT:MIGR_EIRFS(1.0),12/05/26 11:00:00,A,LAND,PER,TOTAL,TOTAL,IT,2021-01-01,30.0,,
ESTAT:MIGR_EIRFS(1.0),12/05/26 11:00:00,A,SEA,PER,TOTAL,MA,EL,2021-01-01,0.0,,
ESTAT:MIGR_EIRFS(1.0),12/05/26 11:00:00,A,SEA,PER,TOTAL,MA,ES,2021-01-01,10.0,,
ESTAT:MIGR_EIRFS(1.0),12/05/26 11:00:00,A,SEA,PER,TOTAL,MA,IT,2021-01-01,20.0,,
ESTAT:MIGR_EIRFS(1.0),12/05/26 11:00:00,A,SEA,PER,TOTAL,TOTAL,EL,2021-01-01,60.0,,
ESTAT:MIGR_EIRFS(1.0),12/05/26 11:00:00,A,SEA,PER,TOTAL,TOTAL,ES,2021-01-01,10.0,,
ESTAT:MIGR_EIRFS(1.0),12/05/26 11:00:00,A,SEA,PER,TOTAL,TOTAL,IT,2021-01-01,2180.0,,
ESTAT:MIGR_EIRFS(1.0),12/05/26 11:00:00,A,LAND,PER,TOTAL,MA,EL,2022-01-01,0.0,,
ESTAT:MIGR_EIRFS(1.0),12/05/26 11:00:00,A,LAND,PER,TOTAL,MA,ES,2022-01-01,35.0,,
ESTAT:MIGR_EIRFS(1.0),12/05/26 11:00:00,A,LAND,PER,TOTAL,MA,IT,2022-01-01,0.0,,
ESTAT:MIGR_EIRFS(1.0),12/05/26 11:00:00,A,LAND,PER,TOTAL,TOTAL,EL,2022-01-01,4205.0,,
ESTAT:MIGR_EIRFS(1.0),12/05/26 11:00:00,A,LAND,PER,TOTAL,TOTAL,ES,2022-01-01,210.0,,
ESTAT:MIGR_EIRFS(1.0),12/05/26 11:00:00,A,LAND,PER,TOTAL,TOTAL,IT,2022-01-01,0.0,,
ESTAT:MIGR_EIRFS(1.0),12/05/26 11:00:00,A,SEA,PER,TOTAL,MA,EL,2022-01-01,0.0,,
ESTAT:MIGR_EIRFS(1.0),12/05/26 11:00:00,A,SEA,PER,TOTAL,MA,ES,2022-01-01,415.0,,
ESTAT:MIGR_EIRFS(1.0),12/05/26 11:00:00,A,SEA,PER,TOTAL,MA,IT,2022-01-01,5.0,,
ESTAT:MIGR_EIRFS(1.0),12/05/26 11:00:00,A,SEA,PER,TOTAL,TOTAL,EL,2022-01-01,295.0,,
ESTAT:MIGR_EIRFS(1.0),12/05/26 11:00:00,A,SEA,PER,TOTAL,TOTAL,ES,2022-01-01,445.0,,
ESTAT:MIGR_EIRFS(1.0),12/05/26 11:00:00,A,SEA,PER,TOTAL,TOTAL,IT,2022-01-01,2020.0,,
ESTAT:MIGR_EIRFS(1.0),12/05/26 11:00:00,A,LAND,PER,TOTAL,MA,EL,2023-01-01,10.0,,
ESTAT:MIGR_EIRFS(1.0),12/05/26 11:00:00,A,LAND,PER,TOTAL,MA,ES,2023-01-01,65.0,,
ESTAT:MIGR_EIRFS(1.0),12/05/26 11:00:00,A,LAND,PER,TOTAL,MA,IT,2023-01-01,15.0,,
ESTAT:MIGR_EIRFS(1.0),12/05/26 11:00:00,A,LAND,PER,TOTAL,TOTAL,EL,2023-01-01,5675.0,,
ESTAT:MIGR_EIRFS(1.0),12/05/26 11:00:00,A,LAND,PER,TOTAL,TOTAL,ES,2023-01-01,295.0,,
ESTAT:MIGR_EIRFS(1.0),12/05/26 11:00:00,A,LAND,PER,TOTAL,TOTAL,IT,2023-01-01,415.0,,
ESTAT:MIGR_EIRFS(1.0),12/05/26 11:00:00,A,SEA,PER,TOTAL,MA,EL,2023-01-01,0.0,,
ESTAT:MIGR_EIRFS(1.0),12/05/26 11:00:00,A,SEA,PER,TOTAL,MA,ES,2023-01-01,410.0,,
ESTAT:MIGR_EIRFS(1.0),12/05/26 11:00:00,A,SEA,PER,TOTAL,MA,IT,2023-01-01,5.0,,
ESTAT:MIGR_EIRFS(1.0),12/05/26 11:00:00,A,SEA,PER,TOTAL,TOTAL,EL,2023-01-01,425.0,,
ESTAT:MIGR_EIRFS(1.0),12/05/26 11:00:00,A,SEA,PER,TOTAL,TOTAL,ES,2023-01-01,510.0,,
ESTAT:MIGR_EIRFS(1.0),12/05/26 11:00:00,A,SEA,PER,TOTAL,TOTAL,IT,2023-01-01,1225.0,,
ESTAT:MIGR_EIRFS(1.0),12/05/26 11:00:00,A,LAND,PER,TOTAL,MA,EL,2024-01-01,5.0,,
ESTAT:MIGR_EIRFS(1.0),12/05/26 11:00:00,A,LAND,PER,TOTAL,MA,ES,2024-01-01,155.0,,
ESTAT:MIGR_EIRFS(1.0),12/05/26 11:00:00,A,LAND,PER,TOTAL,MA,IT,2024-01-01,20.0,,
ESTAT:MIGR_EIRFS(1.0),12/05/26 11:00:00,A,LAND,PER,TOTAL,TOTAL,EL,2024-01-01,5170.0,,
ESTAT:MIGR_EIRFS(1.0),12/05/26 11:00:00,A,LAND,PER,TOTAL,TOTAL,ES,2024-01-01,420.0,,
ESTAT:MIGR_EIRFS(1.0),12/05/26 11:00:00,A,LAND,PER,TOTAL,TOTAL,IT,2024-01-01,615.0,,
ESTAT:MIGR_EIRFS(1.0),12/05/26 11:00:00,A,SEA,PER,TOTAL,MA,EL,2024-01-01,10.0,,
ESTAT:MIGR_EIRFS(1.0),12/05/26 11:00:00,A,SEA,PER,TOTAL,MA,ES,2024-01-01,290.0,,
ESTAT:MIGR_EIRFS(1.0),12/05/26 11:00:00,A,SEA,PER,TOTAL,MA,IT,2024-01-01,5.0,,
ESTAT:MIGR_EIRFS(1.0),12/05/26 11:00:00,A,SEA,PER,TOTAL,TOTAL,EL,2024-01-01,535.0,,
ESTAT:MIGR_EIRFS(1.0),12/05/26 11:00:00,A,SEA,PER,TOTAL,TOTAL,ES,2024-01-01,345.0,,
ESTAT:MIGR_EIRFS(1.0),12/05/26 11:00:00,A,SEA,PER,TOTAL,TOTAL,IT,2024-01-01,1320.0,,
ESTAT:MIGR_EIRFS(1.0),12/05/26 11:00:00,A,LAND,PER,TOTAL,MA,EL,2025-01-01,15.0,,
ESTAT:MIGR_EIRFS(1.0),12/05/26 11:00:00,A,LAND,PER,TOTAL,MA,ES,2025-01-01,180.0,,
ESTAT:MIGR_EIRFS(1.0),12/05/26 11:00:00,A,LAND,PER,TOTAL,MA,IT,2025-01-01,255.0,,
ESTAT:MIGR_EIRFS(1.0),12/05/26 11:00:00,A,LAND,PER,TOTAL,TOTAL,EL,2025-01-01,4180.0,,
ESTAT:MIGR_EIRFS(1.0),12/05/26 11:00:00,A,LAND,PER,TOTAL,TOTAL,ES,2025-01-01,255.0,,
ESTAT:MIGR_EIRFS(1.0),12/05/26 11:00:00,A,LAND,PER,TOTAL,TOTAL,IT,2025-01-01,2240.0,,
ESTAT:MIGR_EIRFS(1.0),12/05/26 11:00:00,A,SEA,PER,TOTAL,MA,EL,2025-01-01,15.0,,
ESTAT:MIGR_EIRFS(1.0),12/05/26 11:00:00,A,SEA,PER,TOTAL,MA,ES,2025-01-01,275.0,,
ESTAT:MIGR_EIRFS(1.0),12/05/26 11:00:00,A,SEA,PER,TOTAL,MA,IT,2025-01-01,10.0,,
ESTAT:MIGR_EIRFS(1.0),12/05/26 11:00:00,A,SEA,PER,TOTAL,TOTAL,EL,2025-01-01,405.0,,
ESTAT:MIGR_EIRFS(1.0),12/05/26 11:00:00,A,SEA,PER,TOTAL,TOTAL,ES,2025-01-01,370.0,,
ESTAT:MIGR_EIRFS(1.0),12/05/26 11:00:00,A,SEA,PER,TOTAL,TOTAL,IT,2025-01-01,1405.0,,
