DATAFLOW,LAST UPDATE,freq,unit,sector,na_item,geo,TIME_PERIOD,OBS_VALUE,OBS_FLAG,CONF_STATUS
ESTAT:GOV_10DD_EDPT1(1.0),22/04/26 11:00:00,A,PC_GDP,S13,B9,DE,1995-01-01,-9.4,,
ESTAT:GOV_10DD_EDPT1(1.0),22/04/26 11:00:00,A,PC_GDP,S13,B9,IT,1995-01-01,-7.2,,
ESTAT:GOV_10DD_EDPT1(1.0),22/04/26 11:00:00,A,PC_GDP,S13,D41PAY,DE,1995-01-01,3.5,,
ESTAT:GOV_10DD_EDPT1(1.0),22/04/26 11:00:00,A,PC_GDP,S13,D41PAY,IT,1995-01-01,11.1,,
ESTAT:GOV_10DD_EDPT1(1.0),22/04/26 11:00:00,A,PC_GDP,S13,GD,DE,1995-01-01,54.9,,
ESTAT:GOV_10DD_EDPT1(1.0),22/04/26 11:00:00,A,PC_GDP,S13,GD,IT,1995-01-01,119.1,,
ESTAT:GOV_10DD_EDPT1(1.0),22/04/26 11:00:00,A,PC_GDP,S13,GD_F2,DE,1995-01-01,0.5,,
ESTAT:GOV_10DD_EDPT1(1.0),22/04/26 11:00:00,A,PC_GDP,S13,GD_F2,IT,1995-01-01,11.4,,
ESTAT:GOV_10DD_EDPT1(1.0),22/04/26 11:00:00,A,PC_GDP,S13,GD_F3,DE,1995-01-01,30.9,,
ESTAT:GOV_10DD_EDPT1(1.0),22/04/26 11:00:00,A,PC_GDP,S13,GD_F3,IT,1995-01-01,99.6,,
ESTAT:GOV_10DD_EDPT1(1.0),22/04/26 11:00:00,A,PC_GDP,S13,GD_F31,DE,1995-01-01,0.1,,
ESTAT:GOV_10DD_EDPT1(1.0),22/04/26 11:00:00,A,PC_GDP,S13,GD_F31,IT,1995-01-01,21.4,,
ESTAT:GOV_10DD_EDPT1(1.0),22/04/26 11:00:00,A,PC_GDP,S13,GD_F32,DE,1995-01-01,30.8,,
ESTAT:GOV_10DD_EDPT1(1.0),22/04/26 11:00:00,A,PC_GDP,S13,GD_F32,IT,1995-01-01,78.2,,
ESTAT:GOV_10DD_EDPT1(1.0),22/04/26 11:00:00,A,PC_GDP,S13,GD_F4,DE,1995-01-01,23.5,,
ESTAT:GOV_10DD_EDPT1(1.0),22/04/26 11:00:00,A,PC_GDP,S13,GD_F4,IT,1995-01-01,8.2,,
ESTAT:GOV_10DD_EDPT1(1.0),22/04/26 11:00:00,A,PC_GDP,S13,GD_F41,DE,1995-01-01,0.7,,
ESTAT:GOV_10DD_EDPT1(1.0),22/04/26 11:00:00,A,PC_GDP,S13,GD_F41,IT,1995-01-01,0.5,,
ESTAT:GOV_10DD_EDPT1(1.0),22/04/26 11:00:00,A,PC_GDP,S13,GD_F42,DE,1995-01-01,22.8,,
ESTAT:GOV_10DD_EDPT1(1.0),22/04/26 11:00:00,A,PC_GDP,S13,GD_F42,IT,1995-01-01,7.6,,
ESTAT:GOV_10DD_EDPT1(1.0),22/04/26 11:00:00,A,PC_GDP,S13,P51G,DE,1995-01-01,2.7,,
ESTAT:GOV_10DD_EDPT1(1.0),22/04/26 11:00:00,A,PC_GDP,S13,P51G,IT,1995-01-01,2.5,,
ESTAT:GOV_10DD_EDPT1(1.0),22/04/26 11:00:00,A,PC_GDP,S13,B9,DE,1996-01-01,-3.6,,
ESTAT:GOV_10DD_EDPT1(1.0),22/04/26 11:00:00,A,PC_GDP,S13,B9,IT,1996-01-01,-6.6,,
ESTAT:GOV_10DD_EDPT1(1.0),22/04/26 11:00:00,A,PC_GDP,S13,D41PAY,DE,1996-01-01,3.5,,
ESTAT:GOV_10DD_EDPT1(1.0),22/04/26 11:00:00,A,PC_GDP,S13,D41PAY,IT,1996-01-01,11.0,,
ESTAT:GOV_10DD_EDPT1(1.0),22/04/26 11:00:00,A,PC_GDP,S13,GD,DE,1996-01-01,57.7,,
ESTAT:GOV_10DD_EDPT1(1.0),22/04/26 11:00:00,A,PC_GDP,S13,GD,IT,1996-01-01,118.9,,
ESTAT:GOV_10DD_EDPT1(1.0),22/04/26 11:00:00,A,PC_GDP,S13,GD_F2,DE,1996-01-01,0.6,,
ESTAT:GOV_10DD_EDPT1(1.0),22/04/26 11:00:00,A,PC_GDP,S13,GD_F2,IT,1996-01-01,11.7,,
ESTAT:GOV_10DD_EDPT1(1.0),22/04/26 11:00:00,A,PC_GDP,S13,GD_F3,DE,1996-01-01,32.3,,
ESTAT:GOV_10DD_EDPT1(1.0),22/04/26 11:00:00,A,PC_GDP,S13,GD_F3,IT,1996-01-01,99.6,,
ESTAT:GOV_10DD_EDPT1(1.0),22/04/26 11:00:00,A,PC_GDP,S13,GD_F31,DE,1996-01-01,0.7,,
ESTAT:GOV_10DD_EDPT1(1.0),22/04/26 11:00:00,A,PC_GDP,S13,GD_F31,IT,1996-01-01,18.9,,
ESTAT:GOV_10DD_EDPT1(1.0),22/04/26 11:00:00,A,PC_GDP,S13,GD_F32,DE,1996-01-01,31.6,,
ESTAT:GOV_10DD_EDPT1(1.0),22/04/26 11:00:00,A,PC_GDP,S13,GD_F32,IT,1996-01-01,80.7,,
ESTAT:GOV_10DD_EDPT1(1.0),22/04/26 11:00:00,A,PC_GDP,S13,GD_F4,DE,1996-01-01,24.9,,
ESTAT:GOV_10DD_EDPT1(1.0),22/04/26 11:00:00,A,PC_GDP,S13,GD_F4,IT,1996-01-01,7.5,,
ESTAT:GOV_10DD_EDPT1(1.0),22/04/26 11:00:00,A,PC_GDP,S13,GD_F41,DE,1996-01-01,1.0,,
ESTAT:GOV_10DD_EDPT1(1.0),22/04/26 11:00:00,A,PC_GDP,S13,GD_F41,IT,1996-01-01,0.5,,
ESTAT:GOV_10DD_EDPT1(1.0),22/04/26 11:00:00,A,PC_GDP,S13,GD_F42,DE,1996-01-01,23.9,,
ESTAT:GOV_10DD_EDPT1(1.0),22/04/26 11:00:00,A,PC_GDP,S13,GD_F42,IT,1996-01-01,7.1,,
ESTAT:GOV_10DD_EDPT1(1.0),22/04/26 11:00:00,A,PC_GDP,S13,P51G,DE,1996-01-01,2.6,,
ESTAT:GOV_10DD_EDPT1(1.0),22/04/26 11:00:00,A,PC_GDP,S13,P51G,IT,1996-01-01,2.6,,
ESTAT:GOV_10DD_EDPT1(1.0),22/04/26 11:00:00,A,PC_GDP,S13,B9,DE,1997-01-01,-3.0,,
ESTAT:GOV_10DD_EDPT1(1.0),22/04/26 11:00:00,A,PC_GDP,S13,B9,IT,1997-01-01,-3.0,,
ESTAT:GOV_10DD_EDPT1(1.0),22/04/26 11:00:00,A,PC_GDP,S13,D41PAY,DE,1997-01-01,3.4,,
ESTAT:GOV_10DD_EDPT1(1.0),22/04/26 11:00:00,A,PC_GDP,S13,D41PAY,IT,1997-01-01,9.1,,
ESTAT:GOV_10DD_EDPT1(1.0),22/04/26 11:00:00,A,PC_GDP,S13,GD,DE,1997-01-01,58.8,,
ESTAT:GOV_10DD_EDPT1(1.0),22/04/26 11:00:00,A,PC_GDP,S13,GD,IT,1997-01-01,116.5,,
ESTAT:GOV_10DD_EDPT1(1.0),22/04/26 11:00:00,A,PC_GDP,S13,GD_F2,DE,1997-01-01,0.4,,
ESTAT:GOV_10DD_EDPT1(1.0),22/04/26 11:00:00,A,PC_GDP,S13,GD_F2,IT,1997-01-01,11.8,,
ESTAT:GOV_10DD_EDPT1(1.0),22/04/26 11:00:00,A,PC_GDP,S13,GD_F3,DE,1997-01-01,33.5,,
ESTAT:GOV_10DD_EDPT1(1.0),22/04/26 11:00:00,A,PC_GDP,S13,GD_F3,IT,1997-01-01,97.0,,
ESTAT:GOV_10DD_EDPT1(1.0),22/04/26 11:00:00,A,PC_GDP,S13,GD_F31,DE,1997-01-01,0.6,,
ESTAT:GOV_10DD_EDPT1(1.0),22/04/26 11:00:00,A,PC_GDP,S13,GD_F31,IT,1997-01-01,14.2,,
ESTAT:GOV_10DD_EDPT1(1.0),22/04/26 11:00:00,A,PC_GDP,S13,GD_F32,DE,1997-01-01,32.9,,
ESTAT:GOV_10DD_EDPT1(1.0),22/04/26 11:00:00,A,PC_GDP,S13,GD_F32,IT,1997-01-01,82.8,,
ESTAT:GOV_10DD_EDPT1(1.0),22/04/26 11:00:00,A,PC_GDP,S13,GD_F4,DE,1997-01-01,24.9,,
ESTAT:GOV_10DD_EDPT1(1.0),22/04/26 11:00:00,A,PC_GDP,S13,GD_F4,IT,1997-01-01,7.7,,
ESTAT:GOV_10DD_EDPT1(1.0),22/04/26 11:00:00,A,PC_GDP,S13,GD_F41,DE,1997-01-01,0.9,,
ESTAT:GOV_10DD_EDPT1(1.0),22/04/26 11:00:00,A,PC_GDP,S13,GD_F41,IT,1997-01-01,0.4,,
ESTAT:GOV_10DD_EDPT1(1.0),22/04/26 11:00:00,A,PC_GDP,S13,GD_F42,DE,1997-01-01,24.0,,
ESTAT:GOV_10DD_EDPT1(1.0),22/04/26 11:00:00,A,PC_GDP,S13,GD_F42,IT,1997-01-01,7.2,,
ESTAT:GOV_10DD_EDPT1(1.0),22/04/26 11:00:00,A,PC_GDP,S13,P51G,DE,1997-01-01,2.4,,
ESTAT:GOV_10DD_EDPT1(1.0),22/04/26 11:00:00,A,PC_GDP,S13,P51G,IT,1997-01-01,2.6,,
ESTAT:GOV_10DD_EDPT1(1.0),22/04/26 11:00:00,A,PC_GDP,S13,B9,DE,1998-01-01,-2.6,,
ESTAT:GOV_10DD_EDPT1(1.0),22/04/26 11:00:00,A,PC_GDP,S13,B9,IT,1998-01-01,-3.0,,
ESTAT:GOV_10DD_EDPT1(1.0),22/04/26 11:00:00,A,PC_GDP,S13,D41PAY,DE,1998-01-01,3.4,,
ESTAT:GOV_10DD_EDPT1(1.0),22/04/26 11:00:00,A,PC_GDP,S13,D41PAY,IT,1998-01-01,7.8,,
ESTAT:GOV_10DD_EDPT1(1.0),22/04/26 11:00:00,A,PC_GDP,S13,GD,DE,1998-01-01,59.4,,
ESTAT:GOV_10DD_EDPT1(1.0),22/04/26 11:00:00,A,PC_GDP,S13,GD,IT,1998-01-01,113.9,,
ESTAT:GOV_10DD_EDPT1(1.0),22/04/26 11:00:00,A,PC_GDP,S13,GD_F2,DE,1998-01-01,0.5,,
ESTAT:GOV_10DD_EDPT1(1.0),22/04/26 11:00:00,A,PC_GDP,S13,GD_F2,IT,1998-01-01,12.2,,
ESTAT:GOV_10DD_EDPT1(1.0),22/04/26 11:00:00,A,PC_GDP,S13,GD_F3,DE,1998-01-01,34.0,,
ESTAT:GOV_10DD_EDPT1(1.0),22/04/26 11:00:00,A,PC_GDP,S13,GD_F3,IT,1998-01-01,94.9,,
ESTAT:GOV_10DD_EDPT1(1.0),22/04/26 11:00:00,A,PC_GDP,S13,GD_F31,DE,1998-01-01,0.6,,
ESTAT:GOV_10DD_EDPT1(1.0),22/04/26 11:00:00,A,PC_GDP,S13,GD_F31,IT,1998-01-01,12.0,,
ESTAT:GOV_10DD_EDPT1(1.0),22/04/26 11:00:00,A,PC_GDP,S13,GD_F32,DE,1998-01-01,33.4,,
ESTAT:GOV_10DD_EDPT1(1.0),22/04/26 11:00:00,A,PC_GDP,S13,GD_F32,IT,1998-01-01,82.9,,
ESTAT:GOV_10DD_EDPT1(1.0),22/04/26 11:00:00,A,PC_GDP,S13,GD_F4,DE,1998-01-01,24.9,,
ESTAT:GOV_10DD_EDPT1(1.0),22/04/26 11:00:00,A,PC_GDP,S13,GD_F4,IT,1998-01-01,6.8,,
ESTAT:GOV_10DD_EDPT1(1.0),22/04/26 11:00:00,A,PC_GDP,S13,GD_F41,DE,1998-01-01,1.0,,
ESTAT:GOV_10DD_EDPT1(1.0),22/04/26 11:00:00,A,PC_GDP,S13,GD_F41,IT,1998-01-01,0.5,,
ESTAT:GOV_10DD_EDPT1(1.0),22/04/26 11:00:00,A,PC_GDP,S13,GD_F42,DE,1998-01-01,23.9,,
ESTAT:GOV_10DD_EDPT1(1.0),22/04/26 11:00:00,A,PC_GDP,S13,GD_F42,IT,1998-01-01,6.3,,
ESTAT:GOV_10DD_EDPT1(1.0),22/04/26 11:00:00,A,PC_GDP,S13,P51G,DE,1998-01-01,2.4,,
ESTAT:GOV_10DD_EDPT1(1.0),22/04/26 11:00:00,A,PC_GDP,S13,P51G,IT,1998-01-01,2.7,,
ESTAT:GOV_10DD_EDPT1(1.0),22/04/26 11:00:00,A,PC_GDP,S13,B9,DE,1999-01-01,-1.9,,
ESTAT:GOV_10DD_EDPT1(1.0),22/04/26 11:00:00,A,PC_GDP,S13,B9,IT,1999-01-01,-1.8,,
ESTAT:GOV_10DD_EDPT1(1.0),22/04/26 11:00:00,A,PC_GDP,S13,D41PAY,DE,1999-01-01,3.1,,
ESTAT:GOV_10DD_EDPT1(1.0),22/04/26 11:00:00,A,PC_GDP,S13,D41PAY,IT,1999-01-01,6.4,,
ESTAT:GOV_10DD_EDPT1(1.0),22/04/26 11:00:00,A,PC_GDP,S13,GD,DE,1999-01-01,60.3,,
ESTAT:GOV_10DD_EDPT1(1.0),22/04/26 11:00:00,A,PC_GDP,S13,GD,IT,1999-01-01,113.1,,
ESTAT:GOV_10DD_EDPT1(1.0),22/04/26 11:00:00,A,PC_GDP,S13,GD_F2,DE,1999-01-01,0.5,,
ESTAT:GOV_10DD_EDPT1(1.0),22/04/26 11:00:00,A,PC_GDP,S13,GD_F2,IT,1999-01-01,13.3,,
ESTAT:GOV_10DD_EDPT1(1.0),22/04/26 11:00:00,A,PC_GDP,S13,GD_F3,DE,1999-01-01,35.3,,
ESTAT:GOV_10DD_EDPT1(1.0),22/04/26 11:00:00,A,PC_GDP,S13,GD_F3,IT,1999-01-01,92.7,,
ESTAT:GOV_10DD_EDPT1(1.0),22/04/26 11:00:00,A,PC_GDP,S13,GD_F31,DE,1999-01-01,0.6,,
ESTAT:GOV_10DD_EDPT1(1.0),22/04/26 11:00:00,A,PC_GDP,S13,GD_F31,IT,1999-01-01,10.2,,
ESTAT:GOV_10DD_EDPT1(1.0),22/04/26 11:00:00,A,PC_GDP,S13,GD_F32,DE,1999-01-01,34.7,,
ESTAT:GOV_10DD_EDPT1(1.0),22/04/26 11:00:00,A,PC_GDP,S13,GD_F32,IT,1999-01-01,82.5,,
ESTAT:GOV_10DD_EDPT1(1.0),22/04/26 11:00:00,A,PC_GDP,S13,GD_F4,DE,1999-01-01,24.6,,
ESTAT:GOV_10DD_EDPT1(1.0),22/04/26 11:00:00,A,PC_GDP,S13,GD_F4,IT,1999-01-01,7.1,,
ESTAT:GOV_10DD_EDPT1(1.0),22/04/26 11:00:00,A,PC_GDP,S13,GD_F41,DE,1999-01-01,1.0,,
ESTAT:GOV_10DD_EDPT1(1.0),22/04/26 11:00:00,A,PC_GDP,S13,GD_F41,IT,1999-01-01,0.6,,
ESTAT:GOV_10DD_EDPT1(1.0),22/04/26 11:00:00,A,PC_GDP,S13,GD_F42,DE,1999-01-01,23.6,,
ESTAT:GOV_10DD_EDPT1(1.0),22/04/26 11:00:00,A,PC_GDP,S13,GD_F42,IT,1999-01-01,6.5,,
ESTAT:GOV_10DD_EDPT1(1.0),22/04/26 11:00:00,A,PC_GDP,S13,P51G,DE,1999-01-01,2.7,,
ESTAT:GOV_10DD_EDPT1(1.0),22/04/26 11:00:00,A,PC_GDP,S13,P51G,IT,1999-01-01,2.8,,
ESTAT:GOV_10DD_EDPT1(1.0),22/04/26 11:00:00,A,PC_GDP,S13,B9,DE,2000-01-01,-1.7,,
ESTAT:GOV_10DD_EDPT1(1.0),22/04/26 11:00:00,A,PC_GDP,S13,B9,IT,2000-01-01,-2.4,,
ESTAT:GOV_10DD_EDPT1(1.0),22/04/26 11:00:00,A,PC_GDP,S13,D41PAY,DE,2000-01-01,3.2,,
ESTAT:GOV_10DD_EDPT1(1.0),22/04/26 11:00:00,A,PC_GDP,S13,D41PAY,IT,2000-01-01,6.1,,
ESTAT:GOV_10DD_EDPT1(1.0),22/04/26 11:00:00,A,PC_GDP,S13,GD,DE,2000-01-01,59.2,,
ESTAT:GOV_10DD_EDPT1(1.0),22/04/26 11:00:00,A,PC_GDP,S13,GD,IT,2000-01-01,108.7,,
ESTAT:GOV_10DD_EDPT1(1.0),22/04/26 11:00:00,A,PC_GDP,S13,GD_F2,DE,2000-01-01,0.5,,
ESTAT:GOV_10DD_EDPT1(1.0),22/04/26 11:00:00,A,PC_GDP,S13,GD_F2,IT,2000-01-01,13.4,,
ESTAT:GOV_10DD_EDPT1(1.0),22/04/26 11:00:00,A,PC_GDP,S13,GD_F3,DE,2000-01-01,35.8,,
ESTAT:GOV_10DD_EDPT1(1.0),22/04/26 11:00:00,A,PC_GDP,S13,GD_F3,IT,2000-01-01,89.3,,
ESTAT:GOV_10DD_EDPT1(1.0),22/04/26 11:00:00,A,PC_GDP,S13,GD_F31,DE,2000-01-01,0.5,,
ESTAT:GOV_10DD_EDPT1(1.0),22/04/26 11:00:00,A,PC_GDP,S13,GD_F31,IT,2000-01-01,8.2,,
ESTAT:GOV_10DD_EDPT1(1.0),22/04/26 11:00:00,A,PC_GDP,S13,GD_F32,DE,2000-01-01,35.2,,
ESTAT:GOV_10DD_EDPT1(1.0),22/04/26 11:00:00,A,PC_GDP,S13,GD_F32,IT,2000-01-01,81.1,,
ESTAT:GOV_10DD_EDPT1(1.0),22/04/26 11:00:00,A,PC_GDP,S13,GD_F4,DE,2000-01-01,23.0,,
ESTAT:GOV_10DD_EDPT1(1.0),22/04/26 11:00:00,A,PC_GDP,S13,GD_F4,IT,2000-01-01,6.1,,
ESTAT:GOV_10DD_EDPT1(1.0),22/04/26 11:00:00,A,PC_GDP,S13,GD_F41,DE,2000-01-01,0.7,,
ESTAT:GOV_10DD_EDPT1(1.0),22/04/26 11:00:00,A,PC_GDP,S13,GD_F41,IT,2000-01-01,0.6,,
ESTAT:GOV_10DD_EDPT1(1.0),22/04/26 11:00:00,A,PC_GDP,S13,GD_F42,DE,2000-01-01,22.3,,
ESTAT:GOV_10DD_EDPT1(1.0),22/04/26 11:00:00,A,PC_GDP,S13,GD_F42,IT,2000-01-01,5.5,,
ESTAT:GOV_10DD_EDPT1(1.0),22/04/26 11:00:00,A,PC_GDP,S13,P51G,DE,2000-01-01,2.6,,
ESTAT:GOV_10DD_EDPT1(1.0),22/04/26 11:00:00,A,PC_GDP,S13,P51G,IT,2000-01-01,2.8,,
ESTAT:GOV_10DD_EDPT1(1.0),22/04/26 11:00:00,A,PC_GDP,S13,B9,DE,2001-01-01,-3.1,,
ESTAT:GOV_10DD_EDPT1(1.0),22/04/26 11:00:00,A,PC_GDP,S13,B9,IT,2001-01-01,-3.2,,
ESTAT:GOV_10DD_EDPT1(1.0),22/04/26 11:00:00,A,PC_GDP,S13,D41PAY,DE,2001-01-01,3.0,,
ESTAT:GOV_10DD_EDPT1(1.0),22/04/26 11:00:00,A,PC_GDP,S13,D41PAY,IT,2001-01-01,6.0,,
ESTAT:GOV_10DD_EDPT1(1.0),22/04/26 11:00:00,A,PC_GDP,S13,GD,DE,2001-01-01,58.1,,
ESTAT:GOV_10DD_EDPT1(1.0),22/04/26 11:00:00,A,PC_GDP,S13,GD,IT,2001-01-01,108.5,,
ESTAT:GOV_10DD_EDPT1(1.0),22/04/26 11:00:00,A,PC_GDP,S13,GD_F2,DE,2001-01-01,0.5,,
ESTAT:GOV_10DD_EDPT1(1.0),22/04/26 11:00:00,A,PC_GDP,S13,GD_F2,IT,2001-01-01,14.8,,
ESTAT:GOV_10DD_EDPT1(1.0),22/04/26 11:00:00,A,PC_GDP,S13,GD_F3,DE,2001-01-01,35.7,,
ESTAT:GOV_10DD_EDPT1(1.0),22/04/26 11:00:00,A,PC_GDP,S13,GD_F3,IT,2001-01-01,87.4,,
ESTAT:GOV_10DD_EDPT1(1.0),22/04/26 11:00:00,A,PC_GDP,S13,GD_F31,DE,2001-01-01,1.0,,
ESTAT:GOV_10DD_EDPT1(1.0),22/04/26 11:00:00,A,PC_GDP,S13,GD_F31,IT,2001-01-01,8.7,,
ESTAT:GOV_10DD_EDPT1(1.0),22/04/26 11:00:00,A,PC_GDP,S13,GD_F32,DE,2001-01-01,34.7,,
ESTAT:GOV_10DD_EDPT1(1.0),22/04/26 11:00:00,A,PC_GDP,S13,GD_F32,IT,2001-01-01,78.7,,
ESTAT:GOV_10DD_EDPT1(1.0),22/04/26 11:00:00,A,PC_GDP,S13,GD_F4,DE,2001-01-01,21.9,,
ESTAT:GOV_10DD_EDPT1(1.0),22/04/26 11:00:00,A,PC_GDP,S13,GD_F4,IT,2001-01-01,6.2,,
ESTAT:GOV_10DD_EDPT1(1.0),22/04/26 11:00:00,A,PC_GDP,S13,GD_F41,DE,2001-01-01,1.0,,
ESTAT:GOV_10DD_EDPT1(1.0),22/04/26 11:00:00,A,PC_GDP,S13,GD_F41,IT,2001-01-01,0.6,,
ESTAT:GOV_10DD_EDPT1(1.0),22/04/26 11:00:00,A,PC_GDP,S13,GD_F42,DE,2001-01-01,20.9,,
ESTAT:GOV_10DD_EDPT1(1.0),22/04/26 11:00:00,A,PC_GDP,S13,GD_F42,IT,2001-01-01,5.6,,
ESTAT:GOV_10DD_EDPT1(1.0),22/04/26 11:00:00,A,PC_GDP,S13,P51G,DE,2001-01-01,2.5,,
ESTAT:GOV_10DD_EDPT1(1.0),22/04/26 11:00:00,A,PC_GDP,S13,P51G,IT,2001-01-01,3.0,,
ESTAT:GOV_10DD_EDPT1(1.0),22/04/26 11:00:00,A,PC_GDP,S13,B9,DE,2002-01-01,-4.1,,
ESTAT:GOV_10DD_EDPT1(1.0),22/04/26 11:00:00,A,PC_GDP,S13,B9,IT,2002-01-01,-2.9,,
ESTAT:GOV_10DD_EDPT1(1.0),22/04/26 11:00:00,A,PC_GDP,S13,D41PAY,DE,2002-01-01,3.0,,
ESTAT:GOV_10DD_EDPT1(1.0),22/04/26 11:00:00,A,PC_GDP,S13,D41PAY,IT,2002-01-01,5.4,,
ESTAT:GOV_10DD_EDPT1(1.0),22/04/26 11:00:00,A,PC_GDP,S13,GD,DE,2002-01-01,59.8,,
ESTAT:GOV_10DD_EDPT1(1.0),22/04/26 11:00:00,A,PC_GDP,S13,GD,IT,2002-01-01,105.9,,
ESTAT:GOV_10DD_EDPT1(1.0),22/04/26 11:00:00,A,PC_GDP,S13,GD_F2,DE,2002-01-01,0.3,,
ESTAT:GOV_10DD_EDPT1(1.0),22/04/26 11:00:00,A,PC_GDP,S13,GD_F2,IT,2002-01-01,15.5,,
ESTAT:GOV_10DD_EDPT1(1.0),22/04/26 11:00:00,A,PC_GDP,S13,GD_F3,DE,2002-01-01,38.2,,
ESTAT:GOV_10DD_EDPT1(1.0),22/04/26 11:00:00,A,PC_GDP,S13,GD_F3,IT,2002-01-01,84.6,,
ESTAT:GOV_10DD_EDPT1(1.0),22/04/26 11:00:00,A,PC_GDP,S13,GD_F31,DE,2002-01-01,1.4,,
ESTAT:GOV_10DD_EDPT1(1.0),22/04/26 11:00:00,A,PC_GDP,S13,GD_F31,IT,2002-01-01,8.4,,
ESTAT:GOV_10DD_EDPT1(1.0),22/04/26 11:00:00,A,PC_GDP,S13,GD_F32,DE,2002-01-01,36.8,,
ESTAT:GOV_10DD_EDPT1(1.0),22/04/26 11:00:00,A,PC_GDP,S13,GD_F32,IT,2002-01-01,76.3,,
ESTAT:GOV_10DD_EDPT1(1.0),22/04/26 11:00:00,A,PC_GDP,S13,GD_F4,DE,2002-01-01,21.3,,
ESTAT:GOV_10DD_EDPT1(1.0),22/04/26 11:00:00,A,PC_GDP,S13,GD_F4,IT,2002-01-01,5.8,,
ESTAT:GOV_10DD_EDPT1(1.0),22/04/26 11:00:00,A,PC_GDP,S13,GD_F41,DE,2002-01-01,1.2,,
ESTAT:GOV_10DD_EDPT1(1.0),22/04/26 11:00:00,A,PC_GDP,S13,GD_F41,IT,2002-01-01,0.8,,
ESTAT:GOV_10DD_EDPT1(1.0),22/04/26 11:00:00,A,PC_GDP,S13,GD_F42,DE,2002-01-01,20.1,,
ESTAT:GOV_10DD_EDPT1(1.0),22/04/26 11:00:00,A,PC_GDP,S13,GD_F42,IT,2002-01-01,5.0,,
ESTAT:GOV_10DD_EDPT1(1.0),22/04/26 11:00:00,A,PC_GDP,S13,P51G,DE,2002-01-01,2.6,,
ESTAT:GOV_10DD_EDPT1(1.0),22/04/26 11:00:00,A,PC_GDP,S13,P51G,IT,2002-01-01,2.4,,
ESTAT:GOV_10DD_EDPT1(1.0),22/04/26 11:00:00,A,PC_GDP,S13,B9,DE,2003-01-01,-3.8,,
ESTAT:GOV_10DD_EDPT1(1.0),22/04/26 11:00:00,A,PC_GDP,S13,B9,IT,2003-01-01,-3.2,,
ESTAT:GOV_10DD_EDPT1(1.0),22/04/26 11:00:00,A,PC_GDP,S13,D41PAY,DE,2003-01-01,2.9,,
ESTAT:GOV_10DD_EDPT1(1.0),22/04/26 11:00:00,A,PC_GDP,S13,D41PAY,IT,2003-01-01,4.9,,
ESTAT:GOV_10DD_EDPT1(1.0),22/04/26 11:00:00,A,PC_GDP,S13,GD,DE,2003-01-01,63.3,,
ESTAT:GOV_10DD_EDPT1(1.0),22/04/26 11:00:00,A,PC_GDP,S13,GD,IT,2003-01-01,105.1,,
ESTAT:GOV_10DD_EDPT1(1.0),22/04/26 11:00:00,A,PC_GDP,S13,GD_F2,DE,2003-01-01,0.3,,
ESTAT:GOV_10DD_EDPT1(1.0),22/04/26 11:00:00,A,PC_GDP,S13,GD_F2,IT,2003-01-01,13.0,,
ESTAT:GOV_10DD_EDPT1(1.0),22/04/26 11:00:00,A,PC_GDP,S13,GD_F3,DE,2003-01-01,41.1,,
ESTAT:GOV_10DD_EDPT1(1.0),22/04/26 11:00:00,A,PC_GDP,S13,GD_F3,IT,2003-01-01,83.6,,
ESTAT:GOV_10DD_EDPT1(1.0),22/04/26 11:00:00,A,PC_GDP,S13,GD_F31,DE,2003-01-01,1.6,,
ESTAT:GOV_10DD_EDPT1(1.0),22/04/26 11:00:00,A,PC_GDP,S13,GD_F31,IT,2003-01-01,8.5,,
ESTAT:GOV_10DD_EDPT1(1.0),22/04/26 11:00:00,A,PC_GDP,S13,GD_F32,DE,2003-01-01,39.5,,
ESTAT:GOV_10DD_EDPT1(1.0),22/04/26 11:00:00,A,PC_GDP,S13,GD_F32,IT,2003-01-01,75.0,,
ESTAT:GOV_10DD_EDPT1(1.0),22/04/26 11:00:00,A,PC_GDP,S13,GD_F4,DE,2003-01-01,21.9,,
ESTAT:GOV_10DD_EDPT1(1.0),22/04/26 11:00:00,A,PC_GDP,S13,GD_F4,IT,2003-01-01,8.6,,
ESTAT:GOV_10DD_EDPT1(1.0),22/04/26 11:00:00,A,PC_GDP,S13,GD_F41,DE,2003-01-01,1.5,,
ESTAT:GOV_10DD_EDPT1(1.0),22/04/26 11:00:00,A,PC_GDP,S13,GD_F41,IT,2003-01-01,0.6,,
ESTAT:GOV_10DD_EDPT1(1.0),22/04/26 11:00:00,A,PC_GDP,S13,GD_F42,DE,2003-01-01,20.4,,
ESTAT:GOV_10DD_EDPT1(1.0),22/04/26 11:00:00,A,PC_GDP,S13,GD_F42,IT,2003-01-01,7.9,,
ESTAT:GOV_10DD_EDPT1(1.0),22/04/26 11:00:00,A,PC_GDP,S13,P51G,DE,2003-01-01,2.5,,
ESTAT:GOV_10DD_EDPT1(1.0),22/04/26 11:00:00,A,PC_GDP,S13,P51G,IT,2003-01-01,3.0,,
ESTAT:GOV_10DD_EDPT1(1.0),22/04/26 11:00:00,A,PC_GDP,S13,B9,DE,2004-01-01,-3.4,,
ESTAT:GOV_10DD_EDPT1(1.0),22/04/26 11:00:00,A,PC_GDP,S13,B9,IT,2004-01-01,-3.5,,
ESTAT:GOV_10DD_EDPT1(1.0),22/04/26 11:00:00,A,PC_GDP,S13,D41PAY,DE,2004-01-01,2.8,,
ESTAT:GOV_10DD_EDPT1(1.0),22/04/26 11:00:00,A,PC_GDP,S13,D41PAY,IT,2004-01-01,4.6,,
ESTAT:GOV_10DD_EDPT1(1.0),22/04/26 11:00:00,A,PC_GDP,S13,GD,DE,2004-01-01,65.0,,
ESTAT:GOV_10DD_EDPT1(1.0),22/04/26 11:00:00,A,PC_GDP,S13,GD,IT,2004-01-01,104.7,,
ESTAT:GOV_10DD_EDPT1(1.0),22/04/26 11:00:00,A,PC_GDP,S13,GD_F2,DE,2004-01-01,0.2,,
ESTAT:GOV_10DD_EDPT1(1.0),22/04/26 11:00:00,A,PC_GDP,S13,GD_F2,IT,2004-01-01,13.8,,
ESTAT:GOV_10DD_EDPT1(1.0),22/04/26 11:00:00,A,PC_GDP,S13,GD_F3,DE,2004-01-01,43.2,,
ESTAT:GOV_10DD_EDPT1(1.0),22/04/26 11:00:00,A,PC_GDP,S13,GD_F3,IT,2004-01-01,83.0,,
ESTAT:GOV_10DD_EDPT1(1.0),22/04/26 11:00:00,A,PC_GDP,S13,GD_F31,DE,2004-01-01,1.6,,
ESTAT:GOV_10DD_EDPT1(1.0),22/04/26 11:00:00,A,PC_GDP,S13,GD_F31,IT,2004-01-01,8.1,,
ESTAT:GOV_10DD_EDPT1(1.0),22/04/26 11:00:00,A,PC_GDP,S13,GD_F32,DE,2004-01-01,41.7,,
ESTAT:GOV_10DD_EDPT1(1.0),22/04/26 11:00:00,A,PC_GDP,S13,GD_F32,IT,2004-01-01,74.8,,
ESTAT:GOV_10DD_EDPT1(1.0),22/04/26 11:00:00,A,PC_GDP,S13,GD_F4,DE,2004-01-01,21.5,,
ESTAT:GOV_10DD_EDPT1(1.0),22/04/26 11:00:00,A,PC_GDP,S13,GD_F4,IT,2004-01-01,8.0,,
ESTAT:GOV_10DD_EDPT1(1.0),22/04/26 11:00:00,A,PC_GDP,S13,GD_F41,DE,2004-01-01,1.4,,
ESTAT:GOV_10DD_EDPT1(1.0),22/04/26 11:00:00,A,PC_GDP,S13,GD_F41,IT,2004-01-01,0.7,,
ESTAT:GOV_10DD_EDPT1(1.0),22/04/26 11:00:00,A,PC_GDP,S13,GD_F42,DE,2004-01-01,20.1,,
ESTAT:GOV_10DD_EDPT1(1.0),22/04/26 11:00:00,A,PC_GDP,S13,GD_F42,IT,2004-01-01,7.3,,
ESTAT:GOV_10DD_EDPT1(1.0),22/04/26 11:00:00,A,PC_GDP,S13,P51G,DE,2004-01-01,2.2,,
ESTAT:GOV_10DD_EDPT1(1.0),22/04/26 11:00:00,A,PC_GDP,S13,P51G,IT,2004-01-01,3.1,,
ESTAT:GOV_10DD_EDPT1(1.0),22/04/26 11:00:00,A,PC_GDP,S13,B9,DE,2005-01-01,-3.4,,
ESTAT:GOV_10DD_EDPT1(1.0),22/04/26 11:00:00,A,PC_GDP,S13,B9,IT,2005-01-01,-4.1,,
ESTAT:GOV_10DD_EDPT1(1.0),22/04/26 11:00:00,A,PC_GDP,S13,D41PAY,DE,2005-01-01,2.7,,
ESTAT:GOV_10DD_EDPT1(1.0),22/04/26 11:00:00,A,PC_GDP,S13,D41PAY,IT,2005-01-01,4.5,,
ESTAT:GOV_10DD_EDPT1(1.0),22/04/26 11:00:00,A,PC_GDP,S13,GD,DE,2005-01-01,67.1,,
ESTAT:GOV_10DD_EDPT1(1.0),22/04/26 11:00:00,A,PC_GDP,S13,GD,IT,2005-01-01,106.2,,
ESTAT:GOV_10DD_EDPT1(1.0),22/04/26 11:00:00,A,PC_GDP,S13,GD_F2,DE,2005-01-01,0.2,,
ESTAT:GOV_10DD_EDPT1(1.0),22/04/26 11:00:00,A,PC_GDP,S13,GD_F2,IT,2005-01-01,14.6,,
ESTAT:GOV_10DD_EDPT1(1.0),22/04/26 11:00:00,A,PC_GDP,S13,GD_F3,DE,2005-01-01,45.6,,
ESTAT:GOV_10DD_EDPT1(1.0),22/04/26 11:00:00,A,PC_GDP,S13,GD_F3,IT,2005-01-01,83.2,,
ESTAT:GOV_10DD_EDPT1(1.0),22/04/26 11:00:00,A,PC_GDP,S13,GD_F31,DE,2005-01-01,1.6,,
ESTAT:GOV_10DD_EDPT1(1.0),22/04/26 11:00:00,A,PC_GDP,S13,GD_F31,IT,2005-01-01,7.8,,
ESTAT:GOV_10DD_EDPT1(1.0),22/04/26 11:00:00,A,PC_GDP,S13,GD_F32,DE,2005-01-01,44.0,,
ESTAT:GOV_10DD_EDPT1(1.0),22/04/26 11:00:00,A,PC_GDP,S13,GD_F32,IT,2005-01-01,75.3,,
ESTAT:GOV_10DD_EDPT1(1.0),22/04/26 11:00:00,A,PC_GDP,S13,GD_F4,DE,2005-01-01,21.3,,
ESTAT:GOV_10DD_EDPT1(1.0),22/04/26 11:00:00,A,PC_GDP,S13,GD_F4,IT,2005-01-01,8.5,,
ESTAT:GOV_10DD_EDPT1(1.0),22/04/26 11:00:00,A,PC_GDP,S13,GD_F41,DE,2005-01-01,1.5,,
ESTAT:GOV_10DD_EDPT1(1.0),22/04/26 11:00:00,A,PC_GDP,S13,GD_F41,IT,2005-01-01,0.8,,
ESTAT:GOV_10DD_EDPT1(1.0),22/04/26 11:00:00,A,PC_GDP,S13,GD_F42,DE,2005-01-01,19.7,,
ESTAT:GOV_10DD_EDPT1(1.0),22/04/26 11:00:00,A,PC_GDP,S13,GD_F42,IT,2005-01-01,7.7,,
ESTAT:GOV_10DD_EDPT1(1.0),22/04/26 11:00:00,A,PC_GDP,S13,P51G,DE,2005-01-01,2.2,,
ESTAT:GOV_10DD_EDPT1(1.0),22/04/26 11:00:00,A,PC_GDP,S13,P51G,IT,2005-01-01,3.1,,
ESTAT:GOV_10DD_EDPT1(1.0),22/04/26 11:00:00,A,PC_GDP,S13,B9,DE,2006-01-01,-1.8,,
ESTAT:GOV_10DD_EDPT1(1.0),22/04/26 11:00:00,A,PC_GDP,S13,B9,IT,2006-01-01,-3.6,,
ESTAT:GOV_10DD_EDPT1(1.0),22/04/26 11:00:00,A,PC_GDP,S13,D41PAY,DE,2006-01-01,2.7,,
ESTAT:GOV_10DD_EDPT1(1.0),22/04/26 11:00:00,A,PC_GDP,S13,D41PAY,IT,2006-01-01,4.4,,
ESTAT:GOV_10DD_EDPT1(1.0),22/04/26 11:00:00,A,PC_GDP,S13,GD,DE,2006-01-01,66.4,,
ESTAT:GOV_10DD_EDPT1(1.0),22/04/26 11:00:00,A,PC_GDP,S13,GD,IT,2006-01-01,106.3,,
ESTAT:GOV_10DD_EDPT1(1.0),22/04/26 11:00:00,A,PC_GDP,S13,GD_F2,DE,2006-01-01,0.3,,
ESTAT:GOV_10DD_EDPT1(1.0),22/04/26 11:00:00,A,PC_GDP,S13,GD_F2,IT,2006-01-01,14.2,,
ESTAT:GOV_10DD_EDPT1(1.0),22/04/26 11:00:00,A,PC_GDP,S13,GD_F3,DE,2006-01-01,45.9,,
ESTAT:GOV_10DD_EDPT1(1.0),22/04/26 11:00:00,A,PC_GDP,S13,GD_F3,IT,2006-01-01,82.4,,
ESTAT:GOV_10DD_EDPT1(1.0),22/04/26 11:00:00,A,PC_GDP,S13,GD_F31,DE,2006-01-01,1.6,,
ESTAT:GOV_10DD_EDPT1(1.0),22/04/26 11:00:00,A,PC_GDP,S13,GD_F31,IT,2006-01-01,7.8,,
ESTAT:GOV_10DD_EDPT1(1.0),22/04/26 11:00:00,A,PC_GDP,S13,GD_F32,DE,2006-01-01,44.4,,
ESTAT:GOV_10DD_EDPT1(1.0),22/04/26 11:00:00,A,PC_GDP,S13,GD_F32,IT,2006-01-01,74.6,,
ESTAT:GOV_10DD_EDPT1(1.0),22/04/26 11:00:00,A,PC_GDP,S13,GD_F4,DE,2006-01-01,20.2,,
ESTAT:GOV_10DD_EDPT1(1.0),22/04/26 11:00:00,A,PC_GDP,S13,GD_F4,IT,2006-01-01,9.6,,
ESTAT:GOV_10DD_EDPT1(1.0),22/04/26 11:00:00,A,PC_GDP,S13,GD_F41,DE,2006-01-01,1.6,,
ESTAT:GOV_10DD_EDPT1(1.0),22/04/26 11:00:00,A,PC_GDP,S13,GD_F41,IT,2006-01-01,0.8,,
ESTAT:GOV_10DD_EDPT1(1.0),22/04/26 11:00:00,A,PC_GDP,S13,GD_F42,DE,2006-01-01,18.5,,
ESTAT:GOV_10DD_EDPT1(1.0),22/04/26 11:00:00,A,PC_GDP,S13,GD_F42,IT,2006-01-01,8.8,,
ESTAT:GOV_10DD_EDPT1(1.0),22/04/26 11:00:00,A,PC_GDP,S13,P51G,DE,2006-01-01,2.3,,
ESTAT:GOV_10DD_EDPT1(1.0),22/04/26 11:00:00,A,PC_GDP,S13,P51G,IT,2006-01-01,3.1,,
ESTAT:GOV_10DD_EDPT1(1.0),22/04/26 11:00:00,A,PC_GDP,S13,B9,DE,2007-01-01,0.2,,
ESTAT:GOV_10DD_EDPT1(1.0),22/04/26 11:00:00,A,PC_GDP,S13,B9,IT,2007-01-01,-1.3,,
ESTAT:GOV_10DD_EDPT1(1.0),22/04/26 11:00:00,A,PC_GDP,S13,D41PAY,DE,2007-01-01,2.7,,
ESTAT:GOV_10DD_EDPT1(1.0),22/04/26 11:00:00,A,PC_GDP,S13,D41PAY,IT,2007-01-01,4.7,,
ESTAT:GOV_10DD_EDPT1(1.0),22/04/26 11:00:00,A,PC_GDP,S13,GD,DE,2007-01-01,63.7,,
ESTAT:GOV_10DD_EDPT1(1.0),22/04/26 11:00:00,A,PC_GDP,S13,GD,IT,2007-01-01,103.5,,
ESTAT:GOV_10DD_EDPT1(1.0),22/04/26 11:00:00,A,PC_GDP,S13,GD_F2,DE,2007-01-01,0.3,,
ESTAT:GOV_10DD_EDPT1(1.0),22/04/26 11:00:00,A,PC_GDP,S13,GD_F2,IT,2007-01-01,12.9,,
ESTAT:GOV_10DD_EDPT1(1.0),22/04/26 11:00:00,A,PC_GDP,S13,GD_F3,DE,2007-01-01,45.0,,
ESTAT:GOV_10DD_EDPT1(1.0),22/04/26 11:00:00,A,PC_GDP,S13,GD_F3,IT,2007-01-01,81.3,,
ESTAT:GOV_10DD_EDPT1(1.0),22/04/26 11:00:00,A,PC_GDP,S13,GD_F31,DE,2007-01-01,1.6,,
ESTAT:GOV_10DD_EDPT1(1.0),22/04/26 11:00:00,A,PC_GDP,S13,GD_F31,IT,2007-01-01,7.9,,
ESTAT:GOV_10DD_EDPT1(1.0),22/04/26 11:00:00,A,PC_GDP,S13,GD_F32,DE,2007-01-01,43.5,,
ESTAT:GOV_10DD_EDPT1(1.0),22/04/26 11:00:00,A,PC_GDP,S13,GD_F32,IT,2007-01-01,73.4,,
ESTAT:GOV_10DD_EDPT1(1.0),22/04/26 11:00:00,A,PC_GDP,S13,GD_F4,DE,2007-01-01,18.4,,
ESTAT:GOV_10DD_EDPT1(1.0),22/04/26 11:00:00,A,PC_GDP,S13,GD_F4,IT,2007-01-01,9.2,,
ESTAT:GOV_10DD_EDPT1(1.0),22/04/26 11:00:00,A,PC_GDP,S13,GD_F41,DE,2007-01-01,1.6,,
ESTAT:GOV_10DD_EDPT1(1.0),22/04/26 11:00:00,A,PC_GDP,S13,GD_F41,IT,2007-01-01,0.8,,
ESTAT:GOV_10DD_EDPT1(1.0),22/04/26 11:00:00,A,PC_GDP,S13,GD_F42,DE,2007-01-01,16.7,,
ESTAT:GOV_10DD_EDPT1(1.0),22/04/26 11:00:00,A,PC_GDP,S13,GD_F42,IT,2007-01-01,8.5,,
ESTAT:GOV_10DD_EDPT1(1.0),22/04/26 11:00:00,A,PC_GDP,S13,P51G,DE,2007-01-01,2.2,,
ESTAT:GOV_10DD_EDPT1(1.0),22/04/26 11:00:00,A,PC_GDP,S13,P51G,IT,2007-01-01,3.1,,
ESTAT:GOV_10DD_EDPT1(1.0),22/04/26 11:00:00,A,PC_GDP,S13,B9,DE,2008-01-01,-0.3,,
ESTAT:GOV_10DD_EDPT1(1.0),22/04/26 11:00:00,A,PC_GDP,S13,B9,IT,2008-01-01,-2.6,,
ESTAT:GOV_10DD_EDPT1(1.0),22/04/26 11:00:00,A,PC_GDP,S13,D41PAY,DE,2008-01-01,2.7,,
ESTAT:GOV_10DD_EDPT1(1.0),22/04/26 11:00:00,A,PC_GDP,S13,D41PAY,IT,2008-01-01,4.9,,
ESTAT:GOV_10DD_EDPT1(1.0),22/04/26 11:00:00,A,PC_GDP,S13,GD,DE,2008-01-01,65.2,,
ESTAT:GOV_10DD_EDPT1(1.0),22/04/26 11:00:00,A,PC_GDP,S13,GD,IT,2008-01-01,105.8,,
ESTAT:GOV_10DD_EDPT1(1.0),22/04/26 11:00:00,A,PC_GDP,S13,GD_F2,DE,2008-01-01,0.5,,
ESTAT:GOV_10DD_EDPT1(1.0),22/04/26 11:00:00,A,PC_GDP,S13,GD_F2,IT,2008-01-01,12.7,,
ESTAT:GOV_10DD_EDPT1(1.0),22/04/26 11:00:00,A,PC_GDP,S13,GD_F3,DE,2008-01-01,45.8,,
ESTAT:GOV_10DD_EDPT1(1.0),22/04/26 11:00:00,A,PC_GDP,S13,GD_F3,IT,2008-01-01,84.2,,
ESTAT:GOV_10DD_EDPT1(1.0),22/04/26 11:00:00,A,PC_GDP,S13,GD_F31,DE,2008-01-01,1.7,,
ESTAT:GOV_10DD_EDPT1(1.0),22/04/26 11:00:00,A,PC_GDP,S13,GD_F31,IT,2008-01-01,9.0,,
ESTAT:GOV_10DD_EDPT1(1.0),22/04/26 11:00:00,A,PC_GDP,S13,GD_F32,DE,2008-01-01,44.1,,
ESTAT:GOV_10DD_EDPT1(1.0),22/04/26 11:00:00,A,PC_GDP,S13,GD_F32,IT,2008-01-01,75.2,,
ESTAT:GOV_10DD_EDPT1(1.0),22/04/26 11:00:00,A,PC_GDP,S13,GD_F4,DE,2008-01-01,18.9,,
ESTAT:GOV_10DD_EDPT1(1.0),22/04/26 11:00:00,A,PC_GDP,S13,GD_F4,IT,2008-01-01,8.9,,
ESTAT:GOV_10DD_EDPT1(1.0),22/04/26 11:00:00,A,PC_GDP,S13,GD_F41,DE,2008-01-01,2.4,,
ESTAT:GOV_10DD_EDPT1(1.0),22/04/26 11:00:00,A,PC_GDP,S13,GD_F41,IT,2008-01-01,0.8,,
ESTAT:GOV_10DD_EDPT1(1.0),22/04/26 11:00:00,A,PC_GDP,S13,GD_F42,DE,2008-01-01,16.5,,
ESTAT:GOV_10DD_EDPT1(1.0),22/04/26 11:00:00,A,PC_GDP,S13,GD_F42,IT,2008-01-01,8.0,,
ESTAT:GOV_10DD_EDPT1(1.0),22/04/26 11:00:00,A,PC_GDP,S13,P51G,DE,2008-01-01,2.4,,
ESTAT:GOV_10DD_EDPT1(1.0),22/04/26 11:00:00,A,PC_GDP,S13,P51G,IT,2008-01-01,3.1,,
ESTAT:GOV_10DD_EDPT1(1.0),22/04/26 11:00:00,A,PC_GDP,S13,B9,DE,2009-01-01,-3.2,,
ESTAT:GOV_10DD_EDPT1(1.0),22/04/26 11:00:00,A,PC_GDP,S13,B9,IT,2009-01-01,-5.1,,
ESTAT:GOV_10DD_EDPT1(1.0),22/04/26 11:00:00,A,PC_GDP,S13,D41PAY,DE,2009-01-01,2.6,,
ESTAT:GOV_10DD_EDPT1(1.0),22/04/26 11:00:00,A,PC_GDP,S13,D41PAY,IT,2009-01-01,4.4,,
ESTAT:GOV_10DD_EDPT1(1.0),22/04/26 11:00:00,A,PC_GDP,S13,GD,DE,2009-01-01,72.4,,
ESTAT:GOV_10DD_EDPT1(1.0),22/04/26 11:00:00,A,PC_GDP,S13,GD,IT,2009-01-01,116.1,,
ESTAT:GOV_10DD_EDPT1(1.0),22/04/26 11:00:00,A,PC_GDP,S13,GD_F2,DE,2009-01-01,0.4,,
ESTAT:GOV_10DD_EDPT1(1.0),22/04/26 11:00:00,A,PC_GDP,S13,GD_F2,IT,2009-01-01,13.9,,
ESTAT:GOV_10DD_EDPT1(1.0),22/04/26 11:00:00,A,PC_GDP,S13,GD_F3,DE,2009-01-01,52.2,,
ESTAT:GOV_10DD_EDPT1(1.0),22/04/26 11:00:00,A,PC_GDP,S13,GD_F3,IT,2009-01-01,92.8,,
ESTAT:GOV_10DD_EDPT1(1.0),22/04/26 11:00:00,A,PC_GDP,S13,GD_F31,DE,2009-01-01,4.3,,
ESTAT:GOV_10DD_EDPT1(1.0),22/04/26 11:00:00,A,PC_GDP,S13,GD_F31,IT,2009-01-01,8.8,,
ESTAT:GOV_10DD_EDPT1(1.0),22/04/26 11:00:00,A,PC_GDP,S13,GD_F32,DE,2009-01-01,48.0,,
ESTAT:GOV_10DD_EDPT1(1.0),22/04/26 11:00:00,A,PC_GDP,S13,GD_F32,IT,2009-01-01,84.0,,
ESTAT:GOV_10DD_EDPT1(1.0),22/04/26 11:00:00,A,PC_GDP,S13,GD_F4,DE,2009-01-01,19.7,,
ESTAT:GOV_10DD_EDPT1(1.0),22/04/26 11:00:00,A,PC_GDP,S13,GD_F4,IT,2009-01-01,9.4,,
ESTAT:GOV_10DD_EDPT1(1.0),22/04/26 11:00:00,A,PC_GDP,S13,GD_F41,DE,2009-01-01,1.9,,
ESTAT:GOV_10DD_EDPT1(1.0),22/04/26 11:00:00,A,PC_GDP,S13,GD_F41,IT,2009-01-01,0.9,,
ESTAT:GOV_10DD_EDPT1(1.0),22/04/26 11:00:00,A,PC_GDP,S13,GD_F42,DE,2009-01-01,17.8,,
ESTAT:GOV_10DD_EDPT1(1.0),22/04/26 11:00:00,A,PC_GDP,S13,GD_F42,IT,2009-01-01,8.5,,
ESTAT:GOV_10DD_EDPT1(1.0),22/04/26 11:00:00,A,PC_GDP,S13,IGL_F4_EA19,DE,2009-01-01,0.0,,
ESTAT:GOV_10DD_EDPT1(1.0),22/04/26 11:00:00,A,PC_GDP,S13,IGL_F4_EA19,IT,2009-01-01,0.0,,
ESTAT:GOV_10DD_EDPT1(1.0),22/04/26 11:00:00,A,PC_GDP,S13,IGL_F4_EA20,DE,2009-01-01,0.0,,
ESTAT:GOV_10DD_EDPT1(1.0),22/04/26 11:00:00,A,PC_GDP,S13,IGL_F4_EA20,IT,2009-01-01,0.0,,
ESTAT:GOV_10DD_EDPT1(1.0),22/04/26 11:00:00,A,PC_GDP,S13,IGL_F4_EA21,DE,2009-01-01,0.0,,
ESTAT:GOV_10DD_EDPT1(1.0),22/04/26 11:00:00,A,PC_GDP,S13,IGL_F4_EA21,IT,2009-01-01,0.0,,
ESTAT:GOV_10DD_EDPT1(1.0),22/04/26 11:00:00,A,PC_GDP,S13,IGL_F4_EU27_2020,DE,2009-01-01,0.0,,
ESTAT:GOV_10DD_EDPT1(1.0),22/04/26 11:00:00,A,PC_GDP,S13,IGL_F4_EU27_2020,IT,2009-01-01,0.0,,
ESTAT:GOV_10DD_EDPT1(1.0),22/04/26 11:00:00,A,PC_GDP,S13,P51G,DE,2009-01-01,2.6,,
ESTAT:GOV_10DD_EDPT1(1.0),22/04/26 11:00:00,A,PC_GDP,S13,P51G,IT,2009-01-01,3.6,,
ESTAT:GOV_10DD_EDPT1(1.0),22/04/26 11:00:00,A,PC_GDP,S13,B9,DE,2010-01-01,-4.4,,
ESTAT:GOV_10DD_EDPT1(1.0),22/04/26 11:00:00,A,PC_GDP,S13,B9,IT,2010-01-01,-4.2,,
ESTAT:GOV_10DD_EDPT1(1.0),22/04/26 11:00:00,A,PC_GDP,S13,D41PAY,DE,2010-01-01,2.4,,
ESTAT:GOV_10DD_EDPT1(1.0),22/04/26 11:00:00,A,PC_GDP,S13,D41PAY,IT,2010-01-01,4.3,,
ESTAT:GOV_10DD_EDPT1(1.0),22/04/26 11:00:00,A,PC_GDP,S13,GD,DE,2010-01-01,81.0,,
ESTAT:GOV_10DD_EDPT1(1.0),22/04/26 11:00:00,A,PC_GDP,S13,GD,IT,2010-01-01,118.8,,
ESTAT:GOV_10DD_EDPT1(1.0),22/04/26 11:00:00,A,PC_GDP,S13,GD_F2,DE,2010-01-01,0.4,,
ESTAT:GOV_10DD_EDPT1(1.0),22/04/26 11:00:00,A,PC_GDP,S13,GD_F2,IT,2010-01-01,13.7,,
ESTAT:GOV_10DD_EDPT1(1.0),22/04/26 11:00:00,A,PC_GDP,S13,GD_F3,DE,2010-01-01,53.4,,
ESTAT:GOV_10DD_EDPT1(1.0),22/04/26 11:00:00,A,PC_GDP,S13,GD_F3,IT,2010-01-01,95.7,,
ESTAT:GOV_10DD_EDPT1(1.0),22/04/26 11:00:00,A,PC_GDP,S13,GD_F31,DE,2010-01-01,3.3,,
ESTAT:GOV_10DD_EDPT1(1.0),22/04/26 11:00:00,A,PC_GDP,S13,GD_F31,IT,2010-01-01,8.0,,
ESTAT:GOV_10DD_EDPT1(1.0),22/04/26 11:00:00,A,PC_GDP,S13,GD_F32,DE,2010-01-01,50.1,,
ESTAT:GOV_10DD_EDPT1(1.0),22/04/26 11:00:00,A,PC_GDP,S13,GD_F32,IT,2010-01-01,87.7,,
ESTAT:GOV_10DD_EDPT1(1.0),22/04/26 11:00:00,A,PC_GDP,S13,GD_F4,DE,2010-01-01,27.2,,
ESTAT:GOV_10DD_EDPT1(1.0),22/04/26 11:00:00,A,PC_GDP,S13,GD_F4,IT,2010-01-01,9.4,,
ESTAT:GOV_10DD_EDPT1(1.0),22/04/26 11:00:00,A,PC_GDP,S13,GD_F41,DE,2010-01-01,8.2,,
ESTAT:GOV_10DD_EDPT1(1.0),22/04/26 11:00:00,A,PC_GDP,S13,GD_F41,IT,2010-01-01,1.0,,
ESTAT:GOV_10DD_EDPT1(1.0),22/04/26 11:00:00,A,PC_GDP,S13,GD_F42,DE,2010-01-01,19.1,,
ESTAT:GOV_10DD_EDPT1(1.0),22/04/26 11:00:00,A,PC_GDP,S13,GD_F42,IT,2010-01-01,8.4,,
ESTAT:GOV_10DD_EDPT1(1.0),22/04/26 11:00:00,A,PC_GDP,S13,IGL_F4_EA19,DE,2010-01-01,0.2,,
ESTAT:GOV_10DD_EDPT1(1.0),22/04/26 11:00:00,A,PC_GDP,S13,IGL_F4_EA19,IT,2010-01-01,0.2,,
ESTAT:GOV_10DD_EDPT1(1.0),22/04/26 11:00:00,A,PC_GDP,S13,IGL_F4_EA20,DE,2010-01-01,0.2,,
ESTAT:GOV_10DD_EDPT1(1.0),22/04/26 11:00:00,A,PC_GDP,S13,IGL_F4_EA20,IT,2010-01-01,0.2,,
ESTAT:GOV_10DD_EDPT1(1.0),22/04/26 11:00:00,A,PC_GDP,S13,IGL_F4_EA21,DE,2010-01-01,0.2,,
ESTAT:GOV_10DD_EDPT1(1.0),22/04/26 11:00:00,A,PC_GDP,S13,IGL_F4_EA21,IT,2010-01-01,0.2,,
ESTAT:GOV_10DD_EDPT1(1.0),22/04/26 11:00:00,A,PC_GDP,S13,IGL_F4_EU27_2020,DE,2010-01-01,0.2,,
ESTAT:GOV_10DD_EDPT1(1.0),22/04/26 11:00:00,A,PC_GDP,S13,IGL_F4_EU27_2020,IT,2010-01-01,0.2,,
ESTAT:GOV_10DD_EDPT1(1.0),22/04/26 11:00:00,A,PC_GDP,S13,P51G,DE,2010-01-01,2.6,,
ESTAT:GOV_10DD_EDPT1(1.0),22/04/26 11:00:00,A,PC_GDP,S13,P51G,IT,2010-01-01,3.1,,
ESTAT:GOV_10DD_EDPT1(1.0),22/04/26 11:00:00,A,PC_GDP,S13,B9,DE,2011-01-01,-0.8,,
ESTAT:GOV_10DD_EDPT1(1.0),22/04/26 11:00:00,A,PC_GDP,S13,B9,IT,2011-01-01,-3.5,,
ESTAT:GOV_10DD_EDPT1(1.0),22/04/26 11:00:00,A,PC_GDP,S13,D41PAY,DE,2011-01-01,2.5,,
ESTAT:GOV_10DD_EDPT1(1.0),22/04/26 11:00:00,A,PC_GDP,S13,D41PAY,IT,2011-01-01,4.6,,
ESTAT:GOV_10DD_EDPT1(1.0),22/04/26 11:00:00,A,PC_GDP,S13,GD,DE,2011-01-01,78.5,,
ESTAT:GOV_10DD_EDPT1(1.0),22/04/26 11:00:00,A,PC_GDP,S13,GD,IT,2011-01-01,119.1,,
ESTAT:GOV_10DD_EDPT1(1.0),22/04/26 11:00:00,A,PC_GDP,S13,GD_F2,DE,2011-01-01,0.4,,
ESTAT:GOV_10DD_EDPT1(1.0),22/04/26 11:00:00,A,PC_GDP,S13,GD_F2,IT,2011-01-01,12.9,,
ESTAT:GOV_10DD_EDPT1(1.0),22/04/26 11:00:00,A,PC_GDP,S13,GD_F3,DE,2011-01-01,53.2,,
ESTAT:GOV_10DD_EDPT1(1.0),22/04/26 11:00:00,A,PC_GDP,S13,GD_F3,IT,2011-01-01,96.8,,
ESTAT:GOV_10DD_EDPT1(1.0),22/04/26 11:00:00,A,PC_GDP,S13,GD_F31,DE,2011-01-01,4.2,,
ESTAT:GOV_10DD_EDPT1(1.0),22/04/26 11:00:00,A,PC_GDP,S13,GD_F31,IT,2011-01-01,7.9,,
ESTAT:GOV_10DD_EDPT1(1.0),22/04/26 11:00:00,A,PC_GDP,S13,GD_F32,DE,2011-01-01,49.0,,
ESTAT:GOV_10DD_EDPT1(1.0),22/04/26 11:00:00,A,PC_GDP,S13,GD_F32,IT,2011-01-01,88.9,,
ESTAT:GOV_10DD_EDPT1(1.0),22/04/26 11:00:00,A,PC_GDP,S13,GD_F4,DE,2011-01-01,24.9,,
ESTAT:GOV_10DD_EDPT1(1.0),22/04/26 11:00:00,A,PC_GDP,S13,GD_F4,IT,2011-01-01,9.4,,
ESTAT:GOV_10DD_EDPT1(1.0),22/04/26 11:00:00,A,PC_GDP,S13,GD_F41,DE,2011-01-01,6.3,,
ESTAT:GOV_10DD_EDPT1(1.0),22/04/26 11:00:00,A,PC_GDP,S13,GD_F41,IT,2011-01-01,1.0,,
ESTAT:GOV_10DD_EDPT1(1.0),22/04/26 11:00:00,A,PC_GDP,S13,GD_F42,DE,2011-01-01,18.6,,
ESTAT:GOV_10DD_EDPT1(1.0),22/04/26 11:00:00,A,PC_GDP,S13,GD_F42,IT,2011-01-01,8.4,,
ESTAT:GOV_10DD_EDPT1(1.0),22/04/26 11:00:00,A,PC_GDP,S13,IGL_F4_EA19,DE,2011-01-01,0.7,,
ESTAT:GOV_10DD_EDPT1(1.0),22/04/26 11:00:00,A,PC_GDP,S13,IGL_F4_EA19,IT,2011-01-01,0.8,,
ESTAT:GOV_10DD_EDPT1(1.0),22/04/26 11:00:00,A,PC_GDP,S13,IGL_F4_EA20,DE,2011-01-01,0.7,,
ESTAT:GOV_10DD_EDPT1(1.0),22/04/26 11:00:00,A,PC_GDP,S13,IGL_F4_EA20,IT,2011-01-01,0.8,,
ESTAT:GOV_10DD_EDPT1(1.0),22/04/26 11:00:00,A,PC_GDP,S13,IGL_F4_EA21,DE,2011-01-01,0.7,,
ESTAT:GOV_10DD_EDPT1(1.0),22/04/26 11:00:00,A,PC_GDP,S13,IGL_F4_EA21,IT,2011-01-01,0.8,,
ESTAT:GOV_10DD_EDPT1(1.0),22/04/26 11:00:00,A,PC_GDP,S13,IGL_F4_EU27_2020,DE,2011-01-01,0.7,,
ESTAT:GOV_10DD_EDPT1(1.0),22/04/26 11:00:00,A,PC_GDP,S13,IGL_F4_EU27_2020,IT,2011-01-01,0.8,,
ESTAT:GOV_10DD_EDPT1(1.0),22/04/26 11:00:00,A,PC_GDP,S13,P51G,DE,2011-01-01,2.6,,
ESTAT:GOV_10DD_EDPT1(1.0),22/04/26 11:00:00,A,PC_GDP,S13,P51G,IT,2011-01-01,2.9,,
ESTAT:GOV_10DD_EDPT1(1.0),22/04/26 11:00:00,A,PC_GDP,S13,B9,DE,2012-01-01,-0.1,,
ESTAT:GOV_10DD_EDPT1(1.0),22/04/26 11:00:00,A,PC_GDP,S13,B9,IT,2012-01-01,-3.0,,
ESTAT:GOV_10DD_EDPT1(1.0),22/04/26 11:00:00,A,PC_GDP,S13,D41PAY,DE,2012-01-01,2.3,,
ESTAT:GOV_10DD_EDPT1(1.0),22/04/26 11:00:00,A,PC_GDP,S13,D41PAY,IT,2012-01-01,5.1,,
ESTAT:GOV_10DD_EDPT1(1.0),22/04/26 11:00:00,A,PC_GDP,S13,GD,DE,2012-01-01,79.8,,
ESTAT:GOV_10DD_EDPT1(1.0),22/04/26 11:00:00,A,PC_GDP,S13,GD,IT,2012-01-01,125.9,,
ESTAT:GOV_10DD_EDPT1(1.0),22/04/26 11:00:00,A,PC_GDP,S13,GD_F2,DE,2012-01-01,0.3,,
ESTAT:GOV_10DD_EDPT1(1.0),22/04/26 11:00:00,A,PC_GDP,S13,GD_F2,IT,2012-01-01,13.5,,
ESTAT:GOV_10DD_EDPT1(1.0),22/04/26 11:00:00,A,PC_GDP,S13,GD_F3,DE,2012-01-01,55.3,,
ESTAT:GOV_10DD_EDPT1(1.0),22/04/26 11:00:00,A,PC_GDP,S13,GD_F3,IT,2012-01-01,101.3,,
ESTAT:GOV_10DD_EDPT1(1.0),22/04/26 11:00:00,A,PC_GDP,S13,GD_F31,DE,2012-01-01,3.8,,
ESTAT:GOV_10DD_EDPT1(1.0),22/04/26 11:00:00,A,PC_GDP,S13,GD_F31,IT,2012-01-01,9.3,,
ESTAT:GOV_10DD_EDPT1(1.0),22/04/26 11:00:00,A,PC_GDP,S13,GD_F32,DE,2012-01-01,51.5,,
ESTAT:GOV_10DD_EDPT1(1.0),22/04/26 11:00:00,A,PC_GDP,S13,GD_F32,IT,2012-01-01,92.0,,
ESTAT:GOV_10DD_EDPT1(1.0),22/04/26 11:00:00,A,PC_GDP,S13,GD_F4,DE,2012-01-01,24.2,,
ESTAT:GOV_10DD_EDPT1(1.0),22/04/26 11:00:00,A,PC_GDP,S13,GD_F4,IT,2012-01-01,11.1,,
ESTAT:GOV_10DD_EDPT1(1.0),22/04/26 11:00:00,A,PC_GDP,S13,GD_F41,DE,2012-01-01,4.5,,
ESTAT:GOV_10DD_EDPT1(1.0),22/04/26 11:00:00,A,PC_GDP,S13,GD_F41,IT,2012-01-01,1.2,,
ESTAT:GOV_10DD_EDPT1(1.0),22/04/26 11:00:00,A,PC_GDP,S13,GD_F42,DE,2012-01-01,19.6,,
ESTAT:GOV_10DD_EDPT1(1.0),22/04/26 11:00:00,A,PC_GDP,S13,GD_F42,IT,2012-01-01,9.9,,
ESTAT:GOV_10DD_EDPT1(1.0),22/04/26 11:00:00,A,PC_GDP,S13,IGL_F4_EA19,DE,2012-01-01,2.0,,
ESTAT:GOV_10DD_EDPT1(1.0),22/04/26 11:00:00,A,PC_GDP,S13,IGL_F4_EA19,IT,2012-01-01,2.3,,
ESTAT:GOV_10DD_EDPT1(1.0),22/04/26 11:00:00,A,PC_GDP,S13,IGL_F4_EA20,DE,2012-01-01,2.0,,
ESTAT:GOV_10DD_EDPT1(1.0),22/04/26 11:00:00,A,PC_GDP,S13,IGL_F4_EA20,IT,2012-01-01,2.3,,
ESTAT:GOV_10DD_EDPT1(1.0),22/04/26 11:00:00,A,PC_GDP,S13,IGL_F4_EA21,DE,2012-01-01,2.0,,
ESTAT:GOV_10DD_EDPT1(1.0),22/04/26 11:00:00,A,PC_GDP,S13,IGL_F4_EA21,IT,2012-01-01,2.3,,
ESTAT:GOV_10DD_EDPT1(1.0),22/04/26 11:00:00,A,PC_GDP,S13,IGL_F4_EU27_2020,DE,2012-01-01,2.0,,
ESTAT:GOV_10DD_EDPT1(1.0),22/04/26 11:00:00,A,PC_GDP,S13,IGL_F4_EU27_2020,IT,2012-01-01,2.3,,
ESTAT:GOV_10DD_EDPT1(1.0),22/04/26 11:00:00,A,PC_GDP,S13,P51G,DE,2012-01-01,2.5,,
ESTAT:GOV_10DD_EDPT1(1.0),22/04/26 11:00:00,A,PC_GDP,S13,P51G,IT,2012-01-01,2.6,,
ESTAT:GOV_10DD_EDPT1(1.0),22/04/26 11:00:00,A,PC_GDP,S13,B9,DE,2013-01-01,0.1,,
ESTAT:GOV_10DD_EDPT1(1.0),22/04/26 11:00:00,A,PC_GDP,S13,B9,IT,2013-01-01,-2.9,,
ESTAT:GOV_10DD_EDPT1(1.0),22/04/26 11:00:00,A,PC_GDP,S13,D41PAY,DE,2013-01-01,1.8,,
ESTAT:GOV_10DD_EDPT1(1.0),22/04/26 11:00:00,A,PC_GDP,S13,D41PAY,IT,2013-01-01,4.8,,
ESTAT:GOV_10DD_EDPT1(1.0),22/04/26 11:00:00,A,PC_GDP,S13,GD,DE,2013-01-01,77.5,,
ESTAT:GOV_10DD_EDPT1(1.0),22/04/26 11:00:00,A,PC_GDP,S13,GD,IT,2013-01-01,131.9,,
ESTAT:GOV_10DD_EDPT1(1.0),22/04/26 11:00:00,A,PC_GDP,S13,GD_F2,DE,2013-01-01,0.4,,
ESTAT:GOV_10DD_EDPT1(1.0),22/04/26 11:00:00,A,PC_GDP,S13,GD_F2,IT,2013-01-01,13.5,,
ESTAT:GOV_10DD_EDPT1(1.0),22/04/26 11:00:00,A,PC_GDP,S13,GD_F3,DE,2013-01-01,54.3,,
ESTAT:GOV_10DD_EDPT1(1.0),22/04/26 11:00:00,A,PC_GDP,S13,GD_F3,IT,2013-01-01,107.0,,
ESTAT:GOV_10DD_EDPT1(1.0),22/04/26 11:00:00,A,PC_GDP,S13,GD_F31,DE,2013-01-01,3.0,,
ESTAT:GOV_10DD_EDPT1(1.0),22/04/26 11:00:00,A,PC_GDP,S13,GD_F31,IT,2013-01-01,8.7,,
ESTAT:GOV_10DD_EDPT1(1.0),22/04/26 11:00:00,A,PC_GDP,S13,GD_F32,DE,2013-01-01,51.3,,
ESTAT:GOV_10DD_EDPT1(1.0),22/04/26 11:00:00,A,PC_GDP,S13,GD_F32,IT,2013-01-01,98.4,,
ESTAT:GOV_10DD_EDPT1(1.0),22/04/26 11:00:00,A,PC_GDP,S13,GD_F4,DE,2013-01-01,22.8,,
ESTAT:GOV_10DD_EDPT1(1.0),22/04/26 11:00:00,A,PC_GDP,S13,GD_F4,IT,2013-01-01,11.4,,
ESTAT:GOV_10DD_EDPT1(1.0),22/04/26 11:00:00,A,PC_GDP,S13,GD_F41,DE,2013-01-01,3.6,,
ESTAT:GOV_10DD_EDPT1(1.0),22/04/26 11:00:00,A,PC_GDP,S13,GD_F41,IT,2013-01-01,1.0,,
ESTAT:GOV_10DD_EDPT1(1.0),22/04/26 11:00:00,A,PC_GDP,S13,GD_F42,DE,2013-01-01,19.2,,
ESTAT:GOV_10DD_EDPT1(1.0),22/04/26 11:00:00,A,PC_GDP,S13,GD_F42,IT,2013-01-01,10.3,,
ESTAT:GOV_10DD_EDPT1(1.0),22/04/26 11:00:00,A,PC_GDP,S13,IGL_F4_EA19,DE,2013-01-01,2.3,,
ESTAT:GOV_10DD_EDPT1(1.0),22/04/26 11:00:00,A,PC_GDP,S13,IGL_F4_EA19,IT,2013-01-01,2.7,,
ESTAT:GOV_10DD_EDPT1(1.0),22/04/26 11:00:00,A,PC_GDP,S13,IGL_F4_EA20,DE,2013-01-01,2.3,,
ESTAT:GOV_10DD_EDPT1(1.0),22/04/26 11:00:00,A,PC_GDP,S13,IGL_F4_EA20,IT,2013-01-01,2.7,,
ESTAT:GOV_10DD_EDPT1(1.0),22/04/26 11:00:00,A,PC_GDP,S13,IGL_F4_EA21,DE,2013-01-01,2.3,,
ESTAT:GOV_10DD_EDPT1(1.0),22/04/26 11:00:00,A,PC_GDP,S13,IGL_F4_EA21,IT,2013-01-01,2.7,,
ESTAT:GOV_10DD_EDPT1(1.0),22/04/26 11:00:00,A,PC_GDP,S13,IGL_F4_EU27_2020,DE,2013-01-01,2.4,,
ESTAT:GOV_10DD_EDPT1(1.0),22/04/26 11:00:00,A,PC_GDP,S13,IGL_F4_EU27_2020,IT,2013-01-01,2.7,,
ESTAT:GOV_10DD_EDPT1(1.0),22/04/26 11:00:00,A,PC_GDP,S13,P51G,DE,2013-01-01,2.4,,
ESTAT:GOV_10DD_EDPT1(1.0),22/04/26 11:00:00,A,PC_GDP,S13,P51G,IT,2013-01-01,2.5,,
ESTAT:GOV_10DD_EDPT1(1.0),22/04/26 11:00:00,A,PC_GDP,S13,B9,DE,2014-01-01,0.7,,
ESTAT:GOV_10DD_EDPT1(1.0),22/04/26 11:00:00,A,PC_GDP,S13,B9,IT,2014-01-01,-2.8,,
ESTAT:GOV_10DD_EDPT1(1.0),22/04/26 11:00:00,A,PC_GDP,S13,D41PAY,DE,2014-01-01,1.6,,
ESTAT:GOV_10DD_EDPT1(1.0),22/04/26 11:00:00,A,PC_GDP,S13,D41PAY,IT,2014-01-01,4.6,,
ESTAT:GOV_10DD_EDPT1(1.0),22/04/26 11:00:00,A,PC_GDP,S13,GD,DE,2014-01-01,74.5,,
ESTAT:GOV_10DD_EDPT1(1.0),22/04/26 11:00:00,A,PC_GDP,S13,GD,IT,2014-01-01,134.8,,
ESTAT:GOV_10DD_EDPT1(1.0),22/04/26 11:00:00,A,PC_GDP,S13,GD_F2,DE,2014-01-01,0.4,,
ESTAT:GOV_10DD_EDPT1(1.0),22/04/26 11:00:00,A,PC_GDP,S13,GD_F2,IT,2014-01-01,14.2,,
ESTAT:GOV_10DD_EDPT1(1.0),22/04/26 11:00:00,A,PC_GDP,S13,GD_F3,DE,2014-01-01,52.7,,
ESTAT:GOV_10DD_EDPT1(1.0),22/04/26 11:00:00,A,PC_GDP,S13,GD_F3,IT,2014-01-01,109.6,,
ESTAT:GOV_10DD_EDPT1(1.0),22/04/26 11:00:00,A,PC_GDP,S13,GD_F31,DE,2014-01-01,2.4,,
ESTAT:GOV_10DD_EDPT1(1.0),22/04/26 11:00:00,A,PC_GDP,S13,GD_F31,IT,2014-01-01,7.6,,
ESTAT:GOV_10DD_EDPT1(1.0),22/04/26 11:00:00,A,PC_GDP,S13,GD_F32,DE,2014-01-01,50.3,,
ESTAT:GOV_10DD_EDPT1(1.0),22/04/26 11:00:00,A,PC_GDP,S13,GD_F32,IT,2014-01-01,102.0,,
ESTAT:GOV_10DD_EDPT1(1.0),22/04/26 11:00:00,A,PC_GDP,S13,GD_F4,DE,2014-01-01,21.4,,
ESTAT:GOV_10DD_EDPT1(1.0),22/04/26 11:00:00,A,PC_GDP,S13,GD_F4,IT,2014-01-01,11.0,,
ESTAT:GOV_10DD_EDPT1(1.0),22/04/26 11:00:00,A,PC_GDP,S13,GD_F41,DE,2014-01-01,3.3,,
ESTAT:GOV_10DD_EDPT1(1.0),22/04/26 11:00:00,A,PC_GDP,S13,GD_F41,IT,2014-01-01,0.8,,
ESTAT:GOV_10DD_EDPT1(1.0),22/04/26 11:00:00,A,PC_GDP,S13,GD_F42,DE,2014-01-01,18.1,,
ESTAT:GOV_10DD_EDPT1(1.0),22/04/26 11:00:00,A,PC_GDP,S13,GD_F42,IT,2014-01-01,10.1,,
ESTAT:GOV_10DD_EDPT1(1.0),22/04/26 11:00:00,A,PC_GDP,S13,IGL_F4_EA19,DE,2014-01-01,2.4,,
ESTAT:GOV_10DD_EDPT1(1.0),22/04/26 11:00:00,A,PC_GDP,S13,IGL_F4_EA19,IT,2014-01-01,2.8,,
ESTAT:GOV_10DD_EDPT1(1.0),22/04/26 11:00:00,A,PC_GDP,S13,IGL_F4_EA20,DE,2014-01-01,2.4,,
ESTAT:GOV_10DD_EDPT1(1.0),22/04/26 11:00:00,A,PC_GDP,S13,IGL_F4_EA20,IT,2014-01-01,2.8,,
ESTAT:GOV_10DD_EDPT1(1.0),22/04/26 11:00:00,A,PC_GDP,S13,IGL_F4_EA21,DE,2014-01-01,2.4,,
ESTAT:GOV_10DD_EDPT1(1.0),22/04/26 11:00:00,A,PC_GDP,S13,IGL_F4_EA21,IT,2014-01-01,2.8,,
ESTAT:GOV_10DD_EDPT1(1.0),22/04/26 11:00:00,A,PC_GDP,S13,IGL_F4_EU27_2020,DE,2014-01-01,2.4,,
ESTAT:GOV_10DD_EDPT1(1.0),22/04/26 11:00:00,A,PC_GDP,S13,IGL_F4_EU27_2020,IT,2014-01-01,2.8,,
ESTAT:GOV_10DD_EDPT1(1.0),22/04/26 11:00:00,A,PC_GDP,S13,P51G,DE,2014-01-01,2.3,,
ESTAT:GOV_10DD_EDPT1(1.0),22/04/26 11:00:00,A,PC_GDP,S13,P51G,IT,2014-01-01,2.3,,
ESTAT:GOV_10DD_EDPT1(1.0),22/04/26 11:00:00,A,PC_GDP,S13,B9,DE,2015-01-01,0.9,,
ESTAT:GOV_10DD_EDPT1(1.0),22/04/26 11:00:00,A,PC_GDP,S13,B9,IT,2015-01-01,-2.5,,
ESTAT:GOV_10DD_EDPT1(1.0),22/04/26 11:00:00,A,PC_GDP,S13,D41PAY,DE,2015-01-01,1.4,,
ESTAT:GOV_10DD_EDPT1(1.0),22/04/26 11:00:00,A,PC_GDP,S13,D41PAY,IT,2015-01-01,4.1,,
ESTAT:GOV_10DD_EDPT1(1.0),22/04/26 11:00:00,A,PC_GDP,S13,GD,DE,2015-01-01,71.2,,
ESTAT:GOV_10DD_EDPT1(1.0),22/04/26 11:00:00,A,PC_GDP,S13,GD,IT,2015-01-01,134.8,,
ESTAT:GOV_10DD_EDPT1(1.0),22/04/26 11:00:00,A,PC_GDP,S13,GD_F2,DE,2015-01-01,0.5,,
ESTAT:GOV_10DD_EDPT1(1.0),22/04/26 11:00:00,A,PC_GDP,S13,GD_F2,IT,2015-01-01,14.3,,
ESTAT:GOV_10DD_EDPT1(1.0),22/04/26 11:00:00,A,PC_GDP,S13,GD_F3,DE,2015-01-01,50.7,,
ESTAT:GOV_10DD_EDPT1(1.0),22/04/26 11:00:00,A,PC_GDP,S13,GD_F3,IT,2015-01-01,109.6,,
ESTAT:GOV_10DD_EDPT1(1.0),22/04/26 11:00:00,A,PC_GDP,S13,GD_F31,DE,2015-01-01,2.1,,
ESTAT:GOV_10DD_EDPT1(1.0),22/04/26 11:00:00,A,PC_GDP,S13,GD_F31,IT,2015-01-01,6.9,,
ESTAT:GOV_10DD_EDPT1(1.0),22/04/26 11:00:00,A,PC_GDP,S13,GD_F32,DE,2015-01-01,48.6,,
ESTAT:GOV_10DD_EDPT1(1.0),22/04/26 11:00:00,A,PC_GDP,S13,GD_F32,IT,2015-01-01,102.7,,
ESTAT:GOV_10DD_EDPT1(1.0),22/04/26 11:00:00,A,PC_GDP,S13,GD_F4,DE,2015-01-01,20.0,,
ESTAT:GOV_10DD_EDPT1(1.0),22/04/26 11:00:00,A,PC_GDP,S13,GD_F4,IT,2015-01-01,10.9,,
ESTAT:GOV_10DD_EDPT1(1.0),22/04/26 11:00:00,A,PC_GDP,S13,GD_F41,DE,2015-01-01,3.0,,
ESTAT:GOV_10DD_EDPT1(1.0),22/04/26 11:00:00,A,PC_GDP,S13,GD_F41,IT,2015-01-01,0.9,,
ESTAT:GOV_10DD_EDPT1(1.0),22/04/26 11:00:00,A,PC_GDP,S13,GD_F42,DE,2015-01-01,17.1,,
ESTAT:GOV_10DD_EDPT1(1.0),22/04/26 11:00:00,A,PC_GDP,S13,GD_F42,IT,2015-01-01,10.0,,
ESTAT:GOV_10DD_EDPT1(1.0),22/04/26 11:00:00,A,PC_GDP,S13,IGL_F4_EA19,DE,2015-01-01,2.2,,
ESTAT:GOV_10DD_EDPT1(1.0),22/04/26 11:00:00,A,PC_GDP,S13,IGL_F4_EA19,IT,2015-01-01,2.7,,
ESTAT:GOV_10DD_EDPT1(1.0),22/04/26 11:00:00,A,PC_GDP,S13,IGL_F4_EA20,DE,2015-01-01,2.2,,
ESTAT:GOV_10DD_EDPT1(1.0),22/04/26 11:00:00,A,PC_GDP,S13,IGL_F4_EA20,IT,2015-01-01,2.7,,
ESTAT:GOV_10DD_EDPT1(1.0),22/04/26 11:00:00,A,PC_GDP,S13,IGL_F4_EA21,DE,2015-01-01,2.2,,
ESTAT:GOV_10DD_EDPT1(1.0),22/04/26 11:00:00,A,PC_GDP,S13,IGL_F4_EA21,IT,2015-01-01,2.7,,
ESTAT:GOV_10DD_EDPT1(1.0),22/04/26 11:00:00,A,PC_GDP,S13,IGL_F4_EU27_2020,DE,2015-01-01,2.2,,
ESTAT:GOV_10DD_EDPT1(1.0),22/04/26 11:00:00,A,PC_GDP,S13,IGL_F4_EU27_2020,IT,2015-01-01,2.7,,
ESTAT:GOV_10DD_EDPT1(1.0),22/04/26 11:00:00,A,PC_GDP,S13,P51G,DE,2015-01-01,2.4,,
ESTAT:GOV_10DD_EDPT1(1.0),22/04/26 11:00:00,A,PC_GDP,S13,P51G,IT,2015-01-01,2.4,,
ESTAT:GOV_10DD_EDPT1(1.0),22/04/26 11:00:00,A,PC_GDP,S13,B9,DE,2016-01-01,1.1,,
ESTAT:GOV_10DD_EDPT1(1.0),22/04/26 11:00:00,A,PC_GDP,S13,B9,IT,2016-01-01,-2.4,,
ESTAT:GOV_10DD_EDPT1(1.0),22/04/26 11:00:00,A,PC_GDP,S13,D41PAY,DE,2016-01-01,1.2,,
ESTAT:GOV_10DD_EDPT1(1.0),22/04/26 11:00:00,A,PC_GDP,S13,D41PAY,IT,2016-01-01,3.9,,
ESTAT:GOV_10DD_EDPT1(1.0),22/04/26 11:00:00,A,PC_GDP,S13,GD,DE,2016-01-01,68.3,,
ESTAT:GOV_10DD_EDPT1(1.0),22/04/26 11:00:00,A,PC_GDP,S13,GD,IT,2016-01-01,134.2,,
ESTAT:GOV_10DD_EDPT1(1.0),22/04/26 11:00:00,A,PC_GDP,S13,GD_F2,DE,2016-01-01,0.5,,
ESTAT:GOV_10DD_EDPT1(1.0),22/04/26 11:00:00,A,PC_GDP,S13,GD_F2,IT,2016-01-01,13.7,,
ESTAT:GOV_10DD_EDPT1(1.0),22/04/26 11:00:00,A,PC_GDP,S13,GD_F3,DE,2016-01-01,48.6,,
ESTAT:GOV_10DD_EDPT1(1.0),22/04/26 11:00:00,A,PC_GDP,S13,GD_F3,IT,2016-01-01,109.9,,
ESTAT:GOV_10DD_EDPT1(1.0),22/04/26 11:00:00,A,PC_GDP,S13,GD_F31,DE,2016-01-01,2.2,,
ESTAT:GOV_10DD_EDPT1(1.0),22/04/26 11:00:00,A,PC_GDP,S13,GD_F31,IT,2016-01-01,6.3,,
ESTAT:GOV_10DD_EDPT1(1.0),22/04/26 11:00:00,A,PC_GDP,S13,GD_F32,DE,2016-01-01,46.4,,
ESTAT:GOV_10DD_EDPT1(1.0),22/04/26 11:00:00,A,PC_GDP,S13,GD_F32,IT,2016-01-01,103.7,,
ESTAT:GOV_10DD_EDPT1(1.0),22/04/26 11:00:00,A,PC_GDP,S13,GD_F4,DE,2016-01-01,19.2,,
ESTAT:GOV_10DD_EDPT1(1.0),22/04/26 11:00:00,A,PC_GDP,S13,GD_F4,IT,2016-01-01,10.6,,
ESTAT:GOV_10DD_EDPT1(1.0),22/04/26 11:00:00,A,PC_GDP,S13,GD_F41,DE,2016-01-01,3.0,,
ESTAT:GOV_10DD_EDPT1(1.0),22/04/26 11:00:00,A,PC_GDP,S13,GD_F41,IT,2016-01-01,0.7,,
ESTAT:GOV_10DD_EDPT1(1.0),22/04/26 11:00:00,A,PC_GDP,S13,GD_F42,DE,2016-01-01,16.1,,
ESTAT:GOV_10DD_EDPT1(1.0),22/04/26 11:00:00,A,PC_GDP,S13,GD_F42,IT,2016-01-01,9.9,,
ESTAT:GOV_10DD_EDPT1(1.0),22/04/26 11:00:00,A,PC_GDP,S13,IGL_F4_EA19,DE,2016-01-01,2.1,,
ESTAT:GOV_10DD_EDPT1(1.0),22/04/26 11:00:00,A,PC_GDP,S13,IGL_F4_EA19,IT,2016-01-01,2.6,,
ESTAT:GOV_10DD_EDPT1(1.0),22/04/26 11:00:00,A,PC_GDP,S13,IGL_F4_EA20,DE,2016-01-01,2.1,,
ESTAT:GOV_10DD_EDPT1(1.0),22/04/26 11:00:00,A,PC_GDP,S13,IGL_F4_EA20,IT,2016-01-01,2.6,,
ESTAT:GOV_10DD_EDPT1(1.0),22/04/26 11:00:00,A,PC_GDP,S13,IGL_F4_EA21,DE,2016-01-01,2.1,,
ESTAT:GOV_10DD_EDPT1(1.0),22/04/26 11:00:00,A,PC_GDP,S13,IGL_F4_EA21,IT,2016-01-01,2.6,,
ESTAT:GOV_10DD_EDPT1(1.0),22/04/26 11:00:00,A,PC_GDP,S13,IGL_F4_EU27_2020,DE,2016-01-01,2.1,,
ESTAT:GOV_10DD_EDPT1(1.0),22/04/26 11:00:00,A,PC_GDP,S13,IGL_F4_EU27_2020,IT,2016-01-01,2.6,,
ESTAT:GOV_10DD_EDPT1(1.0),22/04/26 11:00:00,A,PC_GDP,S13,P51G,DE,2016-01-01,2.4,,
ESTAT:GOV_10DD_EDPT1(1.0),22/04/26 11:00:00,A,PC_GDP,S13,P51G,IT,2016-01-01,2.3,,
ESTAT:GOV_10DD_EDPT1(1.0),22/04/26 11:00:00,A,PC_GDP,S13,B9,DE,2017-01-01,1.3,,
ESTAT:GOV_10DD_EDPT1(1.0),22/04/26 11:00:00,A,PC_GDP,S13,B9,IT,2017-01-01,-2.5,,
ESTAT:GOV_10DD_EDPT1(1.0),22/04/26 11:00:00,A,PC_GDP,S13,D41PAY,DE,2017-01-01,1.0,,
ESTAT:GOV_10DD_EDPT1(1.0),22/04/26 11:00:00,A,PC_GDP,S13,D41PAY,IT,2017-01-01,3.7,,
ESTAT:GOV_10DD_EDPT1(1.0),22/04/26 11:00:00,A,PC_GDP,S13,GD,DE,2017-01-01,64.0,,
ESTAT:GOV_10DD_EDPT1(1.0),22/04/26 11:00:00,A,PC_GDP,S13,GD,IT,2017-01-01,133.7,,
ESTAT:GOV_10DD_EDPT1(1.0),22/04/26 11:00:00,A,PC_GDP,S13,GD_F2,DE,2017-01-01,0.4,,
ESTAT:GOV_10DD_EDPT1(1.0),22/04/26 11:00:00,A,PC_GDP,S13,GD_F2,IT,2017-01-01,13.3,,
ESTAT:GOV_10DD_EDPT1(1.0),22/04/26 11:00:00,A,PC_GDP,S13,GD_F3,DE,2017-01-01,46.0,,
ESTAT:GOV_10DD_EDPT1(1.0),22/04/26 11:00:00,A,PC_GDP,S13,GD_F3,IT,2017-01-01,109.7,,
ESTAT:GOV_10DD_EDPT1(1.0),22/04/26 11:00:00,A,PC_GDP,S13,GD_F31,DE,2017-01-01,1.5,,
ESTAT:GOV_10DD_EDPT1(1.0),22/04/26 11:00:00,A,PC_GDP,S13,GD_F31,IT,2017-01-01,6.1,,
ESTAT:GOV_10DD_EDPT1(1.0),22/04/26 11:00:00,A,PC_GDP,S13,GD_F32,DE,2017-01-01,44.5,,
ESTAT:GOV_10DD_EDPT1(1.0),22/04/26 11:00:00,A,PC_GDP,S13,GD_F32,IT,2017-01-01,103.6,,
ESTAT:GOV_10DD_EDPT1(1.0),22/04/26 11:00:00,A,PC_GDP,S13,GD_F4,DE,2017-01-01,17.6,,
ESTAT:GOV_10DD_EDPT1(1.0),22/04/26 11:00:00,A,PC_GDP,S13,GD_F4,IT,2017-01-01,10.7,,
ESTAT:GOV_10DD_EDPT1(1.0),22/04/26 11:00:00,A,PC_GDP,S13,GD_F41,DE,2017-01-01,2.7,,
ESTAT:GOV_10DD_EDPT1(1.0),22/04/26 11:00:00,A,PC_GDP,S13,GD_F41,IT,2017-01-01,0.7,,
ESTAT:GOV_10DD_EDPT1(1.0),22/04/26 11:00:00,A,PC_GDP,S13,GD_F42,DE,2017-01-01,14.9,,
ESTAT:GOV_10DD_EDPT1(1.0),22/04/26 11:00:00,A,PC_GDP,S13,GD_F42,IT,2017-01-01,10.1,,
ESTAT:GOV_10DD_EDPT1(1.0),22/04/26 11:00:00,A,PC_GDP,S13,IGL_F4_EA19,DE,2017-01-01,2.1,,
ESTAT:GOV_10DD_EDPT1(1.0),22/04/26 11:00:00,A,PC_GDP,S13,IGL_F4_EA19,IT,2017-01-01,2.6,,
ESTAT:GOV_10DD_EDPT1(1.0),22/04/26 11:00:00,A,PC_GDP,S13,IGL_F4_EA20,DE,2017-01-01,2.1,,
ESTAT:GOV_10DD_EDPT1(1.0),22/04/26 11:00:00,A,PC_GDP,S13,IGL_F4_EA20,IT,2017-01-01,2.6,,
ESTAT:GOV_10DD_EDPT1(1.0),22/04/26 11:00:00,A,PC_GDP,S13,IGL_F4_EA21,DE,2017-01-01,2.1,,
ESTAT:GOV_10DD_EDPT1(1.0),22/04/26 11:00:00,A,PC_GDP,S13,IGL_F4_EA21,IT,2017-01-01,2.6,,
ESTAT:GOV_10DD_EDPT1(1.0),22/04/26 11:00:00,A,PC_GDP,S13,IGL_F4_EU27_2020,DE,2017-01-01,2.1,,
ESTAT:GOV_10DD_EDPT1(1.0),22/04/26 11:00:00,A,PC_GDP,S13,IGL_F4_EU27_2020,IT,2017-01-01,2.6,,
ESTAT:GOV_10DD_EDPT1(1.0),22/04/26 11:00:00,A,PC_GDP,S13,P51G,DE,2017-01-01,2.5,,
ESTAT:GOV_10DD_EDPT1(1.0),22/04/26 11:00:00,A,PC_GDP,S13,P51G,IT,2017-01-01,2.2,,
ESTAT:GOV_10DD_EDPT1(1.0),22/04/26 11:00:00,A,PC_GDP,S13,B9,DE,2018-01-01,1.9,,
ESTAT:GOV_10DD_EDPT1(1.0),22/04/26 11:00:00,A,PC_GDP,S13,B9,IT,2018-01-01,-2.2,,
ESTAT:GOV_10DD_EDPT1(1.0),22/04/26 11:00:00,A,PC_GDP,S13,D41PAY,DE,2018-01-01,0.9,,
ESTAT:GOV_10DD_EDPT1(1.0),22/04/26 11:00:00,A,PC_GDP,S13,D41PAY,IT,2018-01-01,3.6,,
ESTAT:GOV_10DD_EDPT1(1.0),22/04/26 11:00:00,A,PC_GDP,S13,GD,DE,2018-01-01,60.8,,
ESTAT:GOV_10DD_EDPT1(1.0),22/04/26 11:00:00,A,PC_GDP,S13,GD,IT,2018-01-01,134.2,,
ESTAT:GOV_10DD_EDPT1(1.0),22/04/26 11:00:00,A,PC_GDP,S13,GD_F2,DE,2018-01-01,0.4,,
ESTAT:GOV_10DD_EDPT1(1.0),22/04/26 11:00:00,A,PC_GDP,S13,GD_F2,IT,2018-01-01,13.4,,
ESTAT:GOV_10DD_EDPT1(1.0),22/04/26 11:00:00,A,PC_GDP,S13,GD_F3,DE,2018-01-01,43.9,,
ESTAT:GOV_10DD_EDPT1(1.0),22/04/26 11:00:00,A,PC_GDP,S13,GD_F3,IT,2018-01-01,110.4,,
ESTAT:GOV_10DD_EDPT1(1.0),22/04/26 11:00:00,A,PC_GDP,S13,GD_F31,DE,2018-01-01,1.5,,
ESTAT:GOV_10DD_EDPT1(1.0),22/04/26 11:00:00,A,PC_GDP,S13,GD_F31,IT,2018-01-01,6.0,,
ESTAT:GOV_10DD_EDPT1(1.0),22/04/26 11:00:00,A,PC_GDP,S13,GD_F32,DE,2018-01-01,42.4,,
ESTAT:GOV_10DD_EDPT1(1.0),22/04/26 11:00:00,A,PC_GDP,S13,GD_F32,IT,2018-01-01,104.4,,
ESTAT:GOV_10DD_EDPT1(1.0),22/04/26 11:00:00,A,PC_GDP,S13,GD_F4,DE,2018-01-01,16.4,,
ESTAT:GOV_10DD_EDPT1(1.0),22/04/26 11:00:00,A,PC_GDP,S13,GD_F4,IT,2018-01-01,10.4,,
ESTAT:GOV_10DD_EDPT1(1.0),22/04/26 11:00:00,A,PC_GDP,S13,GD_F41,DE,2018-01-01,2.3,,
ESTAT:GOV_10DD_EDPT1(1.0),22/04/26 11:00:00,A,PC_GDP,S13,GD_F41,IT,2018-01-01,0.6,,
ESTAT:GOV_10DD_EDPT1(1.0),22/04/26 11:00:00,A,PC_GDP,S13,GD_F42,DE,2018-01-01,14.1,,
ESTAT:GOV_10DD_EDPT1(1.0),22/04/26 11:00:00,A,PC_GDP,S13,GD_F42,IT,2018-01-01,9.7,,
ESTAT:GOV_10DD_EDPT1(1.0),22/04/26 11:00:00,A,PC_GDP,S13,IGL_F4_EA19,DE,2018-01-01,2.0,,
ESTAT:GOV_10DD_EDPT1(1.0),22/04/26 11:00:00,A,PC_GDP,S13,IGL_F4_EA19,IT,2018-01-01,2.5,,
ESTAT:GOV_10DD_EDPT1(1.0),22/04/26 11:00:00,A,PC_GDP,S13,IGL_F4_EA20,DE,2018-01-01,2.0,,
ESTAT:GOV_10DD_EDPT1(1.0),22/04/26 11:00:00,A,PC_GDP,S13,IGL_F4_EA20,IT,2018-01-01,2.5,,
ESTAT:GOV_10DD_EDPT1(1.0),22/04/26 11:00:00,A,PC_GDP,S13,IGL_F4_EA21,DE,2018-01-01,2.0,,
ESTAT:GOV_10DD_EDPT1(1.0),22/04/26 11:00:00,A,PC_GDP,S13,IGL_F4_EA21,IT,2018-01-01,2.5,,
ESTAT:GOV_10DD_EDPT1(1.0),22/04/26 11:00:00,A,PC_GDP,S13,IGL_F4_EU27_2020,DE,2018-01-01,2.0,,
ESTAT:GOV_10DD_EDPT1(1.0),22/04/26 11:00:00,A,PC_GDP,S13,IGL_F4_EU27_2020,IT,2018-01-01,2.5,,
ESTAT:GOV_10DD_EDPT1(1.0),22/04/26 11:00:00,A,PC_GDP,S13,P51G,DE,2018-01-01,2.6,,
ESTAT:GOV_10DD_EDPT1(1.0),22/04/26 11:00:00,A,PC_GDP,S13,P51G,IT,2018-01-01,2.1,,
ESTAT:GOV_10DD_EDPT1(1.0),22/04/26 11:00:00,A,PC_GDP,S13,B9,DE,2019-01-01,1.3,,
ESTAT:GOV_10DD_EDPT1(1.0),22/04/26 11:00:00,A,PC_GDP,S13,B9,IT,2019-01-01,-1.5,,
ESTAT:GOV_10DD_EDPT1(1.0),22/04/26 11:00:00,A,PC_GDP,S13,D41PAY,DE,2019-01-01,0.8,,
ESTAT:GOV_10DD_EDPT1(1.0),22/04/26 11:00:00,A,PC_GDP,S13,D41PAY,IT,2019-01-01,3.3,,
ESTAT:GOV_10DD_EDPT1(1.0),22/04/26 11:00:00,A,PC_GDP,S13,GD,DE,2019-01-01,58.7,,
ESTAT:GOV_10DD_EDPT1(1.0),22/04/26 11:00:00,A,PC_GDP,S13,GD,IT,2019-01-01,133.9,,
ESTAT:GOV_10DD_EDPT1(1.0),22/04/26 11:00:00,A,PC_GDP,S13,GD_F2,DE,2019-01-01,0.4,,
ESTAT:GOV_10DD_EDPT1(1.0),22/04/26 11:00:00,A,PC_GDP,S13,GD_F2,IT,2019-01-01,12.6,,
ESTAT:GOV_10DD_EDPT1(1.0),22/04/26 11:00:00,A,PC_GDP,S13,GD_F3,DE,2019-01-01,42.8,,
ESTAT:GOV_10DD_EDPT1(1.0),22/04/26 11:00:00,A,PC_GDP,S13,GD_F3,IT,2019-01-01,111.4,,
ESTAT:GOV_10DD_EDPT1(1.0),22/04/26 11:00:00,A,PC_GDP,S13,GD_F31,DE,2019-01-01,1.6,,
ESTAT:GOV_10DD_EDPT1(1.0),22/04/26 11:00:00,A,PC_GDP,S13,GD_F31,IT,2019-01-01,6.3,,
ESTAT:GOV_10DD_EDPT1(1.0),22/04/26 11:00:00,A,PC_GDP,S13,GD_F32,DE,2019-01-01,41.2,,
ESTAT:GOV_10DD_EDPT1(1.0),22/04/26 11:00:00,A,PC_GDP,S13,GD_F32,IT,2019-01-01,105.1,,
ESTAT:GOV_10DD_EDPT1(1.0),22/04/26 11:00:00,A,PC_GDP,S13,GD_F4,DE,2019-01-01,15.4,,
ESTAT:GOV_10DD_EDPT1(1.0),22/04/26 11:00:00,A,PC_GDP,S13,GD_F4,IT,2019-01-01,9.9,,
ESTAT:GOV_10DD_EDPT1(1.0),22/04/26 11:00:00,A,PC_GDP,S13,GD_F41,DE,2019-01-01,1.9,,
ESTAT:GOV_10DD_EDPT1(1.0),22/04/26 11:00:00,A,PC_GDP,S13,GD_F41,IT,2019-01-01,0.6,,
ESTAT:GOV_10DD_EDPT1(1.0),22/04/26 11:00:00,A,PC_GDP,S13,GD_F42,DE,2019-01-01,13.5,,
ESTAT:GOV_10DD_EDPT1(1.0),22/04/26 11:00:00,A,PC_GDP,S13,GD_F42,IT,2019-01-01,9.3,,
ESTAT:GOV_10DD_EDPT1(1.0),22/04/26 11:00:00,A,PC_GDP,S13,IGL_F4_EA19,DE,2019-01-01,1.9,,
ESTAT:GOV_10DD_EDPT1(1.0),22/04/26 11:00:00,A,PC_GDP,S13,IGL_F4_EA19,IT,2019-01-01,2.5,,
ESTAT:GOV_10DD_EDPT1(1.0),22/04/26 11:00:00,A,PC_GDP,S13,IGL_F4_EA20,DE,2019-01-01,1.9,,
ESTAT:GOV_10DD_EDPT1(1.0),22/04/26 11:00:00,A,PC_GDP,S13,IGL_F4_EA20,IT,2019-01-01,2.5,,
ESTAT:GOV_10DD_EDPT1(1.0),22/04/26 11:00:00,A,PC_GDP,S13,IGL_F4_EA21,DE,2019-01-01,1.9,,
ESTAT:GOV_10DD_EDPT1(1.0),22/04/26 11:00:00,A,PC_GDP,S13,IGL_F4_EA21,IT,2019-01-01,2.5,,
ESTAT:GOV_10DD_EDPT1(1.0),22/04/26 11:00:00,A,PC_GDP,S13,IGL_F4_EU27_2020,DE,2019-01-01,1.9,,
ESTAT:GOV_10DD_EDPT1(1.0),22/04/26 11:00:00,A,PC_GDP,S13,IGL_F4_EU27_2020,IT,2019-01-01,2.5,,
ESTAT:GOV_10DD_EDPT1(1.0),22/04/26 11:00:00,A,PC_GDP,S13,P51G,DE,2019-01-01,2.7,,
ESTAT:GOV_10DD_EDPT1(1.0),22/04/26 11:00:00,A,PC_GDP,S13,P51G,IT,2019-01-01,2.3,,
ESTAT:GOV_10DD_EDPT1(1.0),22/04/26 11:00:00,A,PC_GDP,S13,B9,DE,2020-01-01,-4.4,,
ESTAT:GOV_10DD_EDPT1(1.0),22/04/26 11:00:00,A,PC_GDP,S13,B9,IT,2020-01-01,-9.4,,
ESTAT:GOV_10DD_EDPT1(1.0),22/04/26 11:00:00,A,PC_GDP,S13,D41PAY,DE,2020-01-01,0.6,,
ESTAT:GOV_10DD_EDPT1(1.0),22/04/26 11:00:00,A,PC_GDP,S13,D41PAY,IT,2020-01-01,3.4,,
ESTAT:GOV_10DD_EDPT1(1.0),22/04/26 11:00:00,A,PC_GDP,S13,GD,DE,2020-01-01,68.0,,
ESTAT:GOV_10DD_EDPT1(1.0),22/04/26 11:00:00,A,PC_GDP,S13,GD,IT,2020-01-01,154.4,,
ESTAT:GOV_10DD_EDPT1(1.0),22/04/26 11:00:00,A,PC_GDP,S13,GD_F2,DE,2020-01-01,0.4,,
ESTAT:GOV_10DD_EDPT1(1.0),22/04/26 11:00:00,A,PC_GDP,S13,GD_F2,IT,2020-01-01,13.7,,
ESTAT:GOV_10DD_EDPT1(1.0),22/04/26 11:00:00,A,PC_GDP,S13,GD_F3,DE,2020-01-01,51.3,,
ESTAT:GOV_10DD_EDPT1(1.0),22/04/26 11:00:00,A,PC_GDP,S13,GD_F3,IT,2020-01-01,128.7,,
ESTAT:GOV_10DD_EDPT1(1.0),22/04/26 11:00:00,A,PC_GDP,S13,GD_F31,DE,2020-01-01,5.0,,
ESTAT:GOV_10DD_EDPT1(1.0),22/04/26 11:00:00,A,PC_GDP,S13,GD_F31,IT,2020-01-01,7.5,,
ESTAT:GOV_10DD_EDPT1(1.0),22/04/26 11:00:00,A,PC_GDP,S13,GD_F32,DE,2020-01-01,46.3,,
ESTAT:GOV_10DD_EDPT1(1.0),22/04/26 11:00:00,A,PC_GDP,S13,GD_F32,IT,2020-01-01,121.2,,
ESTAT:GOV_10DD_EDPT1(1.0),22/04/26 11:00:00,A,PC_GDP,S13,GD_F4,DE,2020-01-01,16.3,,
ESTAT:GOV_10DD_EDPT1(1.0),22/04/26 11:00:00,A,PC_GDP,S13,GD_F4,IT,2020-01-01,11.9,,
ESTAT:GOV_10DD_EDPT1(1.0),22/04/26 11:00:00,A,PC_GDP,S13,GD_F41,DE,2020-01-01,2.6,,
ESTAT:GOV_10DD_EDPT1(1.0),22/04/26 11:00:00,A,PC_GDP,S13,GD_F41,IT,2020-01-01,0.8,,
ESTAT:GOV_10DD_EDPT1(1.0),22/04/26 11:00:00,A,PC_GDP,S13,GD_F42,DE,2020-01-01,13.7,,
ESTAT:GOV_10DD_EDPT1(1.0),22/04/26 11:00:00,A,PC_GDP,S13,GD_F42,IT,2020-01-01,11.2,,
ESTAT:GOV_10DD_EDPT1(1.0),22/04/26 11:00:00,A,PC_GDP,S13,IGL_F4_EA19,DE,2020-01-01,2.0,,
ESTAT:GOV_10DD_EDPT1(1.0),22/04/26 11:00:00,A,PC_GDP,S13,IGL_F4_EA19,IT,2020-01-01,2.7,,
ESTAT:GOV_10DD_EDPT1(1.0),22/04/26 11:00:00,A,PC_GDP,S13,IGL_F4_EA20,DE,2020-01-01,2.0,,
ESTAT:GOV_10DD_EDPT1(1.0),22/04/26 11:00:00,A,PC_GDP,S13,IGL_F4_EA20,IT,2020-01-01,2.7,,
ESTAT:GOV_10DD_EDPT1(1.0),22/04/26 11:00:00,A,PC_GDP,S13,IGL_F4_EA21,DE,2020-01-01,2.0,,
ESTAT:GOV_10DD_EDPT1(1.0),22/04/26 11:00:00,A,PC_GDP,S13,IGL_F4_EA21,IT,2020-01-01,2.7,,
ESTAT:GOV_10DD_EDPT1(1.0),22/04/26 11:00:00,A,PC_GDP,S13,IGL_F4_EU27_2020,DE,2020-01-01,2.0,,
ESTAT:GOV_10DD_EDPT1(1.0),22/04/26 11:00:00,A,PC_GDP,S13,IGL_F4_EU27_2020,IT,2020-01-01,2.7,,
ESTAT:GOV_10DD_EDPT1(1.0),22/04/26 11:00:00,A,PC_GDP,S13,P51G,DE,2020-01-01,3.0,,
ESTAT:GOV_10DD_EDPT1(1.0),22/04/26 11:00:00,A,PC_GDP,S13,P51G,IT,2020-01-01,2.6,,
ESTAT:GOV_10DD_EDPT1(1.0),22/04/26 11:00:00,A,PC_GDP,S13,B9,DE,2021-01-01,-3.2,,
ESTAT:GOV_10DD_EDPT1(1.0),22/04/26 11:00:00,A,PC_GDP,S13,B9,IT,2021-01-01,-8.9,,
ESTAT:GOV_10DD_EDPT1(1.0),22/04/26 11:00:00,A,PC_GDP,S13,D41PAY,DE,2021-01-01,0.6,,
ESTAT:GOV_10DD_EDPT1(1.0),22/04/26 11:00:00,A,PC_GDP,S13,D41PAY,IT,2021-01-01,3.4,,
ESTAT:GOV_10DD_EDPT1(1.0),22/04/26 11:00:00,A,PC_GDP,S13,GD,DE,2021-01-01,67.9,,
ESTAT:GOV_10DD_EDPT1(1.0),22/04/26 11:00:00,A,PC_GDP,S13,GD,IT,2021-01-01,145.8,,
ESTAT:GOV_10DD_EDPT1(1.0),22/04/26 11:00:00,A,PC_GDP,S13,GD_F2,DE,2021-01-01,0.5,,
ESTAT:GOV_10DD_EDPT1(1.0),22/04/26 11:00:00,A,PC_GDP,S13,GD_F2,IT,2021-01-01,12.2,,
ESTAT:GOV_10DD_EDPT1(1.0),22/04/26 11:00:00,A,PC_GDP,S13,GD_F3,DE,2021-01-01,52.3,,
ESTAT:GOV_10DD_EDPT1(1.0),22/04/26 11:00:00,A,PC_GDP,S13,GD_F3,IT,2021-01-01,121.3,,
ESTAT:GOV_10DD_EDPT1(1.0),22/04/26 11:00:00,A,PC_GDP,S13,GD_F31,DE,2021-01-01,5.3,,
ESTAT:GOV_10DD_EDPT1(1.0),22/04/26 11:00:00,A,PC_GDP,S13,GD_F31,IT,2021-01-01,6.2,,
ESTAT:GOV_10DD_EDPT1(1.0),22/04/26 11:00:00,A,PC_GDP,S13,GD_F32,DE,2021-01-01,47.0,,
ESTAT:GOV_10DD_EDPT1(1.0),22/04/26 11:00:00,A,PC_GDP,S13,GD_F32,IT,2021-01-01,115.1,,
ESTAT:GOV_10DD_EDPT1(1.0),22/04/26 11:00:00,A,PC_GDP,S13,GD_F4,DE,2021-01-01,15.2,,
ESTAT:GOV_10DD_EDPT1(1.0),22/04/26 11:00:00,A,PC_GDP,S13,GD_F4,IT,2021-01-01,12.4,,
ESTAT:GOV_10DD_EDPT1(1.0),22/04/26 11:00:00,A,PC_GDP,S13,GD_F41,DE,2021-01-01,2.5,,
ESTAT:GOV_10DD_EDPT1(1.0),22/04/26 11:00:00,A,PC_GDP,S13,GD_F41,IT,2021-01-01,0.8,,
ESTAT:GOV_10DD_EDPT1(1.0),22/04/26 11:00:00,A,PC_GDP,S13,GD_F42,DE,2021-01-01,12.6,,
ESTAT:GOV_10DD_EDPT1(1.0),22/04/26 11:00:00,A,PC_GDP,S13,GD_F42,IT,2021-01-01,11.6,,
ESTAT:GOV_10DD_EDPT1(1.0),22/04/26 11:00:00,A,PC_GDP,S13,IGL_F4_EA19,DE,2021-01-01,1.8,,
ESTAT:GOV_10DD_EDPT1(1.0),22/04/26 11:00:00,A,PC_GDP,S13,IGL_F4_EA19,IT,2021-01-01,2.4,,
ESTAT:GOV_10DD_EDPT1(1.0),22/04/26 11:00:00,A,PC_GDP,S13,IGL_F4_EA20,DE,2021-01-01,1.8,,
ESTAT:GOV_10DD_EDPT1(1.0),22/04/26 11:00:00,A,PC_GDP,S13,IGL_F4_EA20,IT,2021-01-01,2.4,,
ESTAT:GOV_10DD_EDPT1(1.0),22/04/26 11:00:00,A,PC_GDP,S13,IGL_F4_EA21,DE,2021-01-01,1.8,,
ESTAT:GOV_10DD_EDPT1(1.0),22/04/26 11:00:00,A,PC_GDP,S13,IGL_F4_EA21,IT,2021-01-01,2.4,,
ESTAT:GOV_10DD_EDPT1(1.0),22/04/26 11:00:00,A,PC_GDP,S13,IGL_F4_EU27_2020,DE,2021-01-01,1.9,,
ESTAT:GOV_10DD_EDPT1(1.0),22/04/26 11:00:00,A,PC_GDP,S13,IGL_F4_EU27_2020,IT,2021-01-01,2.4,,
ESTAT:GOV_10DD_EDPT1(1.0),22/04/26 11:00:00,A,PC_GDP,S13,P51G,DE,2021-01-01,2.9,,
ESTAT:GOV_10DD_EDPT1(1.0),22/04/26 11:00:00,A,PC_GDP,S13,P51G,IT,2021-01-01,2.8,,
ESTAT:GOV_10DD_EDPT1(1.0),22/04/26 11:00:00,A,PC_GDP,S13,AF_81L,DE,2022-01-01,1.9,,
ESTAT:GOV_10DD_EDPT1(1.0),22/04/26 11:00:00,A,PC_GDP,S13,AF_81L,IT,2022-01-01,2.8,,
ESTAT:GOV_10DD_EDPT1(1.0),22/04/26 11:00:00,A,PC_GDP,S13,B9,DE,2022-01-01,-1.9,,
ESTAT:GOV_10DD_EDPT1(1.0),22/04/26 11:00:00,A,PC_GDP,S13,B9,IT,2022-01-01,-8.1,,
ESTAT:GOV_10DD_EDPT1(1.0),22/04/26 11:00:00,A,PC_GDP,S13,D41PAY,DE,2022-01-01,0.7,,
ESTAT:GOV_10DD_EDPT1(1.0),22/04/26 11:00:00,A,PC_GDP,S13,D41PAY,IT,2022-01-01,4.1,,
ESTAT:GOV_10DD_EDPT1(1.0),22/04/26 11:00:00,A,PC_GDP,S13,GD,DE,2022-01-01,64.4,,
ESTAT:GOV_10DD_EDPT1(1.0),22/04/26 11:00:00,A,PC_GDP,S13,GD,IT,2022-01-01,138.4,,
ESTAT:GOV_10DD_EDPT1(1.0),22/04/26 11:00:00,A,PC_GDP,S13,GD_F2,DE,2022-01-01,0.4,,
ESTAT:GOV_10DD_EDPT1(1.0),22/04/26 11:00:00,A,PC_GDP,S13,GD_F2,IT,2022-01-01,10.9,,
ESTAT:GOV_10DD_EDPT1(1.0),22/04/26 11:00:00,A,PC_GDP,S13,GD_F3,DE,2022-01-01,49.4,,
ESTAT:GOV_10DD_EDPT1(1.0),22/04/26 11:00:00,A,PC_GDP,S13,GD_F3,IT,2022-01-01,114.1,,
ESTAT:GOV_10DD_EDPT1(1.0),22/04/26 11:00:00,A,PC_GDP,S13,GD_F31,DE,2022-01-01,3.8,,
ESTAT:GOV_10DD_EDPT1(1.0),22/04/26 11:00:00,A,PC_GDP,S13,GD_F31,IT,2022-01-01,5.5,,
ESTAT:GOV_10DD_EDPT1(1.0),22/04/26 11:00:00,A,PC_GDP,S13,GD_F32,DE,2022-01-01,45.6,,
ESTAT:GOV_10DD_EDPT1(1.0),22/04/26 11:00:00,A,PC_GDP,S13,GD_F32,IT,2022-01-01,108.6,,
ESTAT:GOV_10DD_EDPT1(1.0),22/04/26 11:00:00,A,PC_GDP,S13,GD_F4,DE,2022-01-01,14.6,,
ESTAT:GOV_10DD_EDPT1(1.0),22/04/26 11:00:00,A,PC_GDP,S13,GD_F4,IT,2022-01-01,13.3,,
ESTAT:GOV_10DD_EDPT1(1.0),22/04/26 11:00:00,A,PC_GDP,S13,GD_F41,DE,2022-01-01,2.9,,
ESTAT:GOV_10DD_EDPT1(1.0),22/04/26 11:00:00,A,PC_GDP,S13,GD_F41,IT,2022-01-01,1.7,,
ESTAT:GOV_10DD_EDPT1(1.0),22/04/26 11:00:00,A,PC_GDP,S13,GD_F42,DE,2022-01-01,11.7,,
ESTAT:GOV_10DD_EDPT1(1.0),22/04/26 11:00:00,A,PC_GDP,S13,GD_F42,IT,2022-01-01,11.6,,
ESTAT:GOV_10DD_EDPT1(1.0),22/04/26 11:00:00,A,PC_GDP,S13,IGL_F4_EA19,DE,2022-01-01,1.7,,
ESTAT:GOV_10DD_EDPT1(1.0),22/04/26 11:00:00,A,PC_GDP,S13,IGL_F4_EA19,IT,2022-01-01,2.2,,
ESTAT:GOV_10DD_EDPT1(1.0),22/04/26 11:00:00,A,PC_GDP,S13,IGL_F4_EA20,DE,2022-01-01,1.7,,
ESTAT:GOV_10DD_EDPT1(1.0),22/04/26 11:00:00,A,PC_GDP,S13,IGL_F4_EA20,IT,2022-01-01,2.2,,
ESTAT:GOV_10DD_EDPT1(1.0),22/04/26 11:00:00,A,PC_GDP,S13,IGL_F4_EA21,DE,2022-01-01,1.7,,
ESTAT:GOV_10DD_EDPT1(1.0),22/04/26 11:00:00,A,PC_GDP,S13,IGL_F4_EA21,IT,2022-01-01,2.2,,
ESTAT:GOV_10DD_EDPT1(1.0),22/04/26 11:00:00,A,PC_GDP,S13,IGL_F4_EU27_2020,DE,2022-01-01,1.7,,
ESTAT:GOV_10DD_EDPT1(1.0),22/04/26 11:00:00,A,PC_GDP,S13,IGL_F4_EU27_2020,IT,2022-01-01,2.2,,
ESTAT:GOV_10DD_EDPT1(1.0),22/04/26 11:00:00,A,PC_GDP,S13,P51G,DE,2022-01-01,2.9,,
ESTAT:GOV_10DD_EDPT1(1.0),22/04/26 11:00:00,A,PC_GDP,S13,P51G,IT,2022-01-01,2.6,,
ESTAT:GOV_10DD_EDPT1(1.0),22/04/26 11:00:00,A,PC_GDP,S13,AF_81L,DE,2023-01-01,1.9,,
ESTAT:GOV_10DD_EDPT1(1.0),22/04/26 11:00:00,A,PC_GDP,S13,AF_81L,IT,2023-01-01,2.8,,
ESTAT:GOV_10DD_EDPT1(1.0),22/04/26 11:00:00,A,PC_GDP,S13,B9,DE,2023-01-01,-2.5,,
ESTAT:GOV_10DD_EDPT1(1.0),22/04/26 11:00:00,A,PC_GDP,S13,B9,IT,2023-01-01,-7.1,,
ESTAT:GOV_10DD_EDPT1(1.0),22/04/26 11:00:00,A,PC_GDP,S13,D41PAY,DE,2023-01-01,0.9,,
ESTAT:GOV_10DD_EDPT1(1.0),22/04/26 11:00:00,A,PC_GDP,S13,D41PAY,IT,2023-01-01,3.6,,
ESTAT:GOV_10DD_EDPT1(1.0),22/04/26 11:00:00,A,PC_GDP,S13,GD,DE,2023-01-01,62.3,,
ESTAT:GOV_10DD_EDPT1(1.0),22/04/26 11:00:00,A,PC_GDP,S13,GD,IT,2023-01-01,133.9,,
ESTAT:GOV_10DD_EDPT1(1.0),22/04/26 11:00:00,A,PC_GDP,S13,GD_F2,DE,2023-01-01,0.4,,
ESTAT:GOV_10DD_EDPT1(1.0),22/04/26 11:00:00,A,PC_GDP,S13,GD_F2,IT,2023-01-01,9.3,,
ESTAT:GOV_10DD_EDPT1(1.0),22/04/26 11:00:00,A,PC_GDP,S13,GD_F3,DE,2023-01-01,49.2,,
ESTAT:GOV_10DD_EDPT1(1.0),22/04/26 11:00:00,A,PC_GDP,S13,GD_F3,IT,2023-01-01,111.0,,
ESTAT:GOV_10DD_EDPT1(1.0),22/04/26 11:00:00,A,PC_GDP,S13,GD_F31,DE,2023-01-01,3.5,,
ESTAT:GOV_10DD_EDPT1(1.0),22/04/26 11:00:00,A,PC_GDP,S13,GD_F31,IT,2023-01-01,5.6,,
ESTAT:GOV_10DD_EDPT1(1.0),22/04/26 11:00:00,A,PC_GDP,S13,GD_F32,DE,2023-01-01,45.7,,
ESTAT:GOV_10DD_EDPT1(1.0),22/04/26 11:00:00,A,PC_GDP,S13,GD_F32,IT,2023-01-01,105.4,,
ESTAT:GOV_10DD_EDPT1(1.0),22/04/26 11:00:00,A,PC_GDP,S13,GD_F4,DE,2023-01-01,12.8,,
ESTAT:GOV_10DD_EDPT1(1.0),22/04/26 11:00:00,A,PC_GDP,S13,GD_F4,IT,2023-01-01,13.7,,
ESTAT:GOV_10DD_EDPT1(1.0),22/04/26 11:00:00,A,PC_GDP,S13,GD_F41,DE,2023-01-01,1.6,,
ESTAT:GOV_10DD_EDPT1(1.0),22/04/26 11:00:00,A,PC_GDP,S13,GD_F41,IT,2023-01-01,1.8,,
ESTAT:GOV_10DD_EDPT1(1.0),22/04/26 11:00:00,A,PC_GDP,S13,GD_F42,DE,2023-01-01,11.1,,
ESTAT:GOV_10DD_EDPT1(1.0),22/04/26 11:00:00,A,PC_GDP,S13,GD_F42,IT,2023-01-01,11.9,,
ESTAT:GOV_10DD_EDPT1(1.0),22/04/26 11:00:00,A,PC_GDP,S13,IGL_F4_EA19,DE,2023-01-01,1.6,,
ESTAT:GOV_10DD_EDPT1(1.0),22/04/26 11:00:00,A,PC_GDP,S13,IGL_F4_EA19,IT,2023-01-01,2.0,,
ESTAT:GOV_10DD_EDPT1(1.0),22/04/26 11:00:00,A,PC_GDP,S13,IGL_F4_EA20,DE,2023-01-01,1.6,,
ESTAT:GOV_10DD_EDPT1(1.0),22/04/26 11:00:00,A,PC_GDP,S13,IGL_F4_EA20,IT,2023-01-01,2.0,,
ESTAT:GOV_10DD_EDPT1(1.0),22/04/26 11:00:00,A,PC_GDP,S13,IGL_F4_EA21,DE,2023-01-01,1.6,,
ESTAT:GOV_10DD_EDPT1(1.0),22/04/26 11:00:00,A,PC_GDP,S13,IGL_F4_EA21,IT,2023-01-01,2.0,,
ESTAT:GOV_10DD_EDPT1(1.0),22/04/26 11:00:00,A,PC_GDP,S13,IGL_F4_EU27_2020,DE,2023-01-01,1.6,,
ESTAT:GOV_10DD_EDPT1(1.0),22/04/26 11:00:00,A,PC_GDP,S13,IGL_F4_EU27_2020,IT,2023-01-01,2.0,,
ESTAT:GOV_10DD_EDPT1(1.0),22/04/26 11:00:00,A,PC_GDP,S13,P51G,DE,2023-01-01,2.9,,
ESTAT:GOV_10DD_EDPT1(1.0),22/04/26 11:00:00,A,PC_GDP,S13,P51G,IT,2023-01-01,3.2,,
ESTAT:GOV_10DD_EDPT1(1.0),22/04/26 11:00:00,A,PC_GDP,S13,AF_81L,DE,2024-01-01,1.8,,
ESTAT:GOV_10DD_EDPT1(1.0),22/04/26 11:00:00,A,PC_GDP,S13,AF_81L,IT,2024-01-01,2.7,,
ESTAT:GOV_10DD_EDPT1(1.0),22/04/26 11:00:00,A,PC_GDP,S13,B9,DE,2024-01-01,-2.7,,
ESTAT:GOV_10DD_EDPT1(1.0),22/04/26 11:00:00,A,PC_GDP,S13,B9,IT,2024-01-01,-3.4,,
ESTAT:GOV_10DD_EDPT1(1.0),22/04/26 11:00:00,A,PC_GDP,S13,D41PAY,DE,2024-01-01,1.1,,
ESTAT:GOV_10DD_EDPT1(1.0),22/04/26 11:00:00,A,PC_GDP,S13,D41PAY,IT,2024-01-01,3.9,,
ESTAT:GOV_10DD_EDPT1(1.0),22/04/26 11:00:00,A,PC_GDP,S13,GD,DE,2024-01-01,62.2,,
ESTAT:GOV_10DD_EDPT1(1.0),22/04/26 11:00:00,A,PC_GDP,S13,GD,IT,2024-01-01,134.7,,
ESTAT:GOV_10DD_EDPT1(1.0),22/04/26 11:00:00,A,PC_GDP,S13,GD_F2,DE,2024-01-01,0.3,,
ESTAT:GOV_10DD_EDPT1(1.0),22/04/26 11:00:00,A,PC_GDP,S13,GD_F2,IT,2024-01-01,8.1,,
ESTAT:GOV_10DD_EDPT1(1.0),22/04/26 11:00:00,A,PC_GDP,S13,GD_F3,DE,2024-01-01,49.3,,
ESTAT:GOV_10DD_EDPT1(1.0),22/04/26 11:00:00,A,PC_GDP,S13,GD_F3,IT,2024-01-01,112.9,,
ESTAT:GOV_10DD_EDPT1(1.0),22/04/26 11:00:00,A,PC_GDP,S13,GD_F31,DE,2024-01-01,2.7,,
ESTAT:GOV_10DD_EDPT1(1.0),22/04/26 11:00:00,A,PC_GDP,S13,GD_F31,IT,2024-01-01,5.9,,
ESTAT:GOV_10DD_EDPT1(1.0),22/04/26 11:00:00,A,PC_GDP,S13,GD_F32,DE,2024-01-01,46.6,,
ESTAT:GOV_10DD_EDPT1(1.0),22/04/26 11:00:00,A,PC_GDP,S13,GD_F32,IT,2024-01-01,107.0,,
ESTAT:GOV_10DD_EDPT1(1.0),22/04/26 11:00:00,A,PC_GDP,S13,GD_F4,DE,2024-01-01,12.6,,
ESTAT:GOV_10DD_EDPT1(1.0),22/04/26 11:00:00,A,PC_GDP,S13,GD_F4,IT,2024-01-01,13.7,,
ESTAT:GOV_10DD_EDPT1(1.0),22/04/26 11:00:00,A,PC_GDP,S13,GD_F41,DE,2024-01-01,1.6,,
ESTAT:GOV_10DD_EDPT1(1.0),22/04/26 11:00:00,A,PC_GDP,S13,GD_F41,IT,2024-01-01,1.6,,
ESTAT:GOV_10DD_EDPT1(1.0),22/04/26 11:00:00,A,PC_GDP,S13,GD_F42,DE,2024-01-01,11.0,,
ESTAT:GOV_10DD_EDPT1(1.0),22/04/26 11:00:00,A,PC_GDP,S13,GD_F42,IT,2024-01-01,12.1,,
ESTAT:GOV_10DD_EDPT1(1.0),22/04/26 11:00:00,A,PC_GDP,S13,IGL_F4_EA19,DE,2024-01-01,1.5,,
ESTAT:GOV_10DD_EDPT1(1.0),22/04/26 11:00:00,A,PC_GDP,S13,IGL_F4_EA19,IT,2024-01-01,1.9,,
ESTAT:GOV_10DD_EDPT1(1.0),22/04/26 11:00:00,A,PC_GDP,S13,IGL_F4_EA20,DE,2024-01-01,1.5,,
ESTAT:GOV_10DD_EDPT1(1.0),22/04/26 11:00:00,A,PC_GDP,S13,IGL_F4_EA20,IT,2024-01-01,1.9,,
ESTAT:GOV_10DD_EDPT1(1.0),22/04/26 11:00:00,A,PC_GDP,S13,IGL_F4_EA21,DE,2024-01-01,1.5,,
ESTAT:GOV_10DD_EDPT1(1.0),22/04/26 11:00:00,A,PC_GDP,S13,IGL_F4_EA21,IT,2024-01-01,1.9,,
ESTAT:GOV_10DD_EDPT1(1.0),22/04/26 11:00:00,A,PC_GDP,S13,IGL_F4_EU27_2020,DE,2024-01-01,1.5,,
ESTAT:GOV_10DD_EDPT1(1.0),22/04/26 11:00:00,A,PC_GDP,S13,IGL_F4_EU27_2020,IT,2024-01-01,1.9,,
ESTAT:GOV_10DD_EDPT1(1.0),22/04/26 11:00:00,A,PC_GDP,S13,P51G,DE,2024-01-01,3.1,,
ESTAT:GOV_10DD_EDPT1(1.0),22/04/26 11:00:00,A,PC_GDP,S13,P51G,IT,2024-01-01,3.6,,
ESTAT:GOV_10DD_EDPT1(1.0),22/04/26 11:00:00,A,PC_GDP,S13,AF_81L,DE,2025-01-01,1.8,,
ESTAT:GOV_10DD_EDPT1(1.0),22/04/26 11:00:00,A,PC_GDP,S13,AF_81L,IT,2025-01-01,2.8,,
ESTAT:GOV_10DD_EDPT1(1.0),22/04/26 11:00:00,A,PC_GDP,S13,B9,DE,2025-01-01,-2.7,,
ESTAT:GOV_10DD_EDPT1(1.0),22/04/26 11:00:00,A,PC_GDP,S13,B9,IT,2025-01-01,-3.1,,
ESTAT:GOV_10DD_EDPT1(1.0),22/04/26 11:00:00,A,PC_GDP,S13,D41PAY,DE,2025-01-01,1.1,,
ESTAT:GOV_10DD_EDPT1(1.0),22/04/26 11:00:00,A,PC_GDP,S13,D41PAY,IT,2025-01-01,3.9,,
ESTAT:GOV_10DD_EDPT1(1.0),22/04/26 11:00:00,A,PC_GDP,S13,GD,DE,2025-01-01,63.5,,
ESTAT:GOV_10DD_EDPT1(1.0),22/04/26 11:00:00,A,PC_GDP,S13,GD,IT,2025-01-01,137.1,,
ESTAT:GOV_10DD_EDPT1(1.0),22/04/26 11:00:00,A,PC_GDP,S13,GD_F2,DE,2025-01-01,0.4,,
ESTAT:GOV_10DD_EDPT1(1.0),22/04/26 11:00:00,A,PC_GDP,S13,GD_F2,IT,2025-01-01,7.6,,
ESTAT:GOV_10DD_EDPT1(1.0),22/04/26 11:00:00,A,PC_GDP,S13,GD_F3,DE,2025-01-01,50.1,,
ESTAT:GOV_10DD_EDPT1(1.0),22/04/26 11:00:00,A,PC_GDP,S13,GD_F3,IT,2025-01-01,115.4,,
ESTAT:GOV_10DD_EDPT1(1.0),22/04/26 11:00:00,A,PC_GDP,S13,GD_F31,DE,2025-01-01,2.2,,
ESTAT:GOV_10DD_EDPT1(1.0),22/04/26 11:00:00,A,PC_GDP,S13,GD_F31,IT,2025-01-01,5.8,,
ESTAT:GOV_10DD_EDPT1(1.0),22/04/26 11:00:00,A,PC_GDP,S13,GD_F32,DE,2025-01-01,47.9,,
ESTAT:GOV_10DD_EDPT1(1.0),22/04/26 11:00:00,A,PC_GDP,S13,GD_F32,IT,2025-01-01,109.6,,
ESTAT:GOV_10DD_EDPT1(1.0),22/04/26 11:00:00,A,PC_GDP,S13,GD_F4,DE,2025-01-01,13.0,,
ESTAT:GOV_10DD_EDPT1(1.0),22/04/26 11:00:00,A,PC_GDP,S13,GD_F4,IT,2025-01-01,14.1,,
ESTAT:GOV_10DD_EDPT1(1.0),22/04/26 11:00:00,A,PC_GDP,S13,GD_F41,DE,2025-01-01,2.0,,
ESTAT:GOV_10DD_EDPT1(1.0),22/04/26 11:00:00,A,PC_GDP,S13,GD_F41,IT,2025-01-01,1.6,,
ESTAT:GOV_10DD_EDPT1(1.0),22/04/26 11:00:00,A,PC_GDP,S13,GD_F42,DE,2025-01-01,11.0,,
ESTAT:GOV_10DD_EDPT1(1.0),22/04/26 11:00:00,A,PC_GDP,S13,GD_F42,IT,2025-01-01,12.6,,
ESTAT:GOV_10DD_EDPT1(1.0),22/04/26 11:00:00,A,PC_GDP,S13,IGL_F4_EA19,DE,2025-01-01,1.4,,
ESTAT:GOV_10DD_EDPT1(1.0),22/04/26 11:00:00,A,PC_GDP,S13,IGL_F4_EA19,IT,2025-01-01,1.8,,
ESTAT:GOV_10DD_EDPT1(1.0),22/04/26 11:00:00,A,PC_GDP,S13,IGL_F4_EA20,DE,2025-01-01,1.4,,
ESTAT:GOV_10DD_EDPT1(1.0),22/04/26 11:00:00,A,PC_GDP,S13,IGL_F4_EA20,IT,2025-01-01,1.8,,
ESTAT:GOV_10DD_EDPT1(1.0),22/04/26 11:00:00,A,PC_GDP,S13,IGL_F4_EA21,DE,2025-01-01,1.4,,
ESTAT:GOV_10DD_EDPT1(1.0),22/04/26 11:00:00,A,PC_GDP,S13,IGL_F4_EA21,IT,2025-01-01,1.8,,
ESTAT:GOV_10DD_EDPT1(1.0),22/04/26 11:00:00,A,PC_GDP,S13,IGL_F4_EU27_2020,DE,2025-01-01,1.4,,
ESTAT:GOV_10DD_EDPT1(1.0),22/04/26 11:00:00,A,PC_GDP,S13,IGL_F4_EU27_2020,IT,2025-01-01,1.8,,
ESTAT:GOV_10DD_EDPT1(1.0),22/04/26 11:00:00,A,PC_GDP,S13,P51G,DE,2025-01-01,3.3,,
ESTAT:GOV_10DD_EDPT1(1.0),22/04/26 11:00:00,A,PC_GDP,S13,P51G,IT,2025-01-01,3.8,,
