DATAFLOW,COUNTRY,INDICATOR,FREQUENCY,TIME_PERIOD,OBS_VALUE,SCALE,PRECISION,DECIMALS_DISPLAYED,GFS_STO,SECTOR,TRANSFORMATION,UNIT,DERIVATION_TYPE,OVERLAP,DOI,FULL_DESCRIPTION,AUTHOR,PUBLISHER,DEPARTMENT,CONTACT_POINT,TOPIC,TOPIC_DATASET,KEYWORDS,KEYWORDS_DATASET,LANGUAGE,PUBLICATION_DATE,UPDATE_DATE,METHODOLOGY,METHODOLOGY_NOTES,ACCESS_SHARING_LEVEL,ACCESS_SHARING_NOTES,SECURITY_CLASSIFICATION,SOURCE,SHORT_SOURCE_CITATION,FULL_SOURCE_CITATION,LICENSE,SUGGESTED_CITATION,KEY_INDICATOR,SERIES_NAME
IMF.FAD:HPD(1.0.0),DEU,G63G_S13_POFYGDP,A,1980-01-01,31.2544326842856,0,,2,G63G,S13,POFYGDP,PT,O,OL,,"The Historical Public Debt Database contains unbalanced panel data on Gross Domestic Product, Gross Government Debt, and Debt to GDP Ratio for 187 countries. The series spans the years 1800 through 2015 although each country’s data depends on its date of independence and data availability.",,IMF,FAD,datahelp@imf.org,,,2,,EN,2025-03-31T19:17:04.754307100Z,2025-03-31T19:17:04.799278900Z,,,PUBLIC_OPEN,,PUB,,"Ali Abbas, S., Belhocine, N., ElGanainy, A., Horton, M., A Historical Public Debt Database, IMF Working Paper, International Monetary Fund, 2010, WP/10/245.","Ali Abbas, S., Belhocine, N., ElGanainy, A., Horton, M., A Historical Public Debt Database, IMF Working Paper, International Monetary Fund, 2010, WP/10/245.",© International Monetary Fund Copyright. All Rights Reserved. https://www.imf.org/external/terms.htm,"International Monetary Fund. 2024. Historical Public Debt (HPD), https://betadata.imf.org/en/datasets/IMF.FAD:HPD. Accessed on [current date].",,"Gross debt, General government, Percent of fiscal year GDP"
IMF.FAD:HPD(1.0.0),ITA,G63G_S13_POFYGDP,A,1980-01-01,56.0843791763098,0,,2,G63G,S13,POFYGDP,PT,O,OL,,"The Historical Public Debt Database contains unbalanced panel data on Gross Domestic Product, Gross Government Debt, and Debt to GDP Ratio for 187 countries. The series spans the years 1800 through 2015 although each country’s data depends on its date of independence and data availability.",,IMF,FAD,datahelp@imf.org,,,2,,EN,2025-03-31T19:17:04.754307100Z,2025-03-31T19:17:04.799278900Z,,,PUBLIC_OPEN,,PUB,,"Ali Abbas, S., Belhocine, N., ElGanainy, A., Horton, M., A Historical Public Debt Database, IMF Working Paper, International Monetary Fund, 2010, WP/10/245.","Ali Abbas, S., Belhocine, N., ElGanainy, A., Horton, M., A Historical Public Debt Database, IMF Working Paper, International Monetary Fund, 2010, WP/10/245.",© International Monetary Fund Copyright. All Rights Reserved. https://www.imf.org/external/terms.htm,"International Monetary Fund. 2024. Historical Public Debt (HPD), https://betadata.imf.org/en/datasets/IMF.FAD:HPD. Accessed on [current date].",,"Gross debt, General government, Percent of fiscal year GDP"
IMF.FAD:HPD(1.0.0),DEU,G63G_S13_POFYGDP,A,1981-01-01,34.8624771735362,0,,2,G63G,S13,POFYGDP,PT,O,OL,,"The Historical Public Debt Database contains unbalanced panel data on Gross Domestic Product, Gross Government Debt, and Debt to GDP Ratio for 187 countries. The series spans the years 1800 through 2015 although each country’s data depends on its date of independence and data availability.",,IMF,FAD,datahelp@imf.org,,,2,,EN,2025-03-31T19:17:04.754307100Z,2025-03-31T19:17:04.799278900Z,,,PUBLIC_OPEN,,PUB,,"Ali Abbas, S., Belhocine, N., ElGanainy, A., Horton, M., A Historical Public Debt Database, IMF Working Paper, International Monetary Fund, 2010, WP/10/245.","Ali Abbas, S., Belhocine, N., ElGanainy, A., Horton, M., A Historical Public Debt Database, IMF Working Paper, International Monetary Fund, 2010, WP/10/245.",© International Monetary Fund Copyright. All Rights Reserved. https://www.imf.org/external/terms.htm,"International Monetary Fund. 2024. Historical Public Debt (HPD), https://betadata.imf.org/en/datasets/IMF.FAD:HPD. Accessed on [current date].",,"Gross debt, General government, Percent of fiscal year GDP"
IMF.FAD:HPD(1.0.0),ITA,G63G_S13_POFYGDP,A,1981-01-01,58.459851914043,0,,2,G63G,S13,POFYGDP,PT,O,OL,,"The Historical Public Debt Database contains unbalanced panel data on Gross Domestic Product, Gross Government Debt, and Debt to GDP Ratio for 187 countries. The series spans the years 1800 through 2015 although each country’s data depends on its date of independence and data availability.",,IMF,FAD,datahelp@imf.org,,,2,,EN,2025-03-31T19:17:04.754307100Z,2025-03-31T19:17:04.799278900Z,,,PUBLIC_OPEN,,PUB,,"Ali Abbas, S., Belhocine, N., ElGanainy, A., Horton, M., A Historical Public Debt Database, IMF Working Paper, International Monetary Fund, 2010, WP/10/245.","Ali Abbas, S., Belhocine, N., ElGanainy, A., Horton, M., A Historical Public Debt Database, IMF Working Paper, International Monetary Fund, 2010, WP/10/245.",© International Monetary Fund Copyright. All Rights Reserved. https://www.imf.org/external/terms.htm,"International Monetary Fund. 2024. Historical Public Debt (HPD), https://betadata.imf.org/en/datasets/IMF.FAD:HPD. Accessed on [current date].",,"Gross debt, General government, Percent of fiscal year GDP"
IMF.FAD:HPD(1.0.0),DEU,G63G_S13_POFYGDP,A,1982-01-01,37.7918339020268,0,,2,G63G,S13,POFYGDP,PT,O,OL,,"The Historical Public Debt Database contains unbalanced panel data on Gross Domestic Product, Gross Government Debt, and Debt to GDP Ratio for 187 countries. The series spans the years 1800 through 2015 although each country’s data depends on its date of independence and data availability.",,IMF,FAD,datahelp@imf.org,,,2,,EN,2025-03-31T19:17:04.754307100Z,2025-03-31T19:17:04.799278900Z,,,PUBLIC_OPEN,,PUB,,"Ali Abbas, S., Belhocine, N., ElGanainy, A., Horton, M., A Historical Public Debt Database, IMF Working Paper, International Monetary Fund, 2010, WP/10/245.","Ali Abbas, S., Belhocine, N., ElGanainy, A., Horton, M., A Historical Public Debt Database, IMF Working Paper, International Monetary Fund, 2010, WP/10/245.",© International Monetary Fund Copyright. All Rights Reserved. https://www.imf.org/external/terms.htm,"International Monetary Fund. 2024. Historical Public Debt (HPD), https://betadata.imf.org/en/datasets/IMF.FAD:HPD. Accessed on [current date].",,"Gross debt, General government, Percent of fiscal year GDP"
IMF.FAD:HPD(1.0.0),ITA,G63G_S13_POFYGDP,A,1982-01-01,63.1425417806009,0,,2,G63G,S13,POFYGDP,PT,O,OL,,"The Historical Public Debt Database contains unbalanced panel data on Gross Domestic Product, Gross Government Debt, and Debt to GDP Ratio for 187 countries. The series spans the years 1800 through 2015 although each country’s data depends on its date of independence and data availability.",,IMF,FAD,datahelp@imf.org,,,2,,EN,2025-03-31T19:17:04.754307100Z,2025-03-31T19:17:04.799278900Z,,,PUBLIC_OPEN,,PUB,,"Ali Abbas, S., Belhocine, N., ElGanainy, A., Horton, M., A Historical Public Debt Database, IMF Working Paper, International Monetary Fund, 2010, WP/10/245.","Ali Abbas, S., Belhocine, N., ElGanainy, A., Horton, M., A Historical Public Debt Database, IMF Working Paper, International Monetary Fund, 2010, WP/10/245.",© International Monetary Fund Copyright. All Rights Reserved. https://www.imf.org/external/terms.htm,"International Monetary Fund. 2024. Historical Public Debt (HPD), https://betadata.imf.org/en/datasets/IMF.FAD:HPD. Accessed on [current date].",,"Gross debt, General government, Percent of fiscal year GDP"
IMF.FAD:HPD(1.0.0),DEU,G63G_S13_POFYGDP,A,1983-01-01,39.3761576398246,0,,2,G63G,S13,POFYGDP,PT,O,OL,,"The Historical Public Debt Database contains unbalanced panel data on Gross Domestic Product, Gross Government Debt, and Debt to GDP Ratio for 187 countries. The series spans the years 1800 through 2015 although each country’s data depends on its date of independence and data availability.",,IMF,FAD,datahelp@imf.org,,,2,,EN,2025-03-31T19:17:04.754307100Z,2025-03-31T19:17:04.799278900Z,,,PUBLIC_OPEN,,PUB,,"Ali Abbas, S., Belhocine, N., ElGanainy, A., Horton, M., A Historical Public Debt Database, IMF Working Paper, International Monetary Fund, 2010, WP/10/245.","Ali Abbas, S., Belhocine, N., ElGanainy, A., Horton, M., A Historical Public Debt Database, IMF Working Paper, International Monetary Fund, 2010, WP/10/245.",© International Monetary Fund Copyright. All Rights Reserved. https://www.imf.org/external/terms.htm,"International Monetary Fund. 2024. Historical Public Debt (HPD), https://betadata.imf.org/en/datasets/IMF.FAD:HPD. Accessed on [current date].",,"Gross debt, General government, Percent of fiscal year GDP"
IMF.FAD:HPD(1.0.0),ITA,G63G_S13_POFYGDP,A,1983-01-01,69.4034173687591,0,,2,G63G,S13,POFYGDP,PT,O,OL,,"The Historical Public Debt Database contains unbalanced panel data on Gross Domestic Product, Gross Government Debt, and Debt to GDP Ratio for 187 countries. The series spans the years 1800 through 2015 although each country’s data depends on its date of independence and data availability.",,IMF,FAD,datahelp@imf.org,,,2,,EN,2025-03-31T19:17:04.754307100Z,2025-03-31T19:17:04.799278900Z,,,PUBLIC_OPEN,,PUB,,"Ali Abbas, S., Belhocine, N., ElGanainy, A., Horton, M., A Historical Public Debt Database, IMF Working Paper, International Monetary Fund, 2010, WP/10/245.","Ali Abbas, S., Belhocine, N., ElGanainy, A., Horton, M., A Historical Public Debt Database, IMF Working Paper, International Monetary Fund, 2010, WP/10/245.",© International Monetary Fund Copyright. All Rights Reserved. https://www.imf.org/external/terms.htm,"International Monetary Fund. 2024. Historical Public Debt (HPD), https://betadata.imf.org/en/datasets/IMF.FAD:HPD. Accessed on [current date].",,"Gross debt, General government, Percent of fiscal year GDP"
IMF.FAD:HPD(1.0.0),DEU,G63G_S13_POFYGDP,A,1984-01-01,40.0943358666309,0,,2,G63G,S13,POFYGDP,PT,O,OL,,"The Historical Public Debt Database contains unbalanced panel data on Gross Domestic Product, Gross Government Debt, and Debt to GDP Ratio for 187 countries. The series spans the years 1800 through 2015 although each country’s data depends on its date of independence and data availability.",,IMF,FAD,datahelp@imf.org,,,2,,EN,2025-03-31T19:17:04.754307100Z,2025-03-31T19:17:04.799278900Z,,,PUBLIC_OPEN,,PUB,,"Ali Abbas, S., Belhocine, N., ElGanainy, A., Horton, M., A Historical Public Debt Database, IMF Working Paper, International Monetary Fund, 2010, WP/10/245.","Ali Abbas, S., Belhocine, N., ElGanainy, A., Horton, M., A Historical Public Debt Database, IMF Working Paper, International Monetary Fund, 2010, WP/10/245.",© International Monetary Fund Copyright. All Rights Reserved. https://www.imf.org/external/terms.htm,"International Monetary Fund. 2024. Historical Public Debt (HPD), https://betadata.imf.org/en/datasets/IMF.FAD:HPD. Accessed on [current date].",,"Gross debt, General government, Percent of fiscal year GDP"
IMF.FAD:HPD(1.0.0),ITA,G63G_S13_POFYGDP,A,1984-01-01,74.9010955574933,0,,2,G63G,S13,POFYGDP,PT,O,OL,,"The Historical Public Debt Database contains unbalanced panel data on Gross Domestic Product, Gross Government Debt, and Debt to GDP Ratio for 187 countries. The series spans the years 1800 through 2015 although each country’s data depends on its date of independence and data availability.",,IMF,FAD,datahelp@imf.org,,,2,,EN,2025-03-31T19:17:04.754307100Z,2025-03-31T19:17:04.799278900Z,,,PUBLIC_OPEN,,PUB,,"Ali Abbas, S., Belhocine, N., ElGanainy, A., Horton, M., A Historical Public Debt Database, IMF Working Paper, International Monetary Fund, 2010, WP/10/245.","Ali Abbas, S., Belhocine, N., ElGanainy, A., Horton, M., A Historical Public Debt Database, IMF Working Paper, International Monetary Fund, 2010, WP/10/245.",© International Monetary Fund Copyright. All Rights Reserved. https://www.imf.org/external/terms.htm,"International Monetary Fund. 2024. Historical Public Debt (HPD), https://betadata.imf.org/en/datasets/IMF.FAD:HPD. Accessed on [current date].",,"Gross debt, General government, Percent of fiscal year GDP"
IMF.FAD:HPD(1.0.0),DEU,G63G_S13_POFYGDP,A,1985-01-01,40.6866950434749,0,,2,G63G,S13,POFYGDP,PT,O,OL,,"The Historical Public Debt Database contains unbalanced panel data on Gross Domestic Product, Gross Government Debt, and Debt to GDP Ratio for 187 countries. The series spans the years 1800 through 2015 although each country’s data depends on its date of independence and data availability.",,IMF,FAD,datahelp@imf.org,,,2,,EN,2025-03-31T19:17:04.754307100Z,2025-03-31T19:17:04.799278900Z,,,PUBLIC_OPEN,,PUB,,"Ali Abbas, S., Belhocine, N., ElGanainy, A., Horton, M., A Historical Public Debt Database, IMF Working Paper, International Monetary Fund, 2010, WP/10/245.","Ali Abbas, S., Belhocine, N., ElGanainy, A., Horton, M., A Historical Public Debt Database, IMF Working Paper, International Monetary Fund, 2010, WP/10/245.",© International Monetary Fund Copyright. All Rights Reserved. https://www.imf.org/external/terms.htm,"International Monetary Fund. 2024. Historical Public Debt (HPD), https://betadata.imf.org/en/datasets/IMF.FAD:HPD. Accessed on [current date].",,"Gross debt, General government, Percent of fiscal year GDP"
IMF.FAD:HPD(1.0.0),ITA,G63G_S13_POFYGDP,A,1985-01-01,80.90156778121,0,,2,G63G,S13,POFYGDP,PT,O,OL,,"The Historical Public Debt Database contains unbalanced panel data on Gross Domestic Product, Gross Government Debt, and Debt to GDP Ratio for 187 countries. The series spans the years 1800 through 2015 although each country’s data depends on its date of independence and data availability.",,IMF,FAD,datahelp@imf.org,,,2,,EN,2025-03-31T19:17:04.754307100Z,2025-03-31T19:17:04.799278900Z,,,PUBLIC_OPEN,,PUB,,"Ali Abbas, S., Belhocine, N., ElGanainy, A., Horton, M., A Historical Public Debt Database, IMF Working Paper, International Monetary Fund, 2010, WP/10/245.","Ali Abbas, S., Belhocine, N., ElGanainy, A., Horton, M., A Historical Public Debt Database, IMF Working Paper, International Monetary Fund, 2010, WP/10/245.",© International Monetary Fund Copyright. All Rights Reserved. https://www.imf.org/external/terms.htm,"International Monetary Fund. 2024. Historical Public Debt (HPD), https://betadata.imf.org/en/datasets/IMF.FAD:HPD. Accessed on [current date].",,"Gross debt, General government, Percent of fiscal year GDP"
IMF.FAD:HPD(1.0.0),DEU,G63G_S13_POFYGDP,A,1986-01-01,40.5392916458218,0,,2,G63G,S13,POFYGDP,PT,O,OL,,"The Historical Public Debt Database contains unbalanced panel data on Gross Domestic Product, Gross Government Debt, and Debt to GDP Ratio for 187 countries. The series spans the years 1800 through 2015 although each country’s data depends on its date of independence and data availability.",,IMF,FAD,datahelp@imf.org,,,2,,EN,2025-03-31T19:17:04.754307100Z,2025-03-31T19:17:04.799278900Z,,,PUBLIC_OPEN,,PUB,,"Ali Abbas, S., Belhocine, N., ElGanainy, A., Horton, M., A Historical Public Debt Database, IMF Working Paper, International Monetary Fund, 2010, WP/10/245.","Ali Abbas, S., Belhocine, N., ElGanainy, A., Horton, M., A Historical Public Debt Database, IMF Working Paper, International Monetary Fund, 2010, WP/10/245.",© International Monetary Fund Copyright. All Rights Reserved. https://www.imf.org/external/terms.htm,"International Monetary Fund. 2024. Historical Public Debt (HPD), https://betadata.imf.org/en/datasets/IMF.FAD:HPD. Accessed on [current date].",,"Gross debt, General government, Percent of fiscal year GDP"
IMF.FAD:HPD(1.0.0),ITA,G63G_S13_POFYGDP,A,1986-01-01,85.1178408529161,0,,2,G63G,S13,POFYGDP,PT,O,OL,,"The Historical Public Debt Database contains unbalanced panel data on Gross Domestic Product, Gross Government Debt, and Debt to GDP Ratio for 187 countries. The series spans the years 1800 through 2015 although each country’s data depends on its date of independence and data availability.",,IMF,FAD,datahelp@imf.org,,,2,,EN,2025-03-31T19:17:04.754307100Z,2025-03-31T19:17:04.799278900Z,,,PUBLIC_OPEN,,PUB,,"Ali Abbas, S., Belhocine, N., ElGanainy, A., Horton, M., A Historical Public Debt Database, IMF Working Paper, International Monetary Fund, 2010, WP/10/245.","Ali Abbas, S., Belhocine, N., ElGanainy, A., Horton, M., A Historical Public Debt Database, IMF Working Paper, International Monetary Fund, 2010, WP/10/245.",© International Monetary Fund Copyright. All Rights Reserved. https://www.imf.org/external/terms.htm,"International Monetary Fund. 2024. Historical Public Debt (HPD), https://betadata.imf.org/en/datasets/IMF.FAD:HPD. Accessed on [current date].",,"Gross debt, General government, Percent of fiscal year GDP"
IMF.FAD:HPD(1.0.0),DEU,G63G_S13_POFYGDP,A,1987-01-01,41.5980762416802,0,,2,G63G,S13,POFYGDP,PT,O,OL,,"The Historical Public Debt Database contains unbalanced panel data on Gross Domestic Product, Gross Government Debt, and Debt to GDP Ratio for 187 countries. The series spans the years 1800 through 2015 although each country’s data depends on its date of independence and data availability.",,IMF,FAD,datahelp@imf.org,,,2,,EN,2025-03-31T19:17:04.754307100Z,2025-03-31T19:17:04.799278900Z,,,PUBLIC_OPEN,,PUB,,"Ali Abbas, S., Belhocine, N., ElGanainy, A., Horton, M., A Historical Public Debt Database, IMF Working Paper, International Monetary Fund, 2010, WP/10/245.","Ali Abbas, S., Belhocine, N., ElGanainy, A., Horton, M., A Historical Public Debt Database, IMF Working Paper, International Monetary Fund, 2010, WP/10/245.",© International Monetary Fund Copyright. All Rights Reserved. https://www.imf.org/external/terms.htm,"International Monetary Fund. 2024. Historical Public Debt (HPD), https://betadata.imf.org/en/datasets/IMF.FAD:HPD. Accessed on [current date].",,"Gross debt, General government, Percent of fiscal year GDP"
IMF.FAD:HPD(1.0.0),ITA,G63G_S13_POFYGDP,A,1987-01-01,89.1143859347246,0,,2,G63G,S13,POFYGDP,PT,O,OL,,"The Historical Public Debt Database contains unbalanced panel data on Gross Domestic Product, Gross Government Debt, and Debt to GDP Ratio for 187 countries. The series spans the years 1800 through 2015 although each country’s data depends on its date of independence and data availability.",,IMF,FAD,datahelp@imf.org,,,2,,EN,2025-03-31T19:17:04.754307100Z,2025-03-31T19:17:04.799278900Z,,,PUBLIC_OPEN,,PUB,,"Ali Abbas, S., Belhocine, N., ElGanainy, A., Horton, M., A Historical Public Debt Database, IMF Working Paper, International Monetary Fund, 2010, WP/10/245.","Ali Abbas, S., Belhocine, N., ElGanainy, A., Horton, M., A Historical Public Debt Database, IMF Working Paper, International Monetary Fund, 2010, WP/10/245.",© International Monetary Fund Copyright. All Rights Reserved. https://www.imf.org/external/terms.htm,"International Monetary Fund. 2024. Historical Public Debt (HPD), https://betadata.imf.org/en/datasets/IMF.FAD:HPD. Accessed on [current date].",,"Gross debt, General government, Percent of fiscal year GDP"
IMF.FAD:HPD(1.0.0),DEU,G63G_S13_POFYGDP,A,1988-01-01,42.0304267727267,0,,2,G63G,S13,POFYGDP,PT,O,OL,,"The Historical Public Debt Database contains unbalanced panel data on Gross Domestic Product, Gross Government Debt, and Debt to GDP Ratio for 187 countries. The series spans the years 1800 through 2015 although each country’s data depends on its date of independence and data availability.",,IMF,FAD,datahelp@imf.org,,,2,,EN,2025-03-31T19:17:04.754307100Z,2025-03-31T19:17:04.799278900Z,,,PUBLIC_OPEN,,PUB,,"Ali Abbas, S., Belhocine, N., ElGanainy, A., Horton, M., A Historical Public Debt Database, IMF Working Paper, International Monetary Fund, 2010, WP/10/245.","Ali Abbas, S., Belhocine, N., ElGanainy, A., Horton, M., A Historical Public Debt Database, IMF Working Paper, International Monetary Fund, 2010, WP/10/245.",© International Monetary Fund Copyright. All Rights Reserved. https://www.imf.org/external/terms.htm,"International Monetary Fund. 2024. Historical Public Debt (HPD), https://betadata.imf.org/en/datasets/IMF.FAD:HPD. Accessed on [current date].",,"Gross debt, General government, Percent of fiscal year GDP"
IMF.FAD:HPD(1.0.0),ITA,G63G_S13_POFYGDP,A,1988-01-01,90.8344973400192,0,,2,G63G,S13,POFYGDP,PT,O,OL,,"The Historical Public Debt Database contains unbalanced panel data on Gross Domestic Product, Gross Government Debt, and Debt to GDP Ratio for 187 countries. The series spans the years 1800 through 2015 although each country’s data depends on its date of independence and data availability.",,IMF,FAD,datahelp@imf.org,,,2,,EN,2025-03-31T19:17:04.754307100Z,2025-03-31T19:17:04.799278900Z,,,PUBLIC_OPEN,,PUB,,"Ali Abbas, S., Belhocine, N., ElGanainy, A., Horton, M., A Historical Public Debt Database, IMF Working Paper, International Monetary Fund, 2010, WP/10/245.","Ali Abbas, S., Belhocine, N., ElGanainy, A., Horton, M., A Historical Public Debt Database, IMF Working Paper, International Monetary Fund, 2010, WP/10/245.",© International Monetary Fund Copyright. All Rights Reserved. https://www.imf.org/external/terms.htm,"International Monetary Fund. 2024. Historical Public Debt (HPD), https://betadata.imf.org/en/datasets/IMF.FAD:HPD. Accessed on [current date].",,"Gross debt, General government, Percent of fiscal year GDP"
IMF.FAD:HPD(1.0.0),DEU,G63G_S13_POFYGDP,A,1989-01-01,40.6493894594412,0,,2,G63G,S13,POFYGDP,PT,O,OL,,"The Historical Public Debt Database contains unbalanced panel data on Gross Domestic Product, Gross Government Debt, and Debt to GDP Ratio for 187 countries. The series spans the years 1800 through 2015 although each country’s data depends on its date of independence and data availability.",,IMF,FAD,datahelp@imf.org,,,2,,EN,2025-03-31T19:17:04.754307100Z,2025-03-31T19:17:04.799278900Z,,,PUBLIC_OPEN,,PUB,,"Ali Abbas, S., Belhocine, N., ElGanainy, A., Horton, M., A Historical Public Debt Database, IMF Working Paper, International Monetary Fund, 2010, WP/10/245.","Ali Abbas, S., Belhocine, N., ElGanainy, A., Horton, M., A Historical Public Debt Database, IMF Working Paper, International Monetary Fund, 2010, WP/10/245.",© International Monetary Fund Copyright. All Rights Reserved. https://www.imf.org/external/terms.htm,"International Monetary Fund. 2024. Historical Public Debt (HPD), https://betadata.imf.org/en/datasets/IMF.FAD:HPD. Accessed on [current date].",,"Gross debt, General government, Percent of fiscal year GDP"
IMF.FAD:HPD(1.0.0),ITA,G63G_S13_POFYGDP,A,1989-01-01,93.3121320173651,0,,2,G63G,S13,POFYGDP,PT,O,OL,,"The Historical Public Debt Database contains unbalanced panel data on Gross Domestic Product, Gross Government Debt, and Debt to GDP Ratio for 187 countries. The series spans the years 1800 through 2015 although each country’s data depends on its date of independence and data availability.",,IMF,FAD,datahelp@imf.org,,,2,,EN,2025-03-31T19:17:04.754307100Z,2025-03-31T19:17:04.799278900Z,,,PUBLIC_OPEN,,PUB,,"Ali Abbas, S., Belhocine, N., ElGanainy, A., Horton, M., A Historical Public Debt Database, IMF Working Paper, International Monetary Fund, 2010, WP/10/245.","Ali Abbas, S., Belhocine, N., ElGanainy, A., Horton, M., A Historical Public Debt Database, IMF Working Paper, International Monetary Fund, 2010, WP/10/245.",© International Monetary Fund Copyright. All Rights Reserved. https://www.imf.org/external/terms.htm,"International Monetary Fund. 2024. Historical Public Debt (HPD), https://betadata.imf.org/en/datasets/IMF.FAD:HPD. Accessed on [current date].",,"Gross debt, General government, Percent of fiscal year GDP"
IMF.FAD:HPD(1.0.0),DEU,G63G_S13_POFYGDP,A,1990-01-01,42.2496575356031,0,,2,G63G,S13,POFYGDP,PT,O,OL,,"The Historical Public Debt Database contains unbalanced panel data on Gross Domestic Product, Gross Government Debt, and Debt to GDP Ratio for 187 countries. The series spans the years 1800 through 2015 although each country’s data depends on its date of independence and data availability.",,IMF,FAD,datahelp@imf.org,,,2,,EN,2025-03-31T19:17:04.754307100Z,2025-03-31T19:17:04.799278900Z,,,PUBLIC_OPEN,,PUB,,"Ali Abbas, S., Belhocine, N., ElGanainy, A., Horton, M., A Historical Public Debt Database, IMF Working Paper, International Monetary Fund, 2010, WP/10/245.","Ali Abbas, S., Belhocine, N., ElGanainy, A., Horton, M., A Historical Public Debt Database, IMF Working Paper, International Monetary Fund, 2010, WP/10/245.",© International Monetary Fund Copyright. All Rights Reserved. https://www.imf.org/external/terms.htm,"International Monetary Fund. 2024. Historical Public Debt (HPD), https://betadata.imf.org/en/datasets/IMF.FAD:HPD. Accessed on [current date].",,"Gross debt, General government, Percent of fiscal year GDP"
IMF.FAD:HPD(1.0.0),ITA,G63G_S13_POFYGDP,A,1990-01-01,95.2229017842478,0,,2,G63G,S13,POFYGDP,PT,O,OL,,"The Historical Public Debt Database contains unbalanced panel data on Gross Domestic Product, Gross Government Debt, and Debt to GDP Ratio for 187 countries. The series spans the years 1800 through 2015 although each country’s data depends on its date of independence and data availability.",,IMF,FAD,datahelp@imf.org,,,2,,EN,2025-03-31T19:17:04.754307100Z,2025-03-31T19:17:04.799278900Z,,,PUBLIC_OPEN,,PUB,,"Ali Abbas, S., Belhocine, N., ElGanainy, A., Horton, M., A Historical Public Debt Database, IMF Working Paper, International Monetary Fund, 2010, WP/10/245.","Ali Abbas, S., Belhocine, N., ElGanainy, A., Horton, M., A Historical Public Debt Database, IMF Working Paper, International Monetary Fund, 2010, WP/10/245.",© International Monetary Fund Copyright. All Rights Reserved. https://www.imf.org/external/terms.htm,"International Monetary Fund. 2024. Historical Public Debt (HPD), https://betadata.imf.org/en/datasets/IMF.FAD:HPD. Accessed on [current date].",,"Gross debt, General government, Percent of fiscal year GDP"
IMF.FAD:HPD(1.0.0),DEU,G63G_S13_POFYGDP,A,1991-01-01,38.8925699246766,0,,2,G63G,S13,POFYGDP,PT,O,OL,,"The Historical Public Debt Database contains unbalanced panel data on Gross Domestic Product, Gross Government Debt, and Debt to GDP Ratio for 187 countries. The series spans the years 1800 through 2015 although each country’s data depends on its date of independence and data availability.",,IMF,FAD,datahelp@imf.org,,,2,,EN,2025-03-31T19:17:04.754307100Z,2025-03-31T19:17:04.799278900Z,,,PUBLIC_OPEN,,PUB,,"Ali Abbas, S., Belhocine, N., ElGanainy, A., Horton, M., A Historical Public Debt Database, IMF Working Paper, International Monetary Fund, 2010, WP/10/245.","Ali Abbas, S., Belhocine, N., ElGanainy, A., Horton, M., A Historical Public Debt Database, IMF Working Paper, International Monetary Fund, 2010, WP/10/245.",© International Monetary Fund Copyright. All Rights Reserved. https://www.imf.org/external/terms.htm,"International Monetary Fund. 2024. Historical Public Debt (HPD), https://betadata.imf.org/en/datasets/IMF.FAD:HPD. Accessed on [current date].",,"Gross debt, General government, Percent of fiscal year GDP"
IMF.FAD:HPD(1.0.0),ITA,G63G_S13_POFYGDP,A,1991-01-01,98.5903454516894,0,,2,G63G,S13,POFYGDP,PT,O,OL,,"The Historical Public Debt Database contains unbalanced panel data on Gross Domestic Product, Gross Government Debt, and Debt to GDP Ratio for 187 countries. The series spans the years 1800 through 2015 although each country’s data depends on its date of independence and data availability.",,IMF,FAD,datahelp@imf.org,,,2,,EN,2025-03-31T19:17:04.754307100Z,2025-03-31T19:17:04.799278900Z,,,PUBLIC_OPEN,,PUB,,"Ali Abbas, S., Belhocine, N., ElGanainy, A., Horton, M., A Historical Public Debt Database, IMF Working Paper, International Monetary Fund, 2010, WP/10/245.","Ali Abbas, S., Belhocine, N., ElGanainy, A., Horton, M., A Historical Public Debt Database, IMF Working Paper, International Monetary Fund, 2010, WP/10/245.",© International Monetary Fund Copyright. All Rights Reserved. https://www.imf.org/external/terms.htm,"International Monetary Fund. 2024. Historical Public Debt (HPD), https://betadata.imf.org/en/datasets/IMF.FAD:HPD. Accessed on [current date].",,"Gross debt, General government, Percent of fiscal year GDP"
IMF.FAD:HPD(1.0.0),DEU,G63G_S13_POFYGDP,A,1992-01-01,41.5205279508578,0,,2,G63G,S13,POFYGDP,PT,O,OL,,"The Historical Public Debt Database contains unbalanced panel data on Gross Domestic Product, Gross Government Debt, and Debt to GDP Ratio for 187 countries. The series spans the years 1800 through 2015 although each country’s data depends on its date of independence and data availability.",,IMF,FAD,datahelp@imf.org,,,2,,EN,2025-03-31T19:17:04.754307100Z,2025-03-31T19:17:04.799278900Z,,,PUBLIC_OPEN,,PUB,,"Ali Abbas, S., Belhocine, N., ElGanainy, A., Horton, M., A Historical Public Debt Database, IMF Working Paper, International Monetary Fund, 2010, WP/10/245.","Ali Abbas, S., Belhocine, N., ElGanainy, A., Horton, M., A Historical Public Debt Database, IMF Working Paper, International Monetary Fund, 2010, WP/10/245.",© International Monetary Fund Copyright. All Rights Reserved. https://www.imf.org/external/terms.htm,"International Monetary Fund. 2024. Historical Public Debt (HPD), https://betadata.imf.org/en/datasets/IMF.FAD:HPD. Accessed on [current date].",,"Gross debt, General government, Percent of fiscal year GDP"
IMF.FAD:HPD(1.0.0),ITA,G63G_S13_POFYGDP,A,1992-01-01,105.490837531465,0,,2,G63G,S13,POFYGDP,PT,O,OL,,"The Historical Public Debt Database contains unbalanced panel data on Gross Domestic Product, Gross Government Debt, and Debt to GDP Ratio for 187 countries. The series spans the years 1800 through 2015 although each country’s data depends on its date of independence and data availability.",,IMF,FAD,datahelp@imf.org,,,2,,EN,2025-03-31T19:17:04.754307100Z,2025-03-31T19:17:04.799278900Z,,,PUBLIC_OPEN,,PUB,,"Ali Abbas, S., Belhocine, N., ElGanainy, A., Horton, M., A Historical Public Debt Database, IMF Working Paper, International Monetary Fund, 2010, WP/10/245.","Ali Abbas, S., Belhocine, N., ElGanainy, A., Horton, M., A Historical Public Debt Database, IMF Working Paper, International Monetary Fund, 2010, WP/10/245.",© International Monetary Fund Copyright. All Rights Reserved. https://www.imf.org/external/terms.htm,"International Monetary Fund. 2024. Historical Public Debt (HPD), https://betadata.imf.org/en/datasets/IMF.FAD:HPD. Accessed on [current date].",,"Gross debt, General government, Percent of fiscal year GDP"
IMF.FAD:HPD(1.0.0),DEU,G63G_S13_POFYGDP,A,1993-01-01,45.1186369442772,0,,2,G63G,S13,POFYGDP,PT,O,OL,,"The Historical Public Debt Database contains unbalanced panel data on Gross Domestic Product, Gross Government Debt, and Debt to GDP Ratio for 187 countries. The series spans the years 1800 through 2015 although each country’s data depends on its date of independence and data availability.",,IMF,FAD,datahelp@imf.org,,,2,,EN,2025-03-31T19:17:04.754307100Z,2025-03-31T19:17:04.799278900Z,,,PUBLIC_OPEN,,PUB,,"Ali Abbas, S., Belhocine, N., ElGanainy, A., Horton, M., A Historical Public Debt Database, IMF Working Paper, International Monetary Fund, 2010, WP/10/245.","Ali Abbas, S., Belhocine, N., ElGanainy, A., Horton, M., A Historical Public Debt Database, IMF Working Paper, International Monetary Fund, 2010, WP/10/245.",© International Monetary Fund Copyright. All Rights Reserved. https://www.imf.org/external/terms.htm,"International Monetary Fund. 2024. Historical Public Debt (HPD), https://betadata.imf.org/en/datasets/IMF.FAD:HPD. Accessed on [current date].",,"Gross debt, General government, Percent of fiscal year GDP"
IMF.FAD:HPD(1.0.0),ITA,G63G_S13_POFYGDP,A,1993-01-01,115.661837428412,0,,2,G63G,S13,POFYGDP,PT,O,OL,,"The Historical Public Debt Database contains unbalanced panel data on Gross Domestic Product, Gross Government Debt, and Debt to GDP Ratio for 187 countries. The series spans the years 1800 through 2015 although each country’s data depends on its date of independence and data availability.",,IMF,FAD,datahelp@imf.org,,,2,,EN,2025-03-31T19:17:04.754307100Z,2025-03-31T19:17:04.799278900Z,,,PUBLIC_OPEN,,PUB,,"Ali Abbas, S., Belhocine, N., ElGanainy, A., Horton, M., A Historical Public Debt Database, IMF Working Paper, International Monetary Fund, 2010, WP/10/245.","Ali Abbas, S., Belhocine, N., ElGanainy, A., Horton, M., A Historical Public Debt Database, IMF Working Paper, International Monetary Fund, 2010, WP/10/245.",© International Monetary Fund Copyright. All Rights Reserved. https://www.imf.org/external/terms.htm,"International Monetary Fund. 2024. Historical Public Debt (HPD), https://betadata.imf.org/en/datasets/IMF.FAD:HPD. Accessed on [current date].",,"Gross debt, General government, Percent of fiscal year GDP"
IMF.FAD:HPD(1.0.0),DEU,G63G_S13_POFYGDP,A,1994-01-01,47.4212670185972,0,,2,G63G,S13,POFYGDP,PT,O,OL,,"The Historical Public Debt Database contains unbalanced panel data on Gross Domestic Product, Gross Government Debt, and Debt to GDP Ratio for 187 countries. The series spans the years 1800 through 2015 although each country’s data depends on its date of independence and data availability.",,IMF,FAD,datahelp@imf.org,,,2,,EN,2025-03-31T19:17:04.754307100Z,2025-03-31T19:17:04.799278900Z,,,PUBLIC_OPEN,,PUB,,"Ali Abbas, S., Belhocine, N., ElGanainy, A., Horton, M., A Historical Public Debt Database, IMF Working Paper, International Monetary Fund, 2010, WP/10/245.","Ali Abbas, S., Belhocine, N., ElGanainy, A., Horton, M., A Historical Public Debt Database, IMF Working Paper, International Monetary Fund, 2010, WP/10/245.",© International Monetary Fund Copyright. All Rights Reserved. https://www.imf.org/external/terms.htm,"International Monetary Fund. 2024. Historical Public Debt (HPD), https://betadata.imf.org/en/datasets/IMF.FAD:HPD. Accessed on [current date].",,"Gross debt, General government, Percent of fiscal year GDP"
IMF.FAD:HPD(1.0.0),ITA,G63G_S13_POFYGDP,A,1994-01-01,117.865121605253,0,,2,G63G,S13,POFYGDP,PT,O,OL,,"The Historical Public Debt Database contains unbalanced panel data on Gross Domestic Product, Gross Government Debt, and Debt to GDP Ratio for 187 countries. The series spans the years 1800 through 2015 although each country’s data depends on its date of independence and data availability.",,IMF,FAD,datahelp@imf.org,,,2,,EN,2025-03-31T19:17:04.754307100Z,2025-03-31T19:17:04.799278900Z,,,PUBLIC_OPEN,,PUB,,"Ali Abbas, S., Belhocine, N., ElGanainy, A., Horton, M., A Historical Public Debt Database, IMF Working Paper, International Monetary Fund, 2010, WP/10/245.","Ali Abbas, S., Belhocine, N., ElGanainy, A., Horton, M., A Historical Public Debt Database, IMF Working Paper, International Monetary Fund, 2010, WP/10/245.",© International Monetary Fund Copyright. All Rights Reserved. https://www.imf.org/external/terms.htm,"International Monetary Fund. 2024. Historical Public Debt (HPD), https://betadata.imf.org/en/datasets/IMF.FAD:HPD. Accessed on [current date].",,"Gross debt, General government, Percent of fiscal year GDP"
IMF.FAD:HPD(1.0.0),DEU,G63G_S13_POFYGDP,A,1995-01-01,54.8200518200202,0,,2,G63G,S13,POFYGDP,PT,O,OL,,"The Historical Public Debt Database contains unbalanced panel data on Gross Domestic Product, Gross Government Debt, and Debt to GDP Ratio for 187 countries. The series spans the years 1800 through 2015 although each country’s data depends on its date of independence and data availability.",,IMF,FAD,datahelp@imf.org,,,2,,EN,2025-03-31T19:17:04.754307100Z,2025-03-31T19:17:04.799278900Z,,,PUBLIC_OPEN,,PUB,,"Ali Abbas, S., Belhocine, N., ElGanainy, A., Horton, M., A Historical Public Debt Database, IMF Working Paper, International Monetary Fund, 2010, WP/10/245.","Ali Abbas, S., Belhocine, N., ElGanainy, A., Horton, M., A Historical Public Debt Database, IMF Working Paper, International Monetary Fund, 2010, WP/10/245.",© International Monetary Fund Copyright. All Rights Reserved. https://www.imf.org/external/terms.htm,"International Monetary Fund. 2024. Historical Public Debt (HPD), https://betadata.imf.org/en/datasets/IMF.FAD:HPD. Accessed on [current date].",,"Gross debt, General government, Percent of fiscal year GDP"
IMF.FAD:HPD(1.0.0),ITA,G63G_S13_POFYGDP,A,1995-01-01,108.689247744126,0,,2,G63G,S13,POFYGDP,PT,O,OL,,"The Historical Public Debt Database contains unbalanced panel data on Gross Domestic Product, Gross Government Debt, and Debt to GDP Ratio for 187 countries. The series spans the years 1800 through 2015 although each country’s data depends on its date of independence and data availability.",,IMF,FAD,datahelp@imf.org,,,2,,EN,2025-03-31T19:17:04.754307100Z,2025-03-31T19:17:04.799278900Z,,,PUBLIC_OPEN,,PUB,,"Ali Abbas, S., Belhocine, N., ElGanainy, A., Horton, M., A Historical Public Debt Database, IMF Working Paper, International Monetary Fund, 2010, WP/10/245.","Ali Abbas, S., Belhocine, N., ElGanainy, A., Horton, M., A Historical Public Debt Database, IMF Working Paper, International Monetary Fund, 2010, WP/10/245.",© International Monetary Fund Copyright. All Rights Reserved. https://www.imf.org/external/terms.htm,"International Monetary Fund. 2024. Historical Public Debt (HPD), https://betadata.imf.org/en/datasets/IMF.FAD:HPD. Accessed on [current date].",,"Gross debt, General government, Percent of fiscal year GDP"
IMF.FAD:HPD(1.0.0),DEU,G63G_S13_POFYGDP,A,1996-01-01,57.5975435026372,0,,2,G63G,S13,POFYGDP,PT,O,OL,,"The Historical Public Debt Database contains unbalanced panel data on Gross Domestic Product, Gross Government Debt, and Debt to GDP Ratio for 187 countries. The series spans the years 1800 through 2015 although each country’s data depends on its date of independence and data availability.",,IMF,FAD,datahelp@imf.org,,,2,,EN,2025-03-31T19:17:04.754307100Z,2025-03-31T19:17:04.799278900Z,,,PUBLIC_OPEN,,PUB,,"Ali Abbas, S., Belhocine, N., ElGanainy, A., Horton, M., A Historical Public Debt Database, IMF Working Paper, International Monetary Fund, 2010, WP/10/245.","Ali Abbas, S., Belhocine, N., ElGanainy, A., Horton, M., A Historical Public Debt Database, IMF Working Paper, International Monetary Fund, 2010, WP/10/245.",© International Monetary Fund Copyright. All Rights Reserved. https://www.imf.org/external/terms.htm,"International Monetary Fund. 2024. Historical Public Debt (HPD), https://betadata.imf.org/en/datasets/IMF.FAD:HPD. Accessed on [current date].",,"Gross debt, General government, Percent of fiscal year GDP"
IMF.FAD:HPD(1.0.0),ITA,G63G_S13_POFYGDP,A,1996-01-01,117.711854738588,0,,2,G63G,S13,POFYGDP,PT,O,OL,,"The Historical Public Debt Database contains unbalanced panel data on Gross Domestic Product, Gross Government Debt, and Debt to GDP Ratio for 187 countries. The series spans the years 1800 through 2015 although each country’s data depends on its date of independence and data availability.",,IMF,FAD,datahelp@imf.org,,,2,,EN,2025-03-31T19:17:04.754307100Z,2025-03-31T19:17:04.799278900Z,,,PUBLIC_OPEN,,PUB,,"Ali Abbas, S., Belhocine, N., ElGanainy, A., Horton, M., A Historical Public Debt Database, IMF Working Paper, International Monetary Fund, 2010, WP/10/245.","Ali Abbas, S., Belhocine, N., ElGanainy, A., Horton, M., A Historical Public Debt Database, IMF Working Paper, International Monetary Fund, 2010, WP/10/245.",© International Monetary Fund Copyright. All Rights Reserved. https://www.imf.org/external/terms.htm,"International Monetary Fund. 2024. Historical Public Debt (HPD), https://betadata.imf.org/en/datasets/IMF.FAD:HPD. Accessed on [current date].",,"Gross debt, General government, Percent of fiscal year GDP"
IMF.FAD:HPD(1.0.0),DEU,G63G_S13_POFYGDP,A,1997-01-01,58.7725523489012,0,,2,G63G,S13,POFYGDP,PT,O,OL,,"The Historical Public Debt Database contains unbalanced panel data on Gross Domestic Product, Gross Government Debt, and Debt to GDP Ratio for 187 countries. The series spans the years 1800 through 2015 although each country’s data depends on its date of independence and data availability.",,IMF,FAD,datahelp@imf.org,,,2,,EN,2025-03-31T19:17:04.754307100Z,2025-03-31T19:17:04.799278900Z,,,PUBLIC_OPEN,,PUB,,"Ali Abbas, S., Belhocine, N., ElGanainy, A., Horton, M., A Historical Public Debt Database, IMF Working Paper, International Monetary Fund, 2010, WP/10/245.","Ali Abbas, S., Belhocine, N., ElGanainy, A., Horton, M., A Historical Public Debt Database, IMF Working Paper, International Monetary Fund, 2010, WP/10/245.",© International Monetary Fund Copyright. All Rights Reserved. https://www.imf.org/external/terms.htm,"International Monetary Fund. 2024. Historical Public Debt (HPD), https://betadata.imf.org/en/datasets/IMF.FAD:HPD. Accessed on [current date].",,"Gross debt, General government, Percent of fiscal year GDP"
IMF.FAD:HPD(1.0.0),ITA,G63G_S13_POFYGDP,A,1997-01-01,113.426445355868,0,,2,G63G,S13,POFYGDP,PT,O,OL,,"The Historical Public Debt Database contains unbalanced panel data on Gross Domestic Product, Gross Government Debt, and Debt to GDP Ratio for 187 countries. The series spans the years 1800 through 2015 although each country’s data depends on its date of independence and data availability.",,IMF,FAD,datahelp@imf.org,,,2,,EN,2025-03-31T19:17:04.754307100Z,2025-03-31T19:17:04.799278900Z,,,PUBLIC_OPEN,,PUB,,"Ali Abbas, S., Belhocine, N., ElGanainy, A., Horton, M., A Historical Public Debt Database, IMF Working Paper, International Monetary Fund, 2010, WP/10/245.","Ali Abbas, S., Belhocine, N., ElGanainy, A., Horton, M., A Historical Public Debt Database, IMF Working Paper, International Monetary Fund, 2010, WP/10/245.",© International Monetary Fund Copyright. All Rights Reserved. https://www.imf.org/external/terms.htm,"International Monetary Fund. 2024. Historical Public Debt (HPD), https://betadata.imf.org/en/datasets/IMF.FAD:HPD. Accessed on [current date].",,"Gross debt, General government, Percent of fiscal year GDP"
IMF.FAD:HPD(1.0.0),DEU,G63G_S13_POFYGDP,A,1998-01-01,59.3846092863549,0,,2,G63G,S13,POFYGDP,PT,O,OL,,"The Historical Public Debt Database contains unbalanced panel data on Gross Domestic Product, Gross Government Debt, and Debt to GDP Ratio for 187 countries. The series spans the years 1800 through 2015 although each country’s data depends on its date of independence and data availability.",,IMF,FAD,datahelp@imf.org,,,2,,EN,2025-03-31T19:17:04.754307100Z,2025-03-31T19:17:04.799278900Z,,,PUBLIC_OPEN,,PUB,,"Ali Abbas, S., Belhocine, N., ElGanainy, A., Horton, M., A Historical Public Debt Database, IMF Working Paper, International Monetary Fund, 2010, WP/10/245.","Ali Abbas, S., Belhocine, N., ElGanainy, A., Horton, M., A Historical Public Debt Database, IMF Working Paper, International Monetary Fund, 2010, WP/10/245.",© International Monetary Fund Copyright. All Rights Reserved. https://www.imf.org/external/terms.htm,"International Monetary Fund. 2024. Historical Public Debt (HPD), https://betadata.imf.org/en/datasets/IMF.FAD:HPD. Accessed on [current date].",,"Gross debt, General government, Percent of fiscal year GDP"
IMF.FAD:HPD(1.0.0),ITA,G63G_S13_POFYGDP,A,1998-01-01,110.80770514513,0,,2,G63G,S13,POFYGDP,PT,O,OL,,"The Historical Public Debt Database contains unbalanced panel data on Gross Domestic Product, Gross Government Debt, and Debt to GDP Ratio for 187 countries. The series spans the years 1800 through 2015 although each country’s data depends on its date of independence and data availability.",,IMF,FAD,datahelp@imf.org,,,2,,EN,2025-03-31T19:17:04.754307100Z,2025-03-31T19:17:04.799278900Z,,,PUBLIC_OPEN,,PUB,,"Ali Abbas, S., Belhocine, N., ElGanainy, A., Horton, M., A Historical Public Debt Database, IMF Working Paper, International Monetary Fund, 2010, WP/10/245.","Ali Abbas, S., Belhocine, N., ElGanainy, A., Horton, M., A Historical Public Debt Database, IMF Working Paper, International Monetary Fund, 2010, WP/10/245.",© International Monetary Fund Copyright. All Rights Reserved. https://www.imf.org/external/terms.htm,"International Monetary Fund. 2024. Historical Public Debt (HPD), https://betadata.imf.org/en/datasets/IMF.FAD:HPD. Accessed on [current date].",,"Gross debt, General government, Percent of fiscal year GDP"
IMF.FAD:HPD(1.0.0),DEU,G63G_S13_POFYGDP,A,1999-01-01,59.9624191236295,0,,2,G63G,S13,POFYGDP,PT,O,OL,,"The Historical Public Debt Database contains unbalanced panel data on Gross Domestic Product, Gross Government Debt, and Debt to GDP Ratio for 187 countries. The series spans the years 1800 through 2015 although each country’s data depends on its date of independence and data availability.",,IMF,FAD,datahelp@imf.org,,,2,,EN,2025-03-31T19:17:04.754307100Z,2025-03-31T19:17:04.799278900Z,,,PUBLIC_OPEN,,PUB,,"Ali Abbas, S., Belhocine, N., ElGanainy, A., Horton, M., A Historical Public Debt Database, IMF Working Paper, International Monetary Fund, 2010, WP/10/245.","Ali Abbas, S., Belhocine, N., ElGanainy, A., Horton, M., A Historical Public Debt Database, IMF Working Paper, International Monetary Fund, 2010, WP/10/245.",© International Monetary Fund Copyright. All Rights Reserved. https://www.imf.org/external/terms.htm,"International Monetary Fund. 2024. Historical Public Debt (HPD), https://betadata.imf.org/en/datasets/IMF.FAD:HPD. Accessed on [current date].",,"Gross debt, General government, Percent of fiscal year GDP"
IMF.FAD:HPD(1.0.0),ITA,G63G_S13_POFYGDP,A,1999-01-01,109.658759862173,0,,2,G63G,S13,POFYGDP,PT,O,OL,,"The Historical Public Debt Database contains unbalanced panel data on Gross Domestic Product, Gross Government Debt, and Debt to GDP Ratio for 187 countries. The series spans the years 1800 through 2015 although each country’s data depends on its date of independence and data availability.",,IMF,FAD,datahelp@imf.org,,,2,,EN,2025-03-31T19:17:04.754307100Z,2025-03-31T19:17:04.799278900Z,,,PUBLIC_OPEN,,PUB,,"Ali Abbas, S., Belhocine, N., ElGanainy, A., Horton, M., A Historical Public Debt Database, IMF Working Paper, International Monetary Fund, 2010, WP/10/245.","Ali Abbas, S., Belhocine, N., ElGanainy, A., Horton, M., A Historical Public Debt Database, IMF Working Paper, International Monetary Fund, 2010, WP/10/245.",© International Monetary Fund Copyright. All Rights Reserved. https://www.imf.org/external/terms.htm,"International Monetary Fund. 2024. Historical Public Debt (HPD), https://betadata.imf.org/en/datasets/IMF.FAD:HPD. Accessed on [current date].",,"Gross debt, General government, Percent of fiscal year GDP"
IMF.FAD:HPD(1.0.0),DEU,G63G_S13_POFYGDP,A,2000-01-01,58.7576542183248,0,,2,G63G,S13,POFYGDP,PT,O,OL,,"The Historical Public Debt Database contains unbalanced panel data on Gross Domestic Product, Gross Government Debt, and Debt to GDP Ratio for 187 countries. The series spans the years 1800 through 2015 although each country’s data depends on its date of independence and data availability.",,IMF,FAD,datahelp@imf.org,,,2,,EN,2025-03-31T19:17:04.754307100Z,2025-03-31T19:17:04.799278900Z,,,PUBLIC_OPEN,,PUB,,"Ali Abbas, S., Belhocine, N., ElGanainy, A., Horton, M., A Historical Public Debt Database, IMF Working Paper, International Monetary Fund, 2010, WP/10/245.","Ali Abbas, S., Belhocine, N., ElGanainy, A., Horton, M., A Historical Public Debt Database, IMF Working Paper, International Monetary Fund, 2010, WP/10/245.",© International Monetary Fund Copyright. All Rights Reserved. https://www.imf.org/external/terms.htm,"International Monetary Fund. 2024. Historical Public Debt (HPD), https://betadata.imf.org/en/datasets/IMF.FAD:HPD. Accessed on [current date].",,"Gross debt, General government, Percent of fiscal year GDP"
IMF.FAD:HPD(1.0.0),ITA,G63G_S13_POFYGDP,A,2000-01-01,105.109524508863,0,,2,G63G,S13,POFYGDP,PT,O,OL,,"The Historical Public Debt Database contains unbalanced panel data on Gross Domestic Product, Gross Government Debt, and Debt to GDP Ratio for 187 countries. The series spans the years 1800 through 2015 although each country’s data depends on its date of independence and data availability.",,IMF,FAD,datahelp@imf.org,,,2,,EN,2025-03-31T19:17:04.754307100Z,2025-03-31T19:17:04.799278900Z,,,PUBLIC_OPEN,,PUB,,"Ali Abbas, S., Belhocine, N., ElGanainy, A., Horton, M., A Historical Public Debt Database, IMF Working Paper, International Monetary Fund, 2010, WP/10/245.","Ali Abbas, S., Belhocine, N., ElGanainy, A., Horton, M., A Historical Public Debt Database, IMF Working Paper, International Monetary Fund, 2010, WP/10/245.",© International Monetary Fund Copyright. All Rights Reserved. https://www.imf.org/external/terms.htm,"International Monetary Fund. 2024. Historical Public Debt (HPD), https://betadata.imf.org/en/datasets/IMF.FAD:HPD. Accessed on [current date].",,"Gross debt, General government, Percent of fiscal year GDP"
IMF.FAD:HPD(1.0.0),DEU,G63G_S13_POFYGDP,A,2001-01-01,57.5823565841686,0,,2,G63G,S13,POFYGDP,PT,O,OL,,"The Historical Public Debt Database contains unbalanced panel data on Gross Domestic Product, Gross Government Debt, and Debt to GDP Ratio for 187 countries. The series spans the years 1800 through 2015 although each country’s data depends on its date of independence and data availability.",,IMF,FAD,datahelp@imf.org,,,2,,EN,2025-03-31T19:17:04.754307100Z,2025-03-31T19:17:04.799278900Z,,,PUBLIC_OPEN,,PUB,,"Ali Abbas, S., Belhocine, N., ElGanainy, A., Horton, M., A Historical Public Debt Database, IMF Working Paper, International Monetary Fund, 2010, WP/10/245.","Ali Abbas, S., Belhocine, N., ElGanainy, A., Horton, M., A Historical Public Debt Database, IMF Working Paper, International Monetary Fund, 2010, WP/10/245.",© International Monetary Fund Copyright. All Rights Reserved. https://www.imf.org/external/terms.htm,"International Monetary Fund. 2024. Historical Public Debt (HPD), https://betadata.imf.org/en/datasets/IMF.FAD:HPD. Accessed on [current date].",,"Gross debt, General government, Percent of fiscal year GDP"
IMF.FAD:HPD(1.0.0),ITA,G63G_S13_POFYGDP,A,2001-01-01,104.729800060051,0,,2,G63G,S13,POFYGDP,PT,O,OL,,"The Historical Public Debt Database contains unbalanced panel data on Gross Domestic Product, Gross Government Debt, and Debt to GDP Ratio for 187 countries. The series spans the years 1800 through 2015 although each country’s data depends on its date of independence and data availability.",,IMF,FAD,datahelp@imf.org,,,2,,EN,2025-03-31T19:17:04.754307100Z,2025-03-31T19:17:04.799278900Z,,,PUBLIC_OPEN,,PUB,,"Ali Abbas, S., Belhocine, N., ElGanainy, A., Horton, M., A Historical Public Debt Database, IMF Working Paper, International Monetary Fund, 2010, WP/10/245.","Ali Abbas, S., Belhocine, N., ElGanainy, A., Horton, M., A Historical Public Debt Database, IMF Working Paper, International Monetary Fund, 2010, WP/10/245.",© International Monetary Fund Copyright. All Rights Reserved. https://www.imf.org/external/terms.htm,"International Monetary Fund. 2024. Historical Public Debt (HPD), https://betadata.imf.org/en/datasets/IMF.FAD:HPD. Accessed on [current date].",,"Gross debt, General government, Percent of fiscal year GDP"
IMF.FAD:HPD(1.0.0),DEU,G63G_S13_POFYGDP,A,2002-01-01,59.2195682775914,0,,2,G63G,S13,POFYGDP,PT,O,OL,,"The Historical Public Debt Database contains unbalanced panel data on Gross Domestic Product, Gross Government Debt, and Debt to GDP Ratio for 187 countries. The series spans the years 1800 through 2015 although each country’s data depends on its date of independence and data availability.",,IMF,FAD,datahelp@imf.org,,,2,,EN,2025-03-31T19:17:04.754307100Z,2025-03-31T19:17:04.799278900Z,,,PUBLIC_OPEN,,PUB,,"Ali Abbas, S., Belhocine, N., ElGanainy, A., Horton, M., A Historical Public Debt Database, IMF Working Paper, International Monetary Fund, 2010, WP/10/245.","Ali Abbas, S., Belhocine, N., ElGanainy, A., Horton, M., A Historical Public Debt Database, IMF Working Paper, International Monetary Fund, 2010, WP/10/245.",© International Monetary Fund Copyright. All Rights Reserved. https://www.imf.org/external/terms.htm,"International Monetary Fund. 2024. Historical Public Debt (HPD), https://betadata.imf.org/en/datasets/IMF.FAD:HPD. Accessed on [current date].",,"Gross debt, General government, Percent of fiscal year GDP"
IMF.FAD:HPD(1.0.0),ITA,G63G_S13_POFYGDP,A,2002-01-01,101.922924310853,0,,2,G63G,S13,POFYGDP,PT,O,OL,,"The Historical Public Debt Database contains unbalanced panel data on Gross Domestic Product, Gross Government Debt, and Debt to GDP Ratio for 187 countries. The series spans the years 1800 through 2015 although each country’s data depends on its date of independence and data availability.",,IMF,FAD,datahelp@imf.org,,,2,,EN,2025-03-31T19:17:04.754307100Z,2025-03-31T19:17:04.799278900Z,,,PUBLIC_OPEN,,PUB,,"Ali Abbas, S., Belhocine, N., ElGanainy, A., Horton, M., A Historical Public Debt Database, IMF Working Paper, International Monetary Fund, 2010, WP/10/245.","Ali Abbas, S., Belhocine, N., ElGanainy, A., Horton, M., A Historical Public Debt Database, IMF Working Paper, International Monetary Fund, 2010, WP/10/245.",© International Monetary Fund Copyright. All Rights Reserved. https://www.imf.org/external/terms.htm,"International Monetary Fund. 2024. Historical Public Debt (HPD), https://betadata.imf.org/en/datasets/IMF.FAD:HPD. Accessed on [current date].",,"Gross debt, General government, Percent of fiscal year GDP"
IMF.FAD:HPD(1.0.0),DEU,G63G_S13_POFYGDP,A,2003-01-01,62.9207506035819,0,,2,G63G,S13,POFYGDP,PT,O,OL,,"The Historical Public Debt Database contains unbalanced panel data on Gross Domestic Product, Gross Government Debt, and Debt to GDP Ratio for 187 countries. The series spans the years 1800 through 2015 although each country’s data depends on its date of independence and data availability.",,IMF,FAD,datahelp@imf.org,,,2,,EN,2025-03-31T19:17:04.754307100Z,2025-03-31T19:17:04.799278900Z,,,PUBLIC_OPEN,,PUB,,"Ali Abbas, S., Belhocine, N., ElGanainy, A., Horton, M., A Historical Public Debt Database, IMF Working Paper, International Monetary Fund, 2010, WP/10/245.","Ali Abbas, S., Belhocine, N., ElGanainy, A., Horton, M., A Historical Public Debt Database, IMF Working Paper, International Monetary Fund, 2010, WP/10/245.",© International Monetary Fund Copyright. All Rights Reserved. https://www.imf.org/external/terms.htm,"International Monetary Fund. 2024. Historical Public Debt (HPD), https://betadata.imf.org/en/datasets/IMF.FAD:HPD. Accessed on [current date].",,"Gross debt, General government, Percent of fiscal year GDP"
IMF.FAD:HPD(1.0.0),ITA,G63G_S13_POFYGDP,A,2003-01-01,100.484939347528,0,,2,G63G,S13,POFYGDP,PT,O,OL,,"The Historical Public Debt Database contains unbalanced panel data on Gross Domestic Product, Gross Government Debt, and Debt to GDP Ratio for 187 countries. The series spans the years 1800 through 2015 although each country’s data depends on its date of independence and data availability.",,IMF,FAD,datahelp@imf.org,,,2,,EN,2025-03-31T19:17:04.754307100Z,2025-03-31T19:17:04.799278900Z,,,PUBLIC_OPEN,,PUB,,"Ali Abbas, S., Belhocine, N., ElGanainy, A., Horton, M., A Historical Public Debt Database, IMF Working Paper, International Monetary Fund, 2010, WP/10/245.","Ali Abbas, S., Belhocine, N., ElGanainy, A., Horton, M., A Historical Public Debt Database, IMF Working Paper, International Monetary Fund, 2010, WP/10/245.",© International Monetary Fund Copyright. All Rights Reserved. https://www.imf.org/external/terms.htm,"International Monetary Fund. 2024. Historical Public Debt (HPD), https://betadata.imf.org/en/datasets/IMF.FAD:HPD. Accessed on [current date].",,"Gross debt, General government, Percent of fiscal year GDP"
IMF.FAD:HPD(1.0.0),DEU,G63G_S13_POFYGDP,A,2004-01-01,64.6893799931296,0,,2,G63G,S13,POFYGDP,PT,O,OL,,"The Historical Public Debt Database contains unbalanced panel data on Gross Domestic Product, Gross Government Debt, and Debt to GDP Ratio for 187 countries. The series spans the years 1800 through 2015 although each country’s data depends on its date of independence and data availability.",,IMF,FAD,datahelp@imf.org,,,2,,EN,2025-03-31T19:17:04.754307100Z,2025-03-31T19:17:04.799278900Z,,,PUBLIC_OPEN,,PUB,,"Ali Abbas, S., Belhocine, N., ElGanainy, A., Horton, M., A Historical Public Debt Database, IMF Working Paper, International Monetary Fund, 2010, WP/10/245.","Ali Abbas, S., Belhocine, N., ElGanainy, A., Horton, M., A Historical Public Debt Database, IMF Working Paper, International Monetary Fund, 2010, WP/10/245.",© International Monetary Fund Copyright. All Rights Reserved. https://www.imf.org/external/terms.htm,"International Monetary Fund. 2024. Historical Public Debt (HPD), https://betadata.imf.org/en/datasets/IMF.FAD:HPD. Accessed on [current date].",,"Gross debt, General government, Percent of fiscal year GDP"
IMF.FAD:HPD(1.0.0),ITA,G63G_S13_POFYGDP,A,2004-01-01,100.089128208881,0,,2,G63G,S13,POFYGDP,PT,O,OL,,"The Historical Public Debt Database contains unbalanced panel data on Gross Domestic Product, Gross Government Debt, and Debt to GDP Ratio for 187 countries. The series spans the years 1800 through 2015 although each country’s data depends on its date of independence and data availability.",,IMF,FAD,datahelp@imf.org,,,2,,EN,2025-03-31T19:17:04.754307100Z,2025-03-31T19:17:04.799278900Z,,,PUBLIC_OPEN,,PUB,,"Ali Abbas, S., Belhocine, N., ElGanainy, A., Horton, M., A Historical Public Debt Database, IMF Working Paper, International Monetary Fund, 2010, WP/10/245.","Ali Abbas, S., Belhocine, N., ElGanainy, A., Horton, M., A Historical Public Debt Database, IMF Working Paper, International Monetary Fund, 2010, WP/10/245.",© International Monetary Fund Copyright. All Rights Reserved. https://www.imf.org/external/terms.htm,"International Monetary Fund. 2024. Historical Public Debt (HPD), https://betadata.imf.org/en/datasets/IMF.FAD:HPD. Accessed on [current date].",,"Gross debt, General government, Percent of fiscal year GDP"
IMF.FAD:HPD(1.0.0),DEU,G63G_S13_POFYGDP,A,2005-01-01,66.9093730170458,0,,2,G63G,S13,POFYGDP,PT,O,OL,,"The Historical Public Debt Database contains unbalanced panel data on Gross Domestic Product, Gross Government Debt, and Debt to GDP Ratio for 187 countries. The series spans the years 1800 through 2015 although each country’s data depends on its date of independence and data availability.",,IMF,FAD,datahelp@imf.org,,,2,,EN,2025-03-31T19:17:04.754307100Z,2025-03-31T19:17:04.799278900Z,,,PUBLIC_OPEN,,PUB,,"Ali Abbas, S., Belhocine, N., ElGanainy, A., Horton, M., A Historical Public Debt Database, IMF Working Paper, International Monetary Fund, 2010, WP/10/245.","Ali Abbas, S., Belhocine, N., ElGanainy, A., Horton, M., A Historical Public Debt Database, IMF Working Paper, International Monetary Fund, 2010, WP/10/245.",© International Monetary Fund Copyright. All Rights Reserved. https://www.imf.org/external/terms.htm,"International Monetary Fund. 2024. Historical Public Debt (HPD), https://betadata.imf.org/en/datasets/IMF.FAD:HPD. Accessed on [current date].",,"Gross debt, General government, Percent of fiscal year GDP"
IMF.FAD:HPD(1.0.0),ITA,G63G_S13_POFYGDP,A,2005-01-01,101.94049107017,0,,2,G63G,S13,POFYGDP,PT,O,OL,,"The Historical Public Debt Database contains unbalanced panel data on Gross Domestic Product, Gross Government Debt, and Debt to GDP Ratio for 187 countries. The series spans the years 1800 through 2015 although each country’s data depends on its date of independence and data availability.",,IMF,FAD,datahelp@imf.org,,,2,,EN,2025-03-31T19:17:04.754307100Z,2025-03-31T19:17:04.799278900Z,,,PUBLIC_OPEN,,PUB,,"Ali Abbas, S., Belhocine, N., ElGanainy, A., Horton, M., A Historical Public Debt Database, IMF Working Paper, International Monetary Fund, 2010, WP/10/245.","Ali Abbas, S., Belhocine, N., ElGanainy, A., Horton, M., A Historical Public Debt Database, IMF Working Paper, International Monetary Fund, 2010, WP/10/245.",© International Monetary Fund Copyright. All Rights Reserved. https://www.imf.org/external/terms.htm,"International Monetary Fund. 2024. Historical Public Debt (HPD), https://betadata.imf.org/en/datasets/IMF.FAD:HPD. Accessed on [current date].",,"Gross debt, General government, Percent of fiscal year GDP"
IMF.FAD:HPD(1.0.0),DEU,G63G_S13_POFYGDP,A,2006-01-01,66.3334795779797,0,,2,G63G,S13,POFYGDP,PT,O,OL,,"The Historical Public Debt Database contains unbalanced panel data on Gross Domestic Product, Gross Government Debt, and Debt to GDP Ratio for 187 countries. The series spans the years 1800 through 2015 although each country’s data depends on its date of independence and data availability.",,IMF,FAD,datahelp@imf.org,,,2,,EN,2025-03-31T19:17:04.754307100Z,2025-03-31T19:17:04.799278900Z,,,PUBLIC_OPEN,,PUB,,"Ali Abbas, S., Belhocine, N., ElGanainy, A., Horton, M., A Historical Public Debt Database, IMF Working Paper, International Monetary Fund, 2010, WP/10/245.","Ali Abbas, S., Belhocine, N., ElGanainy, A., Horton, M., A Historical Public Debt Database, IMF Working Paper, International Monetary Fund, 2010, WP/10/245.",© International Monetary Fund Copyright. All Rights Reserved. https://www.imf.org/external/terms.htm,"International Monetary Fund. 2024. Historical Public Debt (HPD), https://betadata.imf.org/en/datasets/IMF.FAD:HPD. Accessed on [current date].",,"Gross debt, General government, Percent of fiscal year GDP"
IMF.FAD:HPD(1.0.0),ITA,G63G_S13_POFYGDP,A,2006-01-01,102.557091691562,0,,2,G63G,S13,POFYGDP,PT,O,OL,,"The Historical Public Debt Database contains unbalanced panel data on Gross Domestic Product, Gross Government Debt, and Debt to GDP Ratio for 187 countries. The series spans the years 1800 through 2015 although each country’s data depends on its date of independence and data availability.",,IMF,FAD,datahelp@imf.org,,,2,,EN,2025-03-31T19:17:04.754307100Z,2025-03-31T19:17:04.799278900Z,,,PUBLIC_OPEN,,PUB,,"Ali Abbas, S., Belhocine, N., ElGanainy, A., Horton, M., A Historical Public Debt Database, IMF Working Paper, International Monetary Fund, 2010, WP/10/245.","Ali Abbas, S., Belhocine, N., ElGanainy, A., Horton, M., A Historical Public Debt Database, IMF Working Paper, International Monetary Fund, 2010, WP/10/245.",© International Monetary Fund Copyright. All Rights Reserved. https://www.imf.org/external/terms.htm,"International Monetary Fund. 2024. Historical Public Debt (HPD), https://betadata.imf.org/en/datasets/IMF.FAD:HPD. Accessed on [current date].",,"Gross debt, General government, Percent of fiscal year GDP"
IMF.FAD:HPD(1.0.0),DEU,G63G_S13_POFYGDP,A,2007-01-01,63.5422941792037,0,,2,G63G,S13,POFYGDP,PT,O,OL,,"The Historical Public Debt Database contains unbalanced panel data on Gross Domestic Product, Gross Government Debt, and Debt to GDP Ratio for 187 countries. The series spans the years 1800 through 2015 although each country’s data depends on its date of independence and data availability.",,IMF,FAD,datahelp@imf.org,,,2,,EN,2025-03-31T19:17:04.754307100Z,2025-03-31T19:17:04.799278900Z,,,PUBLIC_OPEN,,PUB,,"Ali Abbas, S., Belhocine, N., ElGanainy, A., Horton, M., A Historical Public Debt Database, IMF Working Paper, International Monetary Fund, 2010, WP/10/245.","Ali Abbas, S., Belhocine, N., ElGanainy, A., Horton, M., A Historical Public Debt Database, IMF Working Paper, International Monetary Fund, 2010, WP/10/245.",© International Monetary Fund Copyright. All Rights Reserved. https://www.imf.org/external/terms.htm,"International Monetary Fund. 2024. Historical Public Debt (HPD), https://betadata.imf.org/en/datasets/IMF.FAD:HPD. Accessed on [current date].",,"Gross debt, General government, Percent of fiscal year GDP"
IMF.FAD:HPD(1.0.0),ITA,G63G_S13_POFYGDP,A,2007-01-01,99.7758630973091,0,,2,G63G,S13,POFYGDP,PT,O,OL,,"The Historical Public Debt Database contains unbalanced panel data on Gross Domestic Product, Gross Government Debt, and Debt to GDP Ratio for 187 countries. The series spans the years 1800 through 2015 although each country’s data depends on its date of independence and data availability.",,IMF,FAD,datahelp@imf.org,,,2,,EN,2025-03-31T19:17:04.754307100Z,2025-03-31T19:17:04.799278900Z,,,PUBLIC_OPEN,,PUB,,"Ali Abbas, S., Belhocine, N., ElGanainy, A., Horton, M., A Historical Public Debt Database, IMF Working Paper, International Monetary Fund, 2010, WP/10/245.","Ali Abbas, S., Belhocine, N., ElGanainy, A., Horton, M., A Historical Public Debt Database, IMF Working Paper, International Monetary Fund, 2010, WP/10/245.",© International Monetary Fund Copyright. All Rights Reserved. https://www.imf.org/external/terms.htm,"International Monetary Fund. 2024. Historical Public Debt (HPD), https://betadata.imf.org/en/datasets/IMF.FAD:HPD. Accessed on [current date].",,"Gross debt, General government, Percent of fiscal year GDP"
IMF.FAD:HPD(1.0.0),DEU,G63G_S13_POFYGDP,A,2008-01-01,64.9260658770992,0,,2,G63G,S13,POFYGDP,PT,O,OL,,"The Historical Public Debt Database contains unbalanced panel data on Gross Domestic Product, Gross Government Debt, and Debt to GDP Ratio for 187 countries. The series spans the years 1800 through 2015 although each country’s data depends on its date of independence and data availability.",,IMF,FAD,datahelp@imf.org,,,2,,EN,2025-03-31T19:17:04.754307100Z,2025-03-31T19:17:04.799278900Z,,,PUBLIC_OPEN,,PUB,,"Ali Abbas, S., Belhocine, N., ElGanainy, A., Horton, M., A Historical Public Debt Database, IMF Working Paper, International Monetary Fund, 2010, WP/10/245.","Ali Abbas, S., Belhocine, N., ElGanainy, A., Horton, M., A Historical Public Debt Database, IMF Working Paper, International Monetary Fund, 2010, WP/10/245.",© International Monetary Fund Copyright. All Rights Reserved. https://www.imf.org/external/terms.htm,"International Monetary Fund. 2024. Historical Public Debt (HPD), https://betadata.imf.org/en/datasets/IMF.FAD:HPD. Accessed on [current date].",,"Gross debt, General government, Percent of fiscal year GDP"
IMF.FAD:HPD(1.0.0),ITA,G63G_S13_POFYGDP,A,2008-01-01,102.39029208064,0,,2,G63G,S13,POFYGDP,PT,O,OL,,"The Historical Public Debt Database contains unbalanced panel data on Gross Domestic Product, Gross Government Debt, and Debt to GDP Ratio for 187 countries. The series spans the years 1800 through 2015 although each country’s data depends on its date of independence and data availability.",,IMF,FAD,datahelp@imf.org,,,2,,EN,2025-03-31T19:17:04.754307100Z,2025-03-31T19:17:04.799278900Z,,,PUBLIC_OPEN,,PUB,,"Ali Abbas, S., Belhocine, N., ElGanainy, A., Horton, M., A Historical Public Debt Database, IMF Working Paper, International Monetary Fund, 2010, WP/10/245.","Ali Abbas, S., Belhocine, N., ElGanainy, A., Horton, M., A Historical Public Debt Database, IMF Working Paper, International Monetary Fund, 2010, WP/10/245.",© International Monetary Fund Copyright. All Rights Reserved. https://www.imf.org/external/terms.htm,"International Monetary Fund. 2024. Historical Public Debt (HPD), https://betadata.imf.org/en/datasets/IMF.FAD:HPD. Accessed on [current date].",,"Gross debt, General government, Percent of fiscal year GDP"
IMF.FAD:HPD(1.0.0),DEU,G63G_S13_POFYGDP,A,2009-01-01,72.4302518412538,0,,2,G63G,S13,POFYGDP,PT,O,OL,,"The Historical Public Debt Database contains unbalanced panel data on Gross Domestic Product, Gross Government Debt, and Debt to GDP Ratio for 187 countries. The series spans the years 1800 through 2015 although each country’s data depends on its date of independence and data availability.",,IMF,FAD,datahelp@imf.org,,,2,,EN,2025-03-31T19:17:04.754307100Z,2025-03-31T19:17:04.799278900Z,,,PUBLIC_OPEN,,PUB,,"Ali Abbas, S., Belhocine, N., ElGanainy, A., Horton, M., A Historical Public Debt Database, IMF Working Paper, International Monetary Fund, 2010, WP/10/245.","Ali Abbas, S., Belhocine, N., ElGanainy, A., Horton, M., A Historical Public Debt Database, IMF Working Paper, International Monetary Fund, 2010, WP/10/245.",© International Monetary Fund Copyright. All Rights Reserved. https://www.imf.org/external/terms.htm,"International Monetary Fund. 2024. Historical Public Debt (HPD), https://betadata.imf.org/en/datasets/IMF.FAD:HPD. Accessed on [current date].",,"Gross debt, General government, Percent of fiscal year GDP"
IMF.FAD:HPD(1.0.0),ITA,G63G_S13_POFYGDP,A,2009-01-01,112.51944524623,0,,2,G63G,S13,POFYGDP,PT,O,OL,,"The Historical Public Debt Database contains unbalanced panel data on Gross Domestic Product, Gross Government Debt, and Debt to GDP Ratio for 187 countries. The series spans the years 1800 through 2015 although each country’s data depends on its date of independence and data availability.",,IMF,FAD,datahelp@imf.org,,,2,,EN,2025-03-31T19:17:04.754307100Z,2025-03-31T19:17:04.799278900Z,,,PUBLIC_OPEN,,PUB,,"Ali Abbas, S., Belhocine, N., ElGanainy, A., Horton, M., A Historical Public Debt Database, IMF Working Paper, International Monetary Fund, 2010, WP/10/245.","Ali Abbas, S., Belhocine, N., ElGanainy, A., Horton, M., A Historical Public Debt Database, IMF Working Paper, International Monetary Fund, 2010, WP/10/245.",© International Monetary Fund Copyright. All Rights Reserved. https://www.imf.org/external/terms.htm,"International Monetary Fund. 2024. Historical Public Debt (HPD), https://betadata.imf.org/en/datasets/IMF.FAD:HPD. Accessed on [current date].",,"Gross debt, General government, Percent of fiscal year GDP"
IMF.FAD:HPD(1.0.0),DEU,G63G_S13_POFYGDP,A,2010-01-01,81.0037751060053,0,,2,G63G,S13,POFYGDP,PT,O,OL,,"The Historical Public Debt Database contains unbalanced panel data on Gross Domestic Product, Gross Government Debt, and Debt to GDP Ratio for 187 countries. The series spans the years 1800 through 2015 although each country’s data depends on its date of independence and data availability.",,IMF,FAD,datahelp@imf.org,,,2,,EN,2025-03-31T19:17:04.754307100Z,2025-03-31T19:17:04.799278900Z,,,PUBLIC_OPEN,,PUB,,"Ali Abbas, S., Belhocine, N., ElGanainy, A., Horton, M., A Historical Public Debt Database, IMF Working Paper, International Monetary Fund, 2010, WP/10/245.","Ali Abbas, S., Belhocine, N., ElGanainy, A., Horton, M., A Historical Public Debt Database, IMF Working Paper, International Monetary Fund, 2010, WP/10/245.",© International Monetary Fund Copyright. All Rights Reserved. https://www.imf.org/external/terms.htm,"International Monetary Fund. 2024. Historical Public Debt (HPD), https://betadata.imf.org/en/datasets/IMF.FAD:HPD. Accessed on [current date].",,"Gross debt, General government, Percent of fiscal year GDP"
IMF.FAD:HPD(1.0.0),ITA,G63G_S13_POFYGDP,A,2010-01-01,115.377924170232,0,,2,G63G,S13,POFYGDP,PT,O,OL,,"The Historical Public Debt Database contains unbalanced panel data on Gross Domestic Product, Gross Government Debt, and Debt to GDP Ratio for 187 countries. The series spans the years 1800 through 2015 although each country’s data depends on its date of independence and data availability.",,IMF,FAD,datahelp@imf.org,,,2,,EN,2025-03-31T19:17:04.754307100Z,2025-03-31T19:17:04.799278900Z,,,PUBLIC_OPEN,,PUB,,"Ali Abbas, S., Belhocine, N., ElGanainy, A., Horton, M., A Historical Public Debt Database, IMF Working Paper, International Monetary Fund, 2010, WP/10/245.","Ali Abbas, S., Belhocine, N., ElGanainy, A., Horton, M., A Historical Public Debt Database, IMF Working Paper, International Monetary Fund, 2010, WP/10/245.",© International Monetary Fund Copyright. All Rights Reserved. https://www.imf.org/external/terms.htm,"International Monetary Fund. 2024. Historical Public Debt (HPD), https://betadata.imf.org/en/datasets/IMF.FAD:HPD. Accessed on [current date].",,"Gross debt, General government, Percent of fiscal year GDP"
IMF.FAD:HPD(1.0.0),DEU,G63G_S13_POFYGDP,A,2011-01-01,78.3106928290272,0,,2,G63G,S13,POFYGDP,PT,O,OL,,"The Historical Public Debt Database contains unbalanced panel data on Gross Domestic Product, Gross Government Debt, and Debt to GDP Ratio for 187 countries. The series spans the years 1800 through 2015 although each country’s data depends on its date of independence and data availability.",,IMF,FAD,datahelp@imf.org,,,2,,EN,2025-03-31T19:17:04.754307100Z,2025-03-31T19:17:04.799278900Z,,,PUBLIC_OPEN,,PUB,,"Ali Abbas, S., Belhocine, N., ElGanainy, A., Horton, M., A Historical Public Debt Database, IMF Working Paper, International Monetary Fund, 2010, WP/10/245.","Ali Abbas, S., Belhocine, N., ElGanainy, A., Horton, M., A Historical Public Debt Database, IMF Working Paper, International Monetary Fund, 2010, WP/10/245.",© International Monetary Fund Copyright. All Rights Reserved. https://www.imf.org/external/terms.htm,"International Monetary Fund. 2024. Historical Public Debt (HPD), https://betadata.imf.org/en/datasets/IMF.FAD:HPD. Accessed on [current date].",,"Gross debt, General government, Percent of fiscal year GDP"
IMF.FAD:HPD(1.0.0),ITA,G63G_S13_POFYGDP,A,2011-01-01,116.498951730759,0,,2,G63G,S13,POFYGDP,PT,O,OL,,"The Historical Public Debt Database contains unbalanced panel data on Gross Domestic Product, Gross Government Debt, and Debt to GDP Ratio for 187 countries. The series spans the years 1800 through 2015 although each country’s data depends on its date of independence and data availability.",,IMF,FAD,datahelp@imf.org,,,2,,EN,2025-03-31T19:17:04.754307100Z,2025-03-31T19:17:04.799278900Z,,,PUBLIC_OPEN,,PUB,,"Ali Abbas, S., Belhocine, N., ElGanainy, A., Horton, M., A Historical Public Debt Database, IMF Working Paper, International Monetary Fund, 2010, WP/10/245.","Ali Abbas, S., Belhocine, N., ElGanainy, A., Horton, M., A Historical Public Debt Database, IMF Working Paper, International Monetary Fund, 2010, WP/10/245.",© International Monetary Fund Copyright. All Rights Reserved. https://www.imf.org/external/terms.htm,"International Monetary Fund. 2024. Historical Public Debt (HPD), https://betadata.imf.org/en/datasets/IMF.FAD:HPD. Accessed on [current date].",,"Gross debt, General government, Percent of fiscal year GDP"
IMF.FAD:HPD(1.0.0),DEU,G63G_S13_POFYGDP,A,2012-01-01,79.5159992168976,0,,2,G63G,S13,POFYGDP,PT,O,OL,,"The Historical Public Debt Database contains unbalanced panel data on Gross Domestic Product, Gross Government Debt, and Debt to GDP Ratio for 187 countries. The series spans the years 1800 through 2015 although each country’s data depends on its date of independence and data availability.",,IMF,FAD,datahelp@imf.org,,,2,,EN,2025-03-31T19:17:04.754307100Z,2025-03-31T19:17:04.799278900Z,,,PUBLIC_OPEN,,PUB,,"Ali Abbas, S., Belhocine, N., ElGanainy, A., Horton, M., A Historical Public Debt Database, IMF Working Paper, International Monetary Fund, 2010, WP/10/245.","Ali Abbas, S., Belhocine, N., ElGanainy, A., Horton, M., A Historical Public Debt Database, IMF Working Paper, International Monetary Fund, 2010, WP/10/245.",© International Monetary Fund Copyright. All Rights Reserved. https://www.imf.org/external/terms.htm,"International Monetary Fund. 2024. Historical Public Debt (HPD), https://betadata.imf.org/en/datasets/IMF.FAD:HPD. Accessed on [current date].",,"Gross debt, General government, Percent of fiscal year GDP"
IMF.FAD:HPD(1.0.0),ITA,G63G_S13_POFYGDP,A,2012-01-01,123.338680663945,0,,2,G63G,S13,POFYGDP,PT,O,OL,,"The Historical Public Debt Database contains unbalanced panel data on Gross Domestic Product, Gross Government Debt, and Debt to GDP Ratio for 187 countries. The series spans the years 1800 through 2015 although each country’s data depends on its date of independence and data availability.",,IMF,FAD,datahelp@imf.org,,,2,,EN,2025-03-31T19:17:04.754307100Z,2025-03-31T19:17:04.799278900Z,,,PUBLIC_OPEN,,PUB,,"Ali Abbas, S., Belhocine, N., ElGanainy, A., Horton, M., A Historical Public Debt Database, IMF Working Paper, International Monetary Fund, 2010, WP/10/245.","Ali Abbas, S., Belhocine, N., ElGanainy, A., Horton, M., A Historical Public Debt Database, IMF Working Paper, International Monetary Fund, 2010, WP/10/245.",© International Monetary Fund Copyright. All Rights Reserved. https://www.imf.org/external/terms.htm,"International Monetary Fund. 2024. Historical Public Debt (HPD), https://betadata.imf.org/en/datasets/IMF.FAD:HPD. Accessed on [current date].",,"Gross debt, General government, Percent of fiscal year GDP"
IMF.FAD:HPD(1.0.0),DEU,G63G_S13_POFYGDP,A,2013-01-01,77.0575039628623,0,,2,G63G,S13,POFYGDP,PT,O,OL,,"The Historical Public Debt Database contains unbalanced panel data on Gross Domestic Product, Gross Government Debt, and Debt to GDP Ratio for 187 countries. The series spans the years 1800 through 2015 although each country’s data depends on its date of independence and data availability.",,IMF,FAD,datahelp@imf.org,,,2,,EN,2025-03-31T19:17:04.754307100Z,2025-03-31T19:17:04.799278900Z,,,PUBLIC_OPEN,,PUB,,"Ali Abbas, S., Belhocine, N., ElGanainy, A., Horton, M., A Historical Public Debt Database, IMF Working Paper, International Monetary Fund, 2010, WP/10/245.","Ali Abbas, S., Belhocine, N., ElGanainy, A., Horton, M., A Historical Public Debt Database, IMF Working Paper, International Monetary Fund, 2010, WP/10/245.",© International Monetary Fund Copyright. All Rights Reserved. https://www.imf.org/external/terms.htm,"International Monetary Fund. 2024. Historical Public Debt (HPD), https://betadata.imf.org/en/datasets/IMF.FAD:HPD. Accessed on [current date].",,"Gross debt, General government, Percent of fiscal year GDP"
IMF.FAD:HPD(1.0.0),ITA,G63G_S13_POFYGDP,A,2013-01-01,129.004386473358,0,,2,G63G,S13,POFYGDP,PT,O,OL,,"The Historical Public Debt Database contains unbalanced panel data on Gross Domestic Product, Gross Government Debt, and Debt to GDP Ratio for 187 countries. The series spans the years 1800 through 2015 although each country’s data depends on its date of independence and data availability.",,IMF,FAD,datahelp@imf.org,,,2,,EN,2025-03-31T19:17:04.754307100Z,2025-03-31T19:17:04.799278900Z,,,PUBLIC_OPEN,,PUB,,"Ali Abbas, S., Belhocine, N., ElGanainy, A., Horton, M., A Historical Public Debt Database, IMF Working Paper, International Monetary Fund, 2010, WP/10/245.","Ali Abbas, S., Belhocine, N., ElGanainy, A., Horton, M., A Historical Public Debt Database, IMF Working Paper, International Monetary Fund, 2010, WP/10/245.",© International Monetary Fund Copyright. All Rights Reserved. https://www.imf.org/external/terms.htm,"International Monetary Fund. 2024. Historical Public Debt (HPD), https://betadata.imf.org/en/datasets/IMF.FAD:HPD. Accessed on [current date].",,"Gross debt, General government, Percent of fiscal year GDP"
IMF.FAD:HPD(1.0.0),DEU,G63G_S13_POFYGDP,A,2014-01-01,74.4797242068039,0,,2,G63G,S13,POFYGDP,PT,O,OL,,"The Historical Public Debt Database contains unbalanced panel data on Gross Domestic Product, Gross Government Debt, and Debt to GDP Ratio for 187 countries. The series spans the years 1800 through 2015 although each country’s data depends on its date of independence and data availability.",,IMF,FAD,datahelp@imf.org,,,2,,EN,2025-03-31T19:17:04.754307100Z,2025-03-31T19:17:04.799278900Z,,,PUBLIC_OPEN,,PUB,,"Ali Abbas, S., Belhocine, N., ElGanainy, A., Horton, M., A Historical Public Debt Database, IMF Working Paper, International Monetary Fund, 2010, WP/10/245.","Ali Abbas, S., Belhocine, N., ElGanainy, A., Horton, M., A Historical Public Debt Database, IMF Working Paper, International Monetary Fund, 2010, WP/10/245.",© International Monetary Fund Copyright. All Rights Reserved. https://www.imf.org/external/terms.htm,"International Monetary Fund. 2024. Historical Public Debt (HPD), https://betadata.imf.org/en/datasets/IMF.FAD:HPD. Accessed on [current date].",,"Gross debt, General government, Percent of fiscal year GDP"
IMF.FAD:HPD(1.0.0),ITA,G63G_S13_POFYGDP,A,2014-01-01,132.528477563198,0,,2,G63G,S13,POFYGDP,PT,O,OL,,"The Historical Public Debt Database contains unbalanced panel data on Gross Domestic Product, Gross Government Debt, and Debt to GDP Ratio for 187 countries. The series spans the years 1800 through 2015 although each country’s data depends on its date of independence and data availability.",,IMF,FAD,datahelp@imf.org,,,2,,EN,2025-03-31T19:17:04.754307100Z,2025-03-31T19:17:04.799278900Z,,,PUBLIC_OPEN,,PUB,,"Ali Abbas, S., Belhocine, N., ElGanainy, A., Horton, M., A Historical Public Debt Database, IMF Working Paper, International Monetary Fund, 2010, WP/10/245.","Ali Abbas, S., Belhocine, N., ElGanainy, A., Horton, M., A Historical Public Debt Database, IMF Working Paper, International Monetary Fund, 2010, WP/10/245.",© International Monetary Fund Copyright. All Rights Reserved. https://www.imf.org/external/terms.htm,"International Monetary Fund. 2024. Historical Public Debt (HPD), https://betadata.imf.org/en/datasets/IMF.FAD:HPD. Accessed on [current date].",,"Gross debt, General government, Percent of fiscal year GDP"
IMF.FAD:HPD(1.0.0),DEU,G63G_S13_POFYGDP,A,2015-01-01,70.9881562374292,0,,2,G63G,S13,POFYGDP,PT,O,OL,,"The Historical Public Debt Database contains unbalanced panel data on Gross Domestic Product, Gross Government Debt, and Debt to GDP Ratio for 187 countries. The series spans the years 1800 through 2015 although each country’s data depends on its date of independence and data availability.",,IMF,FAD,datahelp@imf.org,,,2,,EN,2025-03-31T19:17:04.754307100Z,2025-03-31T19:17:04.799278900Z,,,PUBLIC_OPEN,,PUB,,"Ali Abbas, S., Belhocine, N., ElGanainy, A., Horton, M., A Historical Public Debt Database, IMF Working Paper, International Monetary Fund, 2010, WP/10/245.","Ali Abbas, S., Belhocine, N., ElGanainy, A., Horton, M., A Historical Public Debt Database, IMF Working Paper, International Monetary Fund, 2010, WP/10/245.",© International Monetary Fund Copyright. All Rights Reserved. https://www.imf.org/external/terms.htm,"International Monetary Fund. 2024. Historical Public Debt (HPD), https://betadata.imf.org/en/datasets/IMF.FAD:HPD. Accessed on [current date].",,"Gross debt, General government, Percent of fiscal year GDP"
IMF.FAD:HPD(1.0.0),ITA,G63G_S13_POFYGDP,A,2015-01-01,132.712549469192,0,,2,G63G,S13,POFYGDP,PT,O,OL,,"The Historical Public Debt Database contains unbalanced panel data on Gross Domestic Product, Gross Government Debt, and Debt to GDP Ratio for 187 countries. The series spans the years 1800 through 2015 although each country’s data depends on its date of independence and data availability.",,IMF,FAD,datahelp@imf.org,,,2,,EN,2025-03-31T19:17:04.754307100Z,2025-03-31T19:17:04.799278900Z,,,PUBLIC_OPEN,,PUB,,"Ali Abbas, S., Belhocine, N., ElGanainy, A., Horton, M., A Historical Public Debt Database, IMF Working Paper, International Monetary Fund, 2010, WP/10/245.","Ali Abbas, S., Belhocine, N., ElGanainy, A., Horton, M., A Historical Public Debt Database, IMF Working Paper, International Monetary Fund, 2010, WP/10/245.",© International Monetary Fund Copyright. All Rights Reserved. https://www.imf.org/external/terms.htm,"International Monetary Fund. 2024. Historical Public Debt (HPD), https://betadata.imf.org/en/datasets/IMF.FAD:HPD. Accessed on [current date].",,"Gross debt, General government, Percent of fiscal year GDP"
